user_id,month,plan,industry,company_size,acquisition_channel,country,sessions,features_used,support_tickets,nps_score,mrr,is_churned
U0001,2023-01-01,free,Finance,11-50,referral,France,5,1,1,,0,0
U0001,2023-02-01,free,Finance,11-50,referral,France,4,2,0,,0,0
U0001,2023-03-01,free,Finance,11-50,referral,France,2,1,1,,0,0
U0001,2023-04-01,free,Finance,11-50,referral,France,1,2,0,,0,0
U0001,2023-05-01,free,Finance,11-50,referral,France,2,3,0,6.0,0,0
U0001,2023-06-01,free,Finance,11-50,referral,France,3,1,1,,0,0
U0001,2023-07-01,free,Finance,11-50,referral,France,1,1,1,6.0,0,0
U0001,2023-08-01,free,Finance,11-50,referral,France,1,3,0,,0,0
U0001,2023-09-01,free,Finance,11-50,referral,France,3,2,0,,0,0
U0001,2023-10-01,free,Finance,11-50,referral,France,3,3,0,,0,0
U0001,2023-11-01,free,Finance,11-50,referral,France,3,1,0,5.0,0,0
U0001,2023-12-01,free,Finance,11-50,referral,France,1,1,0,7.0,0,0
U0002,2023-01-01,enterprise,Retail,51-200,paid_search,UK,38,10,0,4.0,399,0
U0002,2023-02-01,enterprise,Retail,51-200,paid_search,UK,36,10,0,8.0,399,0
U0002,2023-03-01,enterprise,Retail,51-200,paid_search,UK,48,10,0,,399,0
U0002,2023-04-01,enterprise,Retail,51-200,paid_search,UK,46,10,1,,399,0
U0002,2023-05-01,enterprise,Retail,51-200,paid_search,UK,34,10,2,,399,0
U0002,2023-06-01,enterprise,Retail,51-200,paid_search,UK,24,10,0,,399,0
U0002,2023-07-01,enterprise,Retail,51-200,paid_search,UK,29,10,1,,399,0
U0002,2023-08-01,enterprise,Retail,51-200,paid_search,UK,37,9,0,,399,0
U0002,2023-09-01,enterprise,Retail,51-200,paid_search,UK,13,10,0,,399,0
U0002,2023-10-01,enterprise,Retail,51-200,paid_search,UK,23,10,0,,399,0
U0002,2023-11-01,enterprise,Retail,51-200,paid_search,UK,38,10,0,7.0,399,0
U0002,2023-12-01,enterprise,Retail,51-200,paid_search,UK,48,10,1,,399,0
U0003,2023-01-01,pro,Healthcare,11-50,social,UK,19,5,0,,99,0
U0003,2023-02-01,pro,Healthcare,11-50,social,UK,13,4,1,,99,0
U0003,2023-03-01,pro,Healthcare,11-50,social,UK,18,6,1,,99,0
U0003,2023-04-01,pro,Healthcare,11-50,social,UK,22,4,0,,99,0
U0003,2023-05-01,pro,Healthcare,11-50,social,UK,8,5,0,,99,0
U0003,2023-06-01,pro,Healthcare,11-50,social,UK,20,5,1,,99,0
U0003,2023-07-01,pro,Healthcare,11-50,social,UK,19,4,0,,99,0
U0003,2023-08-01,pro,Healthcare,11-50,social,UK,20,6,1,,99,0
U0003,2023-09-01,pro,Healthcare,11-50,social,UK,22,3,0,,99,0
U0003,2023-10-01,pro,Healthcare,11-50,social,UK,25,4,0,,99,0
U0003,2023-11-01,pro,Healthcare,11-50,social,UK,16,7,1,,99,0
U0003,2023-12-01,pro,Healthcare,11-50,social,UK,27,8,0,7.0,99,0
U0004,2023-01-01,starter,Education,201-1000,organic,USA,11,1,0,,29,0
U0004,2023-02-01,starter,Education,201-1000,organic,USA,8,1,0,,29,0
U0004,2023-03-01,starter,Education,201-1000,organic,USA,6,1,0,,29,0
U0005,2023-01-01,free,SaaS,11-50,referral,USA,2,1,1,,0,0
U0005,2023-02-01,free,SaaS,11-50,referral,USA,3,3,2,,0,0
U0005,2023-03-01,free,SaaS,11-50,referral,USA,2,1,0,,0,0
U0005,2023-04-01,free,SaaS,11-50,referral,USA,3,1,0,,0,0
U0005,2023-05-01,free,SaaS,11-50,referral,USA,3,1,1,,0,0
U0005,2023-06-01,free,SaaS,11-50,referral,USA,2,1,0,,0,0
U0005,2023-07-01,free,SaaS,11-50,referral,USA,3,1,0,,0,0
U0005,2023-08-01,free,SaaS,11-50,referral,USA,4,1,2,,0,0
U0005,2023-09-01,free,SaaS,11-50,referral,USA,2,1,0,,0,0
U0005,2023-10-01,free,SaaS,11-50,referral,USA,2,2,1,,0,0
U0005,2023-11-01,free,SaaS,11-50,referral,USA,2,1,1,,0,0
U0005,2023-12-01,free,SaaS,11-50,referral,USA,2,1,2,,0,0
U0006,2023-01-01,free,Education,1000+,referral,Canada,2,1,0,7.0,0,0
U0006,2023-02-01,free,Education,1000+,referral,Canada,3,1,1,,0,0
U0006,2023-03-01,free,Education,1000+,referral,Canada,2,1,1,,0,0
U0007,2023-01-01,free,Retail,201-1000,organic,UK,3,1,0,,0,0
U0007,2023-02-01,free,Retail,201-1000,organic,UK,4,2,0,,0,0
U0007,2023-03-01,free,Retail,201-1000,organic,UK,2,1,0,,0,0
U0007,2023-04-01,free,Retail,201-1000,organic,UK,1,1,0,6.0,0,0
U0007,2023-05-01,free,Retail,201-1000,organic,UK,4,1,1,,0,0
U0007,2023-06-01,free,Retail,201-1000,organic,UK,3,2,0,5.0,0,0
U0007,2023-07-01,free,Retail,201-1000,organic,UK,3,4,1,,0,0
U0007,2023-08-01,free,Retail,201-1000,organic,UK,4,1,1,,0,0
U0007,2023-09-01,free,Retail,201-1000,organic,UK,3,1,1,,0,0
U0007,2023-10-01,free,Retail,201-1000,organic,UK,5,1,0,,0,0
U0007,2023-11-01,free,Retail,201-1000,organic,UK,3,1,1,,0,0
U0007,2023-12-01,free,Retail,201-1000,organic,UK,2,1,1,,0,0
U0008,2023-01-01,pro,Retail,1-10,organic,Australia,18,8,1,,99,0
U0008,2023-02-01,pro,Retail,1-10,organic,Australia,19,3,1,8.0,99,0
U0008,2023-03-01,pro,Retail,1-10,organic,Australia,15,6,0,,99,0
U0008,2023-04-01,pro,Retail,1-10,organic,Australia,18,4,0,9.0,99,0
U0008,2023-05-01,pro,Retail,1-10,organic,Australia,16,5,0,,99,0
U0008,2023-06-01,pro,Retail,1-10,organic,Australia,17,4,0,,99,0
U0008,2023-07-01,pro,Retail,1-10,organic,Australia,11,8,0,,99,0
U0008,2023-08-01,pro,Retail,1-10,organic,Australia,22,8,0,,99,0
U0008,2023-09-01,pro,Retail,1-10,organic,Australia,17,5,2,,99,0
U0008,2023-10-01,pro,Retail,1-10,organic,Australia,14,6,1,9.0,99,0
U0008,2023-11-01,pro,Retail,1-10,organic,Australia,25,3,0,,99,0
U0008,2023-12-01,pro,Retail,1-10,organic,Australia,12,6,1,,99,0
U0009,2023-01-01,starter,SaaS,201-1000,referral,USA,9,3,1,,29,0
U0009,2023-02-01,starter,SaaS,201-1000,referral,USA,8,3,1,,29,0
U0009,2023-03-01,starter,SaaS,201-1000,referral,USA,4,2,1,,29,0
U0009,2023-04-01,starter,SaaS,201-1000,referral,USA,7,2,0,,29,0
U0009,2023-05-01,starter,SaaS,201-1000,referral,USA,7,2,0,,29,0
U0009,2023-06-01,starter,SaaS,201-1000,referral,USA,10,2,0,,29,0
U0009,2023-07-01,starter,SaaS,201-1000,referral,USA,8,3,0,,29,0
U0009,2023-08-01,starter,SaaS,201-1000,referral,USA,10,1,2,,29,0
U0009,2023-09-01,starter,SaaS,201-1000,referral,USA,7,1,0,,29,0
U0009,2023-10-01,starter,SaaS,201-1000,referral,USA,11,3,1,,29,0
U0009,2023-11-01,starter,SaaS,201-1000,referral,USA,7,3,1,,29,0
U0009,2023-12-01,starter,SaaS,201-1000,referral,USA,11,1,0,,29,0
U0010,2023-01-01,pro,Ecommerce,1-10,referral,USA,17,5,1,,99,0
U0010,2023-02-01,pro,Ecommerce,1-10,referral,USA,18,5,1,,99,0
U0010,2023-03-01,pro,Ecommerce,1-10,referral,USA,27,4,0,,99,0
U0011,2023-01-01,free,SaaS,201-1000,organic,UK,2,1,0,,0,0
U0011,2023-02-01,free,SaaS,201-1000,organic,UK,3,1,1,,0,0
U0011,2023-03-01,free,SaaS,201-1000,organic,UK,1,1,0,,0,0
U0011,2023-04-01,free,SaaS,201-1000,organic,UK,2,1,1,,0,0
U0011,2023-05-01,free,SaaS,201-1000,organic,UK,3,2,0,,0,0
U0011,2023-06-01,free,SaaS,201-1000,organic,UK,2,1,1,,0,0
U0011,2023-07-01,free,SaaS,201-1000,organic,UK,3,1,1,,0,0
U0011,2023-08-01,free,SaaS,201-1000,organic,UK,2,1,2,,0,0
U0011,2023-09-01,free,SaaS,201-1000,organic,UK,2,2,0,5.0,0,0
U0011,2023-10-01,free,SaaS,201-1000,organic,UK,2,1,1,,0,0
U0011,2023-11-01,free,SaaS,201-1000,organic,UK,2,2,1,,0,0
U0011,2023-12-01,free,SaaS,201-1000,organic,UK,1,2,3,,0,0
U0012,2023-01-01,enterprise,Finance,11-50,referral,USA,18,10,0,,399,0
U0012,2023-02-01,enterprise,Finance,11-50,referral,USA,23,10,0,,399,0
U0012,2023-03-01,enterprise,Finance,11-50,referral,USA,36,10,0,,399,0
U0012,2023-04-01,enterprise,Finance,11-50,referral,USA,23,10,0,,399,0
U0013,2023-01-01,pro,Healthcare,201-1000,paid_search,USA,20,5,0,,99,0
U0013,2023-02-01,pro,Healthcare,201-1000,paid_search,USA,18,6,1,,99,0
U0013,2023-03-01,pro,Healthcare,201-1000,paid_search,USA,8,5,1,,99,0
U0013,2023-04-01,pro,Healthcare,201-1000,paid_search,USA,24,6,1,,99,0
U0013,2023-05-01,pro,Healthcare,201-1000,paid_search,USA,18,3,0,,99,0
U0013,2023-06-01,pro,Healthcare,201-1000,paid_search,USA,11,6,0,,99,0
U0013,2023-07-01,pro,Healthcare,201-1000,paid_search,USA,25,6,0,5.0,99,0
U0013,2023-08-01,pro,Healthcare,201-1000,paid_search,USA,2,6,3,,99,0
U0013,2023-09-01,pro,Healthcare,201-1000,paid_search,USA,26,6,0,4.0,99,0
U0013,2023-10-01,pro,Healthcare,201-1000,paid_search,USA,13,7,1,,99,0
U0013,2023-11-01,pro,Healthcare,201-1000,paid_search,USA,16,4,1,8.0,99,0
U0013,2023-12-01,pro,Healthcare,201-1000,paid_search,USA,10,4,1,,99,0
U0014,2023-01-01,free,Ecommerce,201-1000,referral,India,2,1,0,,0,0
U0014,2023-02-01,free,Ecommerce,201-1000,referral,India,3,1,1,5.0,0,0
U0014,2023-03-01,free,Ecommerce,201-1000,referral,India,3,1,1,,0,0
U0014,2023-04-01,free,Ecommerce,201-1000,referral,India,3,1,1,,0,0
U0014,2023-05-01,free,Ecommerce,201-1000,referral,India,2,2,0,,0,0
U0014,2023-06-01,free,Ecommerce,201-1000,referral,India,4,1,1,,0,0
U0014,2023-07-01,free,Ecommerce,201-1000,referral,India,1,1,0,,0,0
U0014,2023-08-01,free,Ecommerce,201-1000,referral,India,3,3,2,,0,0
U0014,2023-09-01,free,Ecommerce,201-1000,referral,India,3,1,0,,0,0
U0014,2023-10-01,free,Ecommerce,201-1000,referral,India,2,2,0,,0,0
U0014,2023-11-01,free,Ecommerce,201-1000,referral,India,3,3,2,,0,0
U0014,2023-12-01,free,Ecommerce,201-1000,referral,India,2,1,0,,0,0
U0015,2023-01-01,free,SaaS,201-1000,organic,USA,4,2,1,,0,0
U0016,2023-01-01,free,Education,51-200,social,Canada,3,1,0,,0,0
U0016,2023-02-01,free,Education,51-200,social,Canada,2,1,0,,0,0
U0016,2023-03-01,free,Education,51-200,social,Canada,1,1,3,,0,0
U0016,2023-04-01,free,Education,51-200,social,Canada,3,3,1,7.0,0,0
U0016,2023-05-01,free,Education,51-200,social,Canada,2,1,0,,0,0
U0016,2023-06-01,free,Education,51-200,social,Canada,3,1,0,2.0,0,0
U0017,2023-01-01,free,Ecommerce,11-50,organic,USA,4,1,1,6.0,0,0
U0018,2023-01-01,starter,Ecommerce,1-10,paid_search,USA,7,1,0,,29,0
U0018,2023-02-01,starter,Ecommerce,1-10,paid_search,USA,9,3,0,,29,0
U0018,2023-03-01,starter,Ecommerce,1-10,paid_search,USA,4,4,1,,29,0
U0018,2023-04-01,starter,Ecommerce,1-10,paid_search,USA,9,3,2,,29,0
U0018,2023-05-01,starter,Ecommerce,1-10,paid_search,USA,5,3,3,7.0,29,0
U0018,2023-06-01,starter,Ecommerce,1-10,paid_search,USA,6,1,0,,29,0
U0018,2023-07-01,starter,Ecommerce,1-10,paid_search,USA,7,1,1,,29,0
U0018,2023-08-01,starter,Ecommerce,1-10,paid_search,USA,10,1,2,,29,0
U0018,2023-09-01,starter,Ecommerce,1-10,paid_search,USA,7,3,0,,29,0
U0018,2023-10-01,starter,Ecommerce,1-10,paid_search,USA,5,2,1,,29,0
U0018,2023-11-01,starter,Ecommerce,1-10,paid_search,USA,10,1,2,,29,0
U0018,2023-12-01,starter,Ecommerce,1-10,paid_search,USA,4,3,0,,29,0
U0019,2023-01-01,starter,SaaS,11-50,organic,USA,9,3,0,,29,0
U0019,2023-02-01,starter,SaaS,11-50,organic,USA,3,1,0,5.0,29,0
U0019,2023-03-01,starter,SaaS,11-50,organic,USA,8,1,1,,29,0
U0019,2023-04-01,starter,SaaS,11-50,organic,USA,9,4,1,,29,0
U0019,2023-05-01,starter,SaaS,11-50,organic,USA,5,2,0,,29,0
U0019,2023-06-01,starter,SaaS,11-50,organic,USA,8,3,0,6.0,29,0
U0019,2023-07-01,starter,SaaS,11-50,organic,USA,11,3,1,,29,0
U0019,2023-08-01,starter,SaaS,11-50,organic,USA,10,4,0,,29,0
U0020,2023-01-01,free,Ecommerce,1-10,organic,Australia,1,1,0,,0,0
U0020,2023-02-01,free,Ecommerce,1-10,organic,Australia,2,1,2,,0,0
U0020,2023-03-01,free,Ecommerce,1-10,organic,Australia,2,1,1,,0,0
U0020,2023-04-01,free,Ecommerce,1-10,organic,Australia,2,1,0,,0,0
U0020,2023-05-01,free,Ecommerce,1-10,organic,Australia,2,1,1,,0,0
U0021,2023-01-01,starter,Education,51-200,paid_search,USA,8,2,2,,29,0
U0021,2023-02-01,starter,Education,51-200,paid_search,USA,9,2,1,4.0,29,0
U0021,2023-03-01,starter,Education,51-200,paid_search,USA,6,4,1,,29,0
U0021,2023-04-01,starter,Education,51-200,paid_search,USA,4,3,0,,29,0
U0021,2023-05-01,starter,Education,51-200,paid_search,USA,10,3,1,,29,0
U0021,2023-06-01,starter,Education,51-200,paid_search,USA,5,3,1,,29,0
U0021,2023-07-01,starter,Education,51-200,paid_search,USA,11,1,0,,29,0
U0021,2023-08-01,starter,Education,51-200,paid_search,USA,8,3,0,6.0,29,0
U0021,2023-09-01,starter,Education,51-200,paid_search,USA,7,1,1,,29,0
U0021,2023-10-01,starter,Education,51-200,paid_search,USA,10,3,0,,29,0
U0021,2023-11-01,starter,Education,51-200,paid_search,USA,7,1,0,,29,0
U0021,2023-12-01,starter,Education,51-200,paid_search,USA,8,1,3,,29,0
U0022,2023-01-01,free,Retail,11-50,organic,India,2,1,0,,0,0
U0022,2023-02-01,free,Retail,11-50,organic,India,2,1,0,,0,0
U0022,2023-03-01,free,Retail,11-50,organic,India,2,1,2,5.0,0,0
U0023,2023-01-01,free,Ecommerce,1000+,social,USA,3,1,1,,0,0
U0023,2023-02-01,free,Ecommerce,1000+,social,USA,2,1,0,,0,0
U0024,2023-01-01,free,Retail,51-200,organic,India,3,1,1,,0,0
U0024,2023-02-01,free,Retail,51-200,organic,India,3,1,0,,0,0
U0024,2023-03-01,free,Retail,51-200,organic,India,2,1,0,5.0,0,0
U0024,2023-04-01,free,Retail,51-200,organic,India,3,1,1,,0,0
U0024,2023-05-01,free,Retail,51-200,organic,India,4,1,1,7.0,0,0
U0025,2023-01-01,starter,Education,201-1000,paid_search,USA,10,1,0,,29,0
U0025,2023-02-01,starter,Education,201-1000,paid_search,USA,12,2,0,,29,0
U0025,2023-03-01,starter,Education,201-1000,paid_search,USA,6,1,2,,29,0
U0025,2023-04-01,starter,Education,201-1000,paid_search,USA,6,5,1,,29,0
U0025,2023-05-01,starter,Education,201-1000,paid_search,USA,7,2,1,,29,0
U0025,2023-06-01,starter,Education,201-1000,paid_search,USA,12,2,1,,29,0
U0025,2023-07-01,starter,Education,201-1000,paid_search,USA,8,2,0,,29,0
U0025,2023-08-01,starter,Education,201-1000,paid_search,USA,9,5,0,,29,0
U0025,2023-09-01,starter,Education,201-1000,paid_search,USA,5,5,1,,29,0
U0025,2023-10-01,starter,Education,201-1000,paid_search,USA,8,3,0,,29,0
U0025,2023-11-01,starter,Education,201-1000,paid_search,USA,9,1,0,,29,0
U0025,2023-12-01,starter,Education,201-1000,paid_search,USA,4,3,2,,29,0
U0026,2023-01-01,pro,SaaS,1-10,organic,Germany,16,5,0,,99,0
U0026,2023-02-01,pro,SaaS,1-10,organic,Germany,22,7,0,,99,0
U0026,2023-03-01,pro,SaaS,1-10,organic,Germany,10,5,0,,99,0
U0026,2023-04-01,pro,SaaS,1-10,organic,Germany,11,4,0,,99,0
U0026,2023-05-01,pro,SaaS,1-10,organic,Germany,16,5,2,,99,0
U0026,2023-06-01,pro,SaaS,1-10,organic,Germany,24,5,1,,99,0
U0026,2023-07-01,pro,SaaS,1-10,organic,Germany,17,8,2,,99,0
U0026,2023-08-01,pro,SaaS,1-10,organic,Germany,14,6,2,,99,0
U0026,2023-09-01,pro,SaaS,1-10,organic,Germany,18,4,1,8.0,99,0
U0026,2023-10-01,pro,SaaS,1-10,organic,Germany,18,2,1,,99,0
U0026,2023-11-01,pro,SaaS,1-10,organic,Germany,29,5,0,,99,0
U0026,2023-12-01,pro,SaaS,1-10,organic,Germany,26,6,0,,99,0
U0027,2023-01-01,free,Healthcare,201-1000,organic,Canada,3,1,0,,0,0
U0027,2023-02-01,free,Healthcare,201-1000,organic,Canada,2,1,1,6.0,0,0
U0027,2023-03-01,free,Healthcare,201-1000,organic,Canada,2,1,0,,0,0
U0027,2023-04-01,free,Healthcare,201-1000,organic,Canada,3,1,0,,0,0
U0028,2023-01-01,starter,Ecommerce,201-1000,organic,France,10,1,0,,29,0
U0028,2023-02-01,starter,Ecommerce,201-1000,organic,France,9,3,0,,29,0
U0028,2023-03-01,starter,Ecommerce,201-1000,organic,France,7,1,0,,29,0
U0028,2023-04-01,starter,Ecommerce,201-1000,organic,France,8,1,2,,29,0
U0028,2023-05-01,starter,Ecommerce,201-1000,organic,France,10,2,1,,29,0
U0028,2023-06-01,starter,Ecommerce,201-1000,organic,France,7,4,0,,29,0
U0028,2023-07-01,starter,Ecommerce,201-1000,organic,France,9,1,1,4.0,29,0
U0028,2023-08-01,starter,Ecommerce,201-1000,organic,France,6,3,1,,29,0
U0028,2023-09-01,starter,Ecommerce,201-1000,organic,France,3,1,0,,29,0
U0028,2023-10-01,starter,Ecommerce,201-1000,organic,France,6,3,0,,29,0
U0028,2023-11-01,starter,Ecommerce,201-1000,organic,France,5,3,0,,29,0
U0029,2023-01-01,starter,Healthcare,11-50,paid_search,USA,3,3,0,,29,0
U0029,2023-02-01,starter,Healthcare,11-50,paid_search,USA,7,2,0,,29,0
U0029,2023-03-01,starter,Healthcare,11-50,paid_search,USA,4,2,2,,29,0
U0029,2023-04-01,starter,Healthcare,11-50,paid_search,USA,8,2,0,6.0,29,0
U0029,2023-05-01,starter,Healthcare,11-50,paid_search,USA,9,3,1,,29,0
U0029,2023-06-01,starter,Healthcare,11-50,paid_search,USA,11,1,1,5.0,29,0
U0029,2023-07-01,starter,Healthcare,11-50,paid_search,USA,5,4,1,6.0,29,0
U0029,2023-08-01,starter,Healthcare,11-50,paid_search,USA,6,3,1,,29,0
U0029,2023-09-01,starter,Healthcare,11-50,paid_search,USA,10,6,0,7.0,29,0
U0029,2023-10-01,starter,Healthcare,11-50,paid_search,USA,10,2,0,,29,0
U0029,2023-11-01,starter,Healthcare,11-50,paid_search,USA,8,2,0,,29,0
U0030,2023-01-01,free,Education,51-200,paid_search,USA,1,1,0,,0,0
U0030,2023-02-01,free,Education,51-200,paid_search,USA,2,4,0,,0,0
U0030,2023-03-01,free,Education,51-200,paid_search,USA,4,1,0,,0,0
U0031,2023-01-01,starter,Ecommerce,51-200,paid_search,USA,9,1,0,7.0,29,0
U0031,2023-02-01,starter,Ecommerce,51-200,paid_search,USA,10,3,2,,29,0
U0031,2023-03-01,starter,Ecommerce,51-200,paid_search,USA,6,5,2,,29,0
U0031,2023-04-01,starter,Ecommerce,51-200,paid_search,USA,5,1,0,,29,0
U0031,2023-05-01,starter,Ecommerce,51-200,paid_search,USA,3,1,2,,29,0
U0031,2023-06-01,starter,Ecommerce,51-200,paid_search,USA,8,1,1,,29,0
U0031,2023-07-01,starter,Ecommerce,51-200,paid_search,USA,5,3,2,,29,0
U0031,2023-08-01,starter,Ecommerce,51-200,paid_search,USA,4,2,0,,29,0
U0031,2023-09-01,starter,Ecommerce,51-200,paid_search,USA,10,3,2,,29,0
U0031,2023-10-01,starter,Ecommerce,51-200,paid_search,USA,9,4,0,,29,0
U0031,2023-11-01,starter,Ecommerce,51-200,paid_search,USA,7,1,0,,29,0
U0032,2023-01-01,free,Retail,1-10,paid_search,Australia,4,2,2,5.0,0,0
U0032,2023-02-01,free,Retail,1-10,paid_search,Australia,3,1,1,,0,0
U0032,2023-03-01,free,Retail,1-10,paid_search,Australia,4,1,0,,0,0
U0032,2023-04-01,free,Retail,1-10,paid_search,Australia,2,1,0,,0,0
U0032,2023-05-01,free,Retail,1-10,paid_search,Australia,3,1,2,,0,0
U0032,2023-06-01,free,Retail,1-10,paid_search,Australia,4,1,1,,0,0
U0032,2023-07-01,free,Retail,1-10,paid_search,Australia,2,2,1,5.0,0,0
U0032,2023-08-01,free,Retail,1-10,paid_search,Australia,3,1,0,,0,0
U0032,2023-09-01,free,Retail,1-10,paid_search,Australia,2,1,0,,0,0
U0032,2023-10-01,free,Retail,1-10,paid_search,Australia,2,2,1,,0,0
U0032,2023-11-01,free,Retail,1-10,paid_search,Australia,3,1,1,6.0,0,0
U0032,2023-12-01,free,Retail,1-10,paid_search,Australia,5,1,0,,0,0
U0033,2023-01-01,free,Finance,11-50,paid_search,Canada,2,1,0,,0,0
U0033,2023-02-01,free,Finance,11-50,paid_search,Canada,2,1,1,,0,0
U0033,2023-03-01,free,Finance,11-50,paid_search,Canada,3,1,1,,0,0
U0033,2023-04-01,free,Finance,11-50,paid_search,Canada,2,1,2,5.0,0,0
U0033,2023-05-01,free,Finance,11-50,paid_search,Canada,3,1,3,,0,0
U0033,2023-06-01,free,Finance,11-50,paid_search,Canada,2,1,0,,0,0
U0033,2023-07-01,free,Finance,11-50,paid_search,Canada,1,2,0,,0,0
U0033,2023-08-01,free,Finance,11-50,paid_search,Canada,1,2,2,7.0,0,0
U0033,2023-09-01,free,Finance,11-50,paid_search,Canada,3,1,1,,0,0
U0033,2023-10-01,free,Finance,11-50,paid_search,Canada,3,2,1,,0,0
U0034,2023-01-01,enterprise,Healthcare,11-50,organic,India,56,10,1,,399,0
U0034,2023-02-01,enterprise,Healthcare,11-50,organic,India,46,10,0,,399,0
U0034,2023-03-01,enterprise,Healthcare,11-50,organic,India,33,10,0,,399,0
U0034,2023-04-01,enterprise,Healthcare,11-50,organic,India,42,10,1,,399,0
U0034,2023-05-01,enterprise,Healthcare,11-50,organic,India,30,10,1,,399,0
U0034,2023-06-01,enterprise,Healthcare,11-50,organic,India,32,9,1,,399,0
U0034,2023-07-01,enterprise,Healthcare,11-50,organic,India,32,10,1,,399,0
U0034,2023-08-01,enterprise,Healthcare,11-50,organic,India,36,10,0,,399,0
U0034,2023-09-01,enterprise,Healthcare,11-50,organic,India,36,10,0,,399,0
U0034,2023-10-01,enterprise,Healthcare,11-50,organic,India,30,10,2,,399,0
U0034,2023-11-01,enterprise,Healthcare,11-50,organic,India,27,10,0,5.0,399,0
U0034,2023-12-01,enterprise,Healthcare,11-50,organic,India,44,9,1,,399,0
U0035,2023-01-01,enterprise,Ecommerce,1-10,paid_search,USA,26,10,1,,399,0
U0035,2023-02-01,enterprise,Ecommerce,1-10,paid_search,USA,37,10,0,,399,0
U0035,2023-03-01,enterprise,Ecommerce,1-10,paid_search,USA,35,10,0,,399,0
U0035,2023-04-01,enterprise,Ecommerce,1-10,paid_search,USA,34,9,1,,399,0
U0035,2023-05-01,enterprise,Ecommerce,1-10,paid_search,USA,18,10,0,,399,0
U0035,2023-06-01,enterprise,Ecommerce,1-10,paid_search,USA,31,10,0,,399,0
U0035,2023-07-01,enterprise,Ecommerce,1-10,paid_search,USA,32,10,0,,399,0
U0035,2023-08-01,enterprise,Ecommerce,1-10,paid_search,USA,31,10,1,,399,0
U0035,2023-09-01,enterprise,Ecommerce,1-10,paid_search,USA,41,10,0,,399,0
U0035,2023-10-01,enterprise,Ecommerce,1-10,paid_search,USA,27,10,1,6.0,399,0
U0035,2023-11-01,enterprise,Ecommerce,1-10,paid_search,USA,46,10,1,7.0,399,0
U0035,2023-12-01,enterprise,Ecommerce,1-10,paid_search,USA,42,10,0,,399,0
U0036,2023-01-01,pro,Healthcare,11-50,direct,USA,17,3,0,,99,0
U0036,2023-02-01,pro,Healthcare,11-50,direct,USA,17,4,0,,99,0
U0036,2023-03-01,pro,Healthcare,11-50,direct,USA,13,8,0,,99,0
U0036,2023-04-01,pro,Healthcare,11-50,direct,USA,13,4,0,,99,0
U0036,2023-05-01,pro,Healthcare,11-50,direct,USA,25,4,1,,99,0
U0036,2023-06-01,pro,Healthcare,11-50,direct,USA,20,6,0,,99,0
U0036,2023-07-01,pro,Healthcare,11-50,direct,USA,16,6,1,,99,0
U0036,2023-08-01,pro,Healthcare,11-50,direct,USA,21,5,1,,99,0
U0036,2023-09-01,pro,Healthcare,11-50,direct,USA,13,7,0,,99,0
U0036,2023-10-01,pro,Healthcare,11-50,direct,USA,23,9,1,,99,0
U0036,2023-11-01,pro,Healthcare,11-50,direct,USA,21,6,0,,99,0
U0036,2023-12-01,pro,Healthcare,11-50,direct,USA,19,5,0,,99,0
U0037,2023-01-01,free,Ecommerce,1-10,paid_search,USA,2,1,0,,0,0
U0037,2023-02-01,free,Ecommerce,1-10,paid_search,USA,2,1,2,,0,0
U0037,2023-03-01,free,Ecommerce,1-10,paid_search,USA,3,1,1,,0,0
U0037,2023-04-01,free,Ecommerce,1-10,paid_search,USA,2,1,1,,0,0
U0037,2023-05-01,free,Ecommerce,1-10,paid_search,USA,2,1,0,,0,0
U0037,2023-06-01,free,Ecommerce,1-10,paid_search,USA,3,1,0,,0,0
U0037,2023-07-01,free,Ecommerce,1-10,paid_search,USA,2,1,0,,0,0
U0037,2023-08-01,free,Ecommerce,1-10,paid_search,USA,2,1,1,,0,0
U0037,2023-09-01,free,Ecommerce,1-10,paid_search,USA,3,1,0,,0,0
U0037,2023-10-01,free,Ecommerce,1-10,paid_search,USA,2,1,1,3.0,0,0
U0037,2023-11-01,free,Ecommerce,1-10,paid_search,USA,3,4,0,,0,0
U0037,2023-12-01,free,Ecommerce,1-10,paid_search,USA,3,1,1,,0,0
U0038,2023-01-01,free,SaaS,1-10,referral,Other,1,2,1,,0,0
U0038,2023-02-01,free,SaaS,1-10,referral,Other,3,1,1,,0,0
U0038,2023-03-01,free,SaaS,1-10,referral,Other,3,2,2,,0,0
U0039,2023-01-01,starter,Retail,1-10,organic,Germany,7,3,1,6.0,29,0
U0039,2023-02-01,starter,Retail,1-10,organic,Germany,6,1,1,,29,0
U0039,2023-03-01,starter,Retail,1-10,organic,Germany,6,2,0,3.0,29,0
U0039,2023-04-01,starter,Retail,1-10,organic,Germany,7,1,2,,29,0
U0039,2023-05-01,starter,Retail,1-10,organic,Germany,6,4,2,6.0,29,0
U0039,2023-06-01,starter,Retail,1-10,organic,Germany,4,1,1,6.0,29,0
U0039,2023-07-01,starter,Retail,1-10,organic,Germany,10,1,0,,29,0
U0039,2023-08-01,starter,Retail,1-10,organic,Germany,5,2,0,,29,0
U0039,2023-09-01,starter,Retail,1-10,organic,Germany,9,2,0,,29,0
U0039,2023-10-01,starter,Retail,1-10,organic,Germany,5,2,1,,29,0
U0039,2023-11-01,starter,Retail,1-10,organic,Germany,2,2,1,,29,0
U0039,2023-12-01,starter,Retail,1-10,organic,Germany,10,1,1,5.0,29,0
U0040,2023-01-01,starter,Healthcare,1000+,referral,Other,7,1,0,,29,0
U0040,2023-02-01,starter,Healthcare,1000+,referral,Other,3,1,0,,29,0
U0042,2023-01-01,starter,Finance,1000+,paid_search,Canada,5,2,0,,29,0
U0042,2023-02-01,starter,Finance,1000+,paid_search,Canada,7,5,3,,29,0
U0042,2023-03-01,starter,Finance,1000+,paid_search,Canada,9,1,0,,29,0
U0042,2023-04-01,starter,Finance,1000+,paid_search,Canada,10,2,1,,29,0
U0042,2023-05-01,starter,Finance,1000+,paid_search,Canada,4,1,1,,29,0
U0042,2023-06-01,starter,Finance,1000+,paid_search,Canada,8,2,0,,29,0
U0042,2023-07-01,starter,Finance,1000+,paid_search,Canada,9,2,1,,29,0
U0042,2023-08-01,starter,Finance,1000+,paid_search,Canada,8,1,0,,29,0
U0042,2023-09-01,starter,Finance,1000+,paid_search,Canada,9,2,1,,29,0
U0042,2023-10-01,starter,Finance,1000+,paid_search,Canada,7,4,0,,29,0
U0042,2023-11-01,starter,Finance,1000+,paid_search,Canada,10,1,0,,29,0
U0042,2023-12-01,starter,Finance,1000+,paid_search,Canada,6,1,0,,29,0
U0043,2023-01-01,free,Education,11-50,direct,Germany,2,1,2,,0,0
U0043,2023-02-01,free,Education,11-50,direct,Germany,2,1,0,,0,0
U0043,2023-03-01,free,Education,11-50,direct,Germany,3,1,1,,0,0
U0043,2023-04-01,free,Education,11-50,direct,Germany,2,1,0,,0,0
U0043,2023-05-01,free,Education,11-50,direct,Germany,1,3,1,,0,0
U0043,2023-06-01,free,Education,11-50,direct,Germany,2,1,0,,0,0
U0043,2023-07-01,free,Education,11-50,direct,Germany,1,2,0,,0,0
U0043,2023-08-01,free,Education,11-50,direct,Germany,2,1,0,,0,0
U0043,2023-09-01,free,Education,11-50,direct,Germany,3,1,2,,0,0
U0043,2023-10-01,free,Education,11-50,direct,Germany,2,1,1,,0,0
U0043,2023-11-01,free,Education,11-50,direct,Germany,2,1,1,,0,0
U0043,2023-12-01,free,Education,11-50,direct,Germany,3,1,1,,0,0
U0044,2023-01-01,enterprise,Ecommerce,11-50,organic,USA,27,10,1,,399,0
U0044,2023-02-01,enterprise,Ecommerce,11-50,organic,USA,39,9,0,,399,0
U0044,2023-03-01,enterprise,Ecommerce,11-50,organic,USA,51,10,1,7.0,399,0
U0044,2023-04-01,enterprise,Ecommerce,11-50,organic,USA,20,10,0,,399,0
U0044,2023-05-01,enterprise,Ecommerce,11-50,organic,USA,38,10,1,,399,0
U0044,2023-06-01,enterprise,Ecommerce,11-50,organic,USA,33,10,0,,399,0
U0044,2023-07-01,enterprise,Ecommerce,11-50,organic,USA,19,10,0,,399,0
U0045,2023-01-01,free,Healthcare,11-50,organic,Australia,4,1,1,,0,0
U0045,2023-02-01,free,Healthcare,11-50,organic,Australia,2,1,0,,0,0
U0045,2023-03-01,free,Healthcare,11-50,organic,Australia,3,2,3,6.0,0,0
U0045,2023-04-01,free,Healthcare,11-50,organic,Australia,2,1,1,,0,0
U0045,2023-05-01,free,Healthcare,11-50,organic,Australia,4,1,0,,0,0
U0045,2023-06-01,free,Healthcare,11-50,organic,Australia,4,1,0,,0,0
U0045,2023-07-01,free,Healthcare,11-50,organic,Australia,2,1,1,,0,0
U0045,2023-08-01,free,Healthcare,11-50,organic,Australia,3,2,2,5.0,0,0
U0045,2023-09-01,free,Healthcare,11-50,organic,Australia,3,4,1,,0,0
U0046,2023-01-01,starter,Education,11-50,referral,Other,8,2,0,,29,0
U0046,2023-02-01,starter,Education,11-50,referral,Other,7,2,0,,29,0
U0046,2023-03-01,starter,Education,11-50,referral,Other,6,5,0,,29,0
U0046,2023-04-01,starter,Education,11-50,referral,Other,8,5,0,,29,0
U0046,2023-05-01,starter,Education,11-50,referral,Other,7,1,0,,29,0
U0046,2023-06-01,starter,Education,11-50,referral,Other,7,2,2,,29,0
U0046,2023-07-01,starter,Education,11-50,referral,Other,5,2,0,6.0,29,0
U0047,2023-01-01,free,Healthcare,1-10,social,France,2,2,2,,0,0
U0047,2023-02-01,free,Healthcare,1-10,social,France,3,1,2,,0,0
U0047,2023-03-01,free,Healthcare,1-10,social,France,2,1,0,,0,0
U0047,2023-04-01,free,Healthcare,1-10,social,France,2,1,1,,0,0
U0047,2023-05-01,free,Healthcare,1-10,social,France,3,1,1,4.0,0,0
U0047,2023-06-01,free,Healthcare,1-10,social,France,3,2,0,,0,0
U0047,2023-07-01,free,Healthcare,1-10,social,France,3,1,2,,0,0
U0047,2023-08-01,free,Healthcare,1-10,social,France,3,1,1,,0,0
U0047,2023-09-01,free,Healthcare,1-10,social,France,2,2,0,,0,0
U0047,2023-10-01,free,Healthcare,1-10,social,France,3,1,1,,0,0
U0047,2023-11-01,free,Healthcare,1-10,social,France,2,1,2,,0,0
U0047,2023-12-01,free,Healthcare,1-10,social,France,2,3,1,,0,0
U0048,2023-01-01,starter,Ecommerce,51-200,organic,India,6,2,1,,29,0
U0048,2023-02-01,starter,Ecommerce,51-200,organic,India,2,3,1,,29,0
U0048,2023-03-01,starter,Ecommerce,51-200,organic,India,6,2,0,,29,0
U0048,2023-04-01,starter,Ecommerce,51-200,organic,India,9,1,0,,29,0
U0048,2023-05-01,starter,Ecommerce,51-200,organic,India,4,1,1,,29,0
U0048,2023-06-01,starter,Ecommerce,51-200,organic,India,6,3,2,6.0,29,0
U0048,2023-07-01,starter,Ecommerce,51-200,organic,India,7,3,0,,29,0
U0049,2023-01-01,starter,Finance,1-10,organic,USA,7,1,2,,29,0
U0049,2023-02-01,starter,Finance,1-10,organic,USA,3,3,0,,29,0
U0049,2023-03-01,starter,Finance,1-10,organic,USA,8,2,2,,29,0
U0049,2023-04-01,starter,Finance,1-10,organic,USA,6,2,0,,29,0
U0049,2023-05-01,starter,Finance,1-10,organic,USA,6,1,1,,29,0
U0049,2023-06-01,starter,Finance,1-10,organic,USA,6,1,1,,29,0
U0049,2023-07-01,starter,Finance,1-10,organic,USA,7,2,0,,29,0
U0049,2023-08-01,starter,Finance,1-10,organic,USA,8,2,1,6.0,29,0
U0049,2023-09-01,starter,Finance,1-10,organic,USA,5,7,0,,29,0
U0049,2023-10-01,starter,Finance,1-10,organic,USA,8,2,0,,29,0
U0049,2023-11-01,starter,Finance,1-10,organic,USA,8,1,1,,29,0
U0049,2023-12-01,starter,Finance,1-10,organic,USA,7,4,0,,29,0
U0050,2023-01-01,free,SaaS,51-200,organic,USA,2,1,0,,0,0
U0051,2023-01-01,enterprise,Finance,51-200,organic,Other,20,10,0,,399,0
U0051,2023-02-01,enterprise,Finance,51-200,organic,Other,34,10,0,,399,0
U0051,2023-03-01,enterprise,Finance,51-200,organic,Other,36,10,0,,399,0
U0051,2023-04-01,enterprise,Finance,51-200,organic,Other,21,8,0,7.0,399,0
U0051,2023-05-01,enterprise,Finance,51-200,organic,Other,39,10,1,,399,0
U0051,2023-06-01,enterprise,Finance,51-200,organic,Other,16,10,0,,399,0
U0051,2023-07-01,enterprise,Finance,51-200,organic,Other,33,10,0,,399,0
U0051,2023-08-01,enterprise,Finance,51-200,organic,Other,40,10,2,,399,0
U0051,2023-09-01,enterprise,Finance,51-200,organic,Other,55,8,1,,399,0
U0051,2023-10-01,enterprise,Finance,51-200,organic,Other,21,10,1,,399,0
U0051,2023-11-01,enterprise,Finance,51-200,organic,Other,25,10,0,,399,0
U0051,2023-12-01,enterprise,Finance,51-200,organic,Other,26,10,0,,399,0
U0052,2023-01-01,pro,Education,1-10,referral,USA,27,6,0,10.0,99,0
U0053,2023-01-01,enterprise,Retail,1-10,paid_search,India,25,9,0,,399,0
U0053,2023-02-01,enterprise,Retail,1-10,paid_search,India,38,10,0,,399,0
U0053,2023-03-01,enterprise,Retail,1-10,paid_search,India,43,9,0,,399,0
U0053,2023-04-01,enterprise,Retail,1-10,paid_search,India,22,10,0,,399,0
U0053,2023-05-01,enterprise,Retail,1-10,paid_search,India,22,10,0,,399,0
U0053,2023-06-01,enterprise,Retail,1-10,paid_search,India,48,10,0,,399,0
U0053,2023-07-01,enterprise,Retail,1-10,paid_search,India,30,10,0,3.0,399,0
U0053,2023-08-01,enterprise,Retail,1-10,paid_search,India,48,10,0,,399,0
U0053,2023-09-01,enterprise,Retail,1-10,paid_search,India,33,10,0,,399,0
U0053,2023-10-01,enterprise,Retail,1-10,paid_search,India,28,10,0,,399,0
U0053,2023-11-01,enterprise,Retail,1-10,paid_search,India,40,10,0,,399,0
U0053,2023-12-01,enterprise,Retail,1-10,paid_search,India,9,10,0,,399,0
U0054,2023-01-01,pro,SaaS,51-200,organic,India,10,5,0,,99,0
U0054,2023-02-01,pro,SaaS,51-200,organic,India,16,7,0,,99,0
U0054,2023-03-01,pro,SaaS,51-200,organic,India,24,8,0,,99,0
U0055,2023-01-01,starter,Education,11-50,paid_search,Germany,2,3,1,5.0,29,0
U0055,2023-02-01,starter,Education,11-50,paid_search,Germany,10,2,1,,29,0
U0055,2023-03-01,starter,Education,11-50,paid_search,Germany,5,2,1,,29,0
U0055,2023-04-01,starter,Education,11-50,paid_search,Germany,9,4,0,6.0,29,0
U0055,2023-05-01,starter,Education,11-50,paid_search,Germany,9,1,2,6.0,29,0
U0055,2023-06-01,starter,Education,11-50,paid_search,Germany,8,4,3,3.0,29,0
U0055,2023-07-01,starter,Education,11-50,paid_search,Germany,6,3,0,,29,0
U0056,2023-01-01,enterprise,Ecommerce,1-10,organic,Other,65,10,0,,399,0
U0056,2023-02-01,enterprise,Ecommerce,1-10,organic,Other,48,10,0,,399,0
U0056,2023-03-01,enterprise,Ecommerce,1-10,organic,Other,31,10,0,,399,0
U0056,2023-04-01,enterprise,Ecommerce,1-10,organic,Other,28,10,0,,399,0
U0056,2023-05-01,enterprise,Ecommerce,1-10,organic,Other,36,10,1,6.0,399,0
U0056,2023-06-01,enterprise,Ecommerce,1-10,organic,Other,43,10,0,,399,0
U0056,2023-07-01,enterprise,Ecommerce,1-10,organic,Other,36,10,0,,399,0
U0056,2023-08-01,enterprise,Ecommerce,1-10,organic,Other,57,10,0,8.0,399,0
U0056,2023-09-01,enterprise,Ecommerce,1-10,organic,Other,45,10,1,,399,0
U0056,2023-10-01,enterprise,Ecommerce,1-10,organic,Other,42,8,0,,399,0
U0057,2023-01-01,free,SaaS,1000+,organic,USA,4,1,2,,0,0
U0058,2023-01-01,free,Education,1-10,referral,USA,4,1,0,,0,0
U0058,2023-02-01,free,Education,1-10,referral,USA,3,2,1,,0,0
U0058,2023-03-01,free,Education,1-10,referral,USA,3,1,0,,0,0
U0058,2023-04-01,free,Education,1-10,referral,USA,4,1,0,,0,0
U0058,2023-05-01,free,Education,1-10,referral,USA,2,1,0,,0,0
U0058,2023-06-01,free,Education,1-10,referral,USA,2,1,0,,0,0
U0058,2023-07-01,free,Education,1-10,referral,USA,3,1,1,,0,0
U0058,2023-08-01,free,Education,1-10,referral,USA,3,1,0,,0,0
U0058,2023-09-01,free,Education,1-10,referral,USA,5,1,0,,0,0
U0058,2023-10-01,free,Education,1-10,referral,USA,2,1,1,3.0,0,0
U0058,2023-11-01,free,Education,1-10,referral,USA,2,1,1,,0,0
U0058,2023-12-01,free,Education,1-10,referral,USA,2,1,0,6.0,0,0
U0059,2023-01-01,free,Ecommerce,51-200,direct,USA,3,2,2,,0,0
U0060,2023-01-01,free,Finance,1000+,social,UK,3,3,0,,0,0
U0060,2023-02-01,free,Finance,1000+,social,UK,3,1,0,,0,0
U0060,2023-03-01,free,Finance,1000+,social,UK,3,2,1,,0,0
U0060,2023-04-01,free,Finance,1000+,social,UK,3,2,1,7.0,0,0
U0060,2023-05-01,free,Finance,1000+,social,UK,3,2,0,,0,0
U0060,2023-06-01,free,Finance,1000+,social,UK,2,1,1,,0,0
U0060,2023-07-01,free,Finance,1000+,social,UK,3,2,0,7.0,0,0
U0061,2023-01-01,free,Retail,1-10,organic,USA,3,3,1,,0,0
U0061,2023-02-01,free,Retail,1-10,organic,USA,2,1,1,,0,0
U0061,2023-03-01,free,Retail,1-10,organic,USA,3,1,1,,0,0
U0061,2023-04-01,free,Retail,1-10,organic,USA,3,1,1,6.0,0,0
U0061,2023-05-01,free,Retail,1-10,organic,USA,2,1,0,,0,0
U0061,2023-06-01,free,Retail,1-10,organic,USA,2,1,1,,0,0
U0061,2023-07-01,free,Retail,1-10,organic,USA,3,2,0,,0,0
U0061,2023-08-01,free,Retail,1-10,organic,USA,1,1,1,,0,0
U0061,2023-09-01,free,Retail,1-10,organic,USA,2,1,0,,0,0
U0061,2023-10-01,free,Retail,1-10,organic,USA,1,2,0,,0,0
U0062,2023-01-01,free,Ecommerce,1-10,social,USA,4,3,0,,0,0
U0062,2023-02-01,free,Ecommerce,1-10,social,USA,3,1,1,6.0,0,0
U0062,2023-03-01,free,Ecommerce,1-10,social,USA,1,1,1,,0,0
U0062,2023-04-01,free,Ecommerce,1-10,social,USA,2,1,2,,0,0
U0062,2023-05-01,free,Ecommerce,1-10,social,USA,2,1,0,7.0,0,0
U0062,2023-06-01,free,Ecommerce,1-10,social,USA,3,1,1,,0,0
U0062,2023-07-01,free,Ecommerce,1-10,social,USA,2,1,0,,0,0
U0062,2023-08-01,free,Ecommerce,1-10,social,USA,3,2,1,,0,0
U0063,2023-01-01,pro,Healthcare,1-10,referral,Australia,17,3,1,,99,0
U0063,2023-02-01,pro,Healthcare,1-10,referral,Australia,15,4,2,9.0,99,0
U0063,2023-03-01,pro,Healthcare,1-10,referral,Australia,20,7,1,8.0,99,0
U0063,2023-04-01,pro,Healthcare,1-10,referral,Australia,21,1,0,,99,0
U0063,2023-05-01,pro,Healthcare,1-10,referral,Australia,17,3,1,,99,0
U0063,2023-06-01,pro,Healthcare,1-10,referral,Australia,23,6,1,,99,0
U0063,2023-07-01,pro,Healthcare,1-10,referral,Australia,23,9,1,,99,0
U0063,2023-08-01,pro,Healthcare,1-10,referral,Australia,7,3,0,,99,0
U0063,2023-09-01,pro,Healthcare,1-10,referral,Australia,12,5,1,,99,0
U0063,2023-10-01,pro,Healthcare,1-10,referral,Australia,25,6,1,,99,0
U0063,2023-11-01,pro,Healthcare,1-10,referral,Australia,16,6,0,,99,0
U0063,2023-12-01,pro,Healthcare,1-10,referral,Australia,16,7,0,3.0,99,0
U0064,2023-01-01,free,Ecommerce,11-50,referral,Other,2,1,0,,0,0
U0064,2023-02-01,free,Ecommerce,11-50,referral,Other,2,1,0,,0,0
U0064,2023-03-01,free,Ecommerce,11-50,referral,Other,2,1,2,,0,0
U0064,2023-04-01,free,Ecommerce,11-50,referral,Other,3,1,1,,0,0
U0064,2023-05-01,free,Ecommerce,11-50,referral,Other,3,1,0,,0,0
U0064,2023-06-01,free,Ecommerce,11-50,referral,Other,4,2,1,,0,0
U0065,2023-01-01,free,Ecommerce,1-10,paid_search,USA,4,1,1,5.0,0,0
U0065,2023-02-01,free,Ecommerce,1-10,paid_search,USA,3,4,0,,0,0
U0066,2023-01-01,starter,Retail,51-200,paid_search,USA,6,1,2,,29,0
U0066,2023-02-01,starter,Retail,51-200,paid_search,USA,9,4,0,,29,0
U0066,2023-03-01,starter,Retail,51-200,paid_search,USA,10,2,2,,29,0
U0066,2023-04-01,starter,Retail,51-200,paid_search,USA,4,1,0,,29,0
U0066,2023-05-01,starter,Retail,51-200,paid_search,USA,9,1,1,4.0,29,0
U0066,2023-06-01,starter,Retail,51-200,paid_search,USA,6,3,2,,29,0
U0066,2023-07-01,starter,Retail,51-200,paid_search,USA,7,2,1,,29,0
U0066,2023-08-01,starter,Retail,51-200,paid_search,USA,10,3,1,,29,0
U0066,2023-09-01,starter,Retail,51-200,paid_search,USA,10,2,1,,29,0
U0066,2023-10-01,starter,Retail,51-200,paid_search,USA,6,3,1,,29,0
U0066,2023-11-01,starter,Retail,51-200,paid_search,USA,6,2,1,,29,0
U0066,2023-12-01,starter,Retail,51-200,paid_search,USA,8,2,1,5.0,29,0
U0068,2023-01-01,pro,Education,11-50,organic,USA,27,7,0,,99,0
U0068,2023-02-01,pro,Education,11-50,organic,USA,21,10,1,,99,0
U0068,2023-03-01,pro,Education,11-50,organic,USA,12,2,0,,99,0
U0068,2023-04-01,pro,Education,11-50,organic,USA,16,8,2,,99,0
U0068,2023-05-01,pro,Education,11-50,organic,USA,14,5,0,4.0,99,0
U0068,2023-06-01,pro,Education,11-50,organic,USA,19,4,3,,99,0
U0068,2023-07-01,pro,Education,11-50,organic,USA,29,3,3,,99,0
U0068,2023-08-01,pro,Education,11-50,organic,USA,24,6,1,8.0,99,0
U0068,2023-09-01,pro,Education,11-50,organic,USA,24,8,1,,99,0
U0068,2023-10-01,pro,Education,11-50,organic,USA,17,4,0,,99,0
U0068,2023-11-01,pro,Education,11-50,organic,USA,27,6,0,,99,0
U0068,2023-12-01,pro,Education,11-50,organic,USA,11,4,0,8.0,99,0
U0069,2023-01-01,free,Education,1000+,organic,USA,2,1,3,,0,0
U0070,2023-01-01,enterprise,Ecommerce,201-1000,organic,USA,35,10,0,8.0,399,0
U0070,2023-02-01,enterprise,Ecommerce,201-1000,organic,USA,49,10,0,,399,0
U0070,2023-03-01,enterprise,Ecommerce,201-1000,organic,USA,32,10,0,,399,0
U0070,2023-04-01,enterprise,Ecommerce,201-1000,organic,USA,25,10,0,,399,0
U0070,2023-05-01,enterprise,Ecommerce,201-1000,organic,USA,7,10,0,,399,0
U0070,2023-06-01,enterprise,Ecommerce,201-1000,organic,USA,54,8,0,,399,0
U0070,2023-07-01,enterprise,Ecommerce,201-1000,organic,USA,33,10,1,,399,0
U0070,2023-08-01,enterprise,Ecommerce,201-1000,organic,USA,28,9,0,,399,0
U0070,2023-09-01,enterprise,Ecommerce,201-1000,organic,USA,24,9,0,8.0,399,0
U0070,2023-10-01,enterprise,Ecommerce,201-1000,organic,USA,41,10,0,,399,0
U0070,2023-11-01,enterprise,Ecommerce,201-1000,organic,USA,26,10,0,,399,0
U0071,2023-01-01,pro,Healthcare,51-200,paid_search,Canada,18,2,1,,99,0
U0071,2023-02-01,pro,Healthcare,51-200,paid_search,Canada,16,6,0,,99,0
U0071,2023-03-01,pro,Healthcare,51-200,paid_search,Canada,6,7,0,,99,0
U0071,2023-04-01,pro,Healthcare,51-200,paid_search,Canada,16,3,2,,99,0
U0071,2023-05-01,pro,Healthcare,51-200,paid_search,Canada,20,7,0,,99,0
U0071,2023-06-01,pro,Healthcare,51-200,paid_search,Canada,17,5,0,,99,0
U0071,2023-07-01,pro,Healthcare,51-200,paid_search,Canada,22,6,3,,99,0
U0071,2023-08-01,pro,Healthcare,51-200,paid_search,Canada,15,6,3,,99,0
U0071,2023-09-01,pro,Healthcare,51-200,paid_search,Canada,25,3,1,7.0,99,0
U0071,2023-10-01,pro,Healthcare,51-200,paid_search,Canada,14,6,0,,99,0
U0072,2023-01-01,free,Healthcare,11-50,referral,USA,4,2,1,3.0,0,0
U0073,2023-01-01,free,Retail,51-200,paid_search,Other,3,1,1,6.0,0,0
U0073,2023-02-01,free,Retail,51-200,paid_search,Other,3,1,0,,0,0
U0073,2023-03-01,free,Retail,51-200,paid_search,Other,3,1,1,,0,0
U0074,2023-01-01,pro,Finance,11-50,organic,UK,8,3,3,6.0,99,0
U0074,2023-02-01,pro,Finance,11-50,organic,UK,16,3,0,,99,0
U0074,2023-03-01,pro,Finance,11-50,organic,UK,26,5,2,,99,0
U0074,2023-04-01,pro,Finance,11-50,organic,UK,17,7,1,,99,0
U0074,2023-05-01,pro,Finance,11-50,organic,UK,17,4,3,,99,0
U0074,2023-06-01,pro,Finance,11-50,organic,UK,18,7,0,,99,0
U0074,2023-07-01,pro,Finance,11-50,organic,UK,14,6,0,,99,0
U0074,2023-08-01,pro,Finance,11-50,organic,UK,16,3,1,,99,0
U0074,2023-09-01,pro,Finance,11-50,organic,UK,13,6,0,,99,0
U0074,2023-10-01,pro,Finance,11-50,organic,UK,20,8,0,,99,0
U0074,2023-11-01,pro,Finance,11-50,organic,UK,8,8,1,,99,0
U0074,2023-12-01,pro,Finance,11-50,organic,UK,17,3,1,,99,0
U0075,2023-01-01,pro,Education,11-50,direct,UK,13,6,3,,99,0
U0075,2023-02-01,pro,Education,11-50,direct,UK,22,5,1,,99,0
U0075,2023-03-01,pro,Education,11-50,direct,UK,5,6,0,,99,0
U0075,2023-04-01,pro,Education,11-50,direct,UK,12,5,0,,99,0
U0075,2023-05-01,pro,Education,11-50,direct,UK,14,6,1,,99,0
U0076,2023-01-01,pro,Retail,1-10,direct,USA,14,5,1,8.0,99,0
U0076,2023-02-01,pro,Retail,1-10,direct,USA,10,5,0,,99,0
U0076,2023-03-01,pro,Retail,1-10,direct,USA,9,4,1,,99,0
U0076,2023-04-01,pro,Retail,1-10,direct,USA,14,7,0,,99,0
U0076,2023-05-01,pro,Retail,1-10,direct,USA,19,6,0,,99,0
U0076,2023-06-01,pro,Retail,1-10,direct,USA,14,4,1,,99,0
U0076,2023-07-01,pro,Retail,1-10,direct,USA,26,7,1,,99,0
U0076,2023-08-01,pro,Retail,1-10,direct,USA,14,4,0,,99,0
U0076,2023-09-01,pro,Retail,1-10,direct,USA,13,5,1,,99,0
U0077,2023-01-01,pro,SaaS,201-1000,referral,UK,19,7,0,,99,0
U0077,2023-02-01,pro,SaaS,201-1000,referral,UK,22,6,0,,99,0
U0077,2023-03-01,pro,SaaS,201-1000,referral,UK,15,6,0,,99,0
U0077,2023-04-01,pro,SaaS,201-1000,referral,UK,18,4,1,,99,0
U0078,2023-01-01,free,Education,11-50,direct,Germany,2,1,0,,0,0
U0078,2023-02-01,free,Education,11-50,direct,Germany,3,1,0,,0,0
U0078,2023-03-01,free,Education,11-50,direct,Germany,4,2,1,,0,0
U0078,2023-04-01,free,Education,11-50,direct,Germany,2,1,0,,0,0
U0078,2023-05-01,free,Education,11-50,direct,Germany,3,2,0,,0,0
U0078,2023-06-01,free,Education,11-50,direct,Germany,3,1,0,,0,0
U0078,2023-07-01,free,Education,11-50,direct,Germany,3,1,2,,0,0
U0078,2023-08-01,free,Education,11-50,direct,Germany,3,1,0,7.0,0,0
U0078,2023-09-01,free,Education,11-50,direct,Germany,3,1,0,,0,0
U0078,2023-10-01,free,Education,11-50,direct,Germany,3,1,2,,0,0
U0078,2023-11-01,free,Education,11-50,direct,Germany,2,2,2,,0,0
U0078,2023-12-01,free,Education,11-50,direct,Germany,1,1,0,,0,0
U0079,2023-01-01,free,Retail,1-10,paid_search,India,3,1,0,,0,0
U0080,2023-01-01,free,Education,11-50,direct,India,3,1,0,,0,0
U0080,2023-02-01,free,Education,11-50,direct,India,3,1,1,,0,0
U0081,2023-01-01,pro,Finance,11-50,organic,Canada,19,6,1,,99,0
U0081,2023-02-01,pro,Finance,11-50,organic,Canada,12,8,2,,99,0
U0081,2023-03-01,pro,Finance,11-50,organic,Canada,12,7,2,,99,0
U0081,2023-04-01,pro,Finance,11-50,organic,Canada,16,5,2,7.0,99,0
U0081,2023-05-01,pro,Finance,11-50,organic,Canada,10,6,0,,99,0
U0081,2023-06-01,pro,Finance,11-50,organic,Canada,16,7,0,9.0,99,0
U0081,2023-07-01,pro,Finance,11-50,organic,Canada,22,5,1,,99,0
U0081,2023-08-01,pro,Finance,11-50,organic,Canada,16,7,0,,99,0
U0081,2023-09-01,pro,Finance,11-50,organic,Canada,6,3,0,,99,0
U0081,2023-10-01,pro,Finance,11-50,organic,Canada,15,4,0,,99,0
U0081,2023-11-01,pro,Finance,11-50,organic,Canada,27,2,0,,99,0
U0081,2023-12-01,pro,Finance,11-50,organic,Canada,7,3,0,,99,0
U0082,2023-01-01,starter,SaaS,201-1000,paid_search,France,12,3,0,,29,0
U0082,2023-02-01,starter,SaaS,201-1000,paid_search,France,4,2,0,,29,0
U0082,2023-03-01,starter,SaaS,201-1000,paid_search,France,8,5,0,5.0,29,0
U0082,2023-04-01,starter,SaaS,201-1000,paid_search,France,9,4,0,3.0,29,0
U0082,2023-05-01,starter,SaaS,201-1000,paid_search,France,7,1,1,9.0,29,0
U0082,2023-06-01,starter,SaaS,201-1000,paid_search,France,9,1,2,,29,0
U0082,2023-07-01,starter,SaaS,201-1000,paid_search,France,13,2,1,3.0,29,0
U0082,2023-08-01,starter,SaaS,201-1000,paid_search,France,6,4,1,,29,0
U0082,2023-09-01,starter,SaaS,201-1000,paid_search,France,12,3,1,,29,0
U0082,2023-10-01,starter,SaaS,201-1000,paid_search,France,6,1,2,,29,0
U0082,2023-11-01,starter,SaaS,201-1000,paid_search,France,6,1,1,,29,0
U0082,2023-12-01,starter,SaaS,201-1000,paid_search,France,7,2,0,8.0,29,0
U0083,2023-01-01,free,Finance,51-200,organic,Australia,4,1,1,5.0,0,0
U0084,2023-01-01,free,SaaS,51-200,organic,India,3,1,0,,0,0
U0084,2023-02-01,free,SaaS,51-200,organic,India,2,1,0,,0,0
U0085,2023-01-01,free,Ecommerce,1-10,organic,USA,3,1,0,,0,0
U0085,2023-02-01,free,Ecommerce,1-10,organic,USA,2,1,0,,0,0
U0085,2023-03-01,free,Ecommerce,1-10,organic,USA,1,3,1,,0,0
U0085,2023-04-01,free,Ecommerce,1-10,organic,USA,2,2,0,,0,0
U0085,2023-05-01,free,Ecommerce,1-10,organic,USA,3,3,1,,0,0
U0086,2023-01-01,free,Retail,11-50,referral,USA,3,1,0,,0,0
U0086,2023-02-01,free,Retail,11-50,referral,USA,2,1,1,,0,0
U0086,2023-03-01,free,Retail,11-50,referral,USA,2,2,1,5.0,0,0
U0086,2023-04-01,free,Retail,11-50,referral,USA,1,2,1,,0,0
U0086,2023-05-01,free,Retail,11-50,referral,USA,1,1,1,5.0,0,0
U0086,2023-06-01,free,Retail,11-50,referral,USA,3,1,0,,0,0
U0086,2023-07-01,free,Retail,11-50,referral,USA,2,1,1,,0,0
U0087,2023-01-01,pro,SaaS,11-50,referral,USA,22,6,0,,99,0
U0087,2023-02-01,pro,SaaS,11-50,referral,USA,20,5,0,,99,0
U0087,2023-03-01,pro,SaaS,11-50,referral,USA,13,8,0,,99,0
U0087,2023-04-01,pro,SaaS,11-50,referral,USA,12,5,0,10.0,99,0
U0087,2023-05-01,pro,SaaS,11-50,referral,USA,24,6,1,,99,0
U0087,2023-06-01,pro,SaaS,11-50,referral,USA,19,8,0,,99,0
U0087,2023-07-01,pro,SaaS,11-50,referral,USA,22,5,0,,99,0
U0087,2023-08-01,pro,SaaS,11-50,referral,USA,14,5,0,,99,0
U0087,2023-09-01,pro,SaaS,11-50,referral,USA,17,7,0,9.0,99,0
U0087,2023-10-01,pro,SaaS,11-50,referral,USA,16,5,0,,99,0
U0087,2023-11-01,pro,SaaS,11-50,referral,USA,21,5,2,,99,0
U0087,2023-12-01,pro,SaaS,11-50,referral,USA,22,9,4,10.0,99,0
U0088,2023-01-01,starter,Finance,1-10,paid_search,Germany,1,5,1,,29,0
U0088,2023-02-01,starter,Finance,1-10,paid_search,Germany,4,3,1,4.0,29,0
U0088,2023-03-01,starter,Finance,1-10,paid_search,Germany,4,1,0,,29,0
U0088,2023-04-01,starter,Finance,1-10,paid_search,Germany,6,3,1,,29,0
U0088,2023-05-01,starter,Finance,1-10,paid_search,Germany,10,2,1,,29,0
U0088,2023-06-01,starter,Finance,1-10,paid_search,Germany,4,3,1,,29,0
U0088,2023-07-01,starter,Finance,1-10,paid_search,Germany,10,1,2,,29,0
U0088,2023-08-01,starter,Finance,1-10,paid_search,Germany,7,2,1,,29,0
U0088,2023-09-01,starter,Finance,1-10,paid_search,Germany,6,2,0,,29,0
U0088,2023-10-01,starter,Finance,1-10,paid_search,Germany,7,1,1,,29,0
U0088,2023-11-01,starter,Finance,1-10,paid_search,Germany,10,1,1,,29,0
U0089,2023-01-01,pro,Education,1-10,organic,UK,21,5,2,,99,0
U0089,2023-02-01,pro,Education,1-10,organic,UK,7,5,1,,99,0
U0089,2023-03-01,pro,Education,1-10,organic,UK,27,6,0,,99,0
U0089,2023-04-01,pro,Education,1-10,organic,UK,21,3,1,,99,0
U0089,2023-05-01,pro,Education,1-10,organic,UK,16,5,0,,99,0
U0090,2023-01-01,starter,SaaS,51-200,social,UK,9,2,1,,29,0
U0090,2023-02-01,starter,SaaS,51-200,social,UK,5,2,1,,29,0
U0090,2023-03-01,starter,SaaS,51-200,social,UK,10,2,1,6.0,29,0
U0090,2023-04-01,starter,SaaS,51-200,social,UK,9,2,1,,29,0
U0091,2023-01-01,free,Retail,1-10,referral,France,2,1,1,,0,0
U0092,2023-01-01,pro,SaaS,11-50,paid_search,France,18,6,1,,99,0
U0092,2023-02-01,pro,SaaS,11-50,paid_search,France,18,5,1,,99,0
U0092,2023-03-01,pro,SaaS,11-50,paid_search,France,25,6,0,,99,0
U0092,2023-04-01,pro,SaaS,11-50,paid_search,France,20,7,2,,99,0
U0092,2023-05-01,pro,SaaS,11-50,paid_search,France,21,7,0,6.0,99,0
U0092,2023-06-01,pro,SaaS,11-50,paid_search,France,11,8,0,,99,0
U0092,2023-07-01,pro,SaaS,11-50,paid_search,France,23,6,0,7.0,99,0
U0092,2023-08-01,pro,SaaS,11-50,paid_search,France,21,5,1,,99,0
U0092,2023-09-01,pro,SaaS,11-50,paid_search,France,23,5,2,,99,0
U0092,2023-10-01,pro,SaaS,11-50,paid_search,France,21,5,4,,99,0
U0092,2023-11-01,pro,SaaS,11-50,paid_search,France,7,5,1,,99,0
U0092,2023-12-01,pro,SaaS,11-50,paid_search,France,22,6,0,,99,0
U0093,2023-01-01,pro,Healthcare,1-10,referral,France,27,4,1,,99,0
U0093,2023-02-01,pro,Healthcare,1-10,referral,France,24,6,1,,99,0
U0093,2023-03-01,pro,Healthcare,1-10,referral,France,21,7,1,4.0,99,0
U0093,2023-04-01,pro,Healthcare,1-10,referral,France,17,5,2,,99,0
U0093,2023-05-01,pro,Healthcare,1-10,referral,France,24,6,0,,99,0
U0093,2023-06-01,pro,Healthcare,1-10,referral,France,16,6,0,,99,0
U0093,2023-07-01,pro,Healthcare,1-10,referral,France,16,5,0,,99,0
U0093,2023-08-01,pro,Healthcare,1-10,referral,France,17,6,0,,99,0
U0093,2023-09-01,pro,Healthcare,1-10,referral,France,24,7,2,,99,0
U0093,2023-10-01,pro,Healthcare,1-10,referral,France,21,8,1,,99,0
U0093,2023-11-01,pro,Healthcare,1-10,referral,France,28,6,2,,99,0
U0093,2023-12-01,pro,Healthcare,1-10,referral,France,16,5,0,,99,0
U0094,2023-01-01,starter,Education,1-10,organic,USA,8,1,1,,29,0
U0094,2023-02-01,starter,Education,1-10,organic,USA,10,2,0,,29,0
U0094,2023-03-01,starter,Education,1-10,organic,USA,12,2,0,5.0,29,0
U0094,2023-04-01,starter,Education,1-10,organic,USA,5,4,2,,29,0
U0094,2023-05-01,starter,Education,1-10,organic,USA,5,1,0,5.0,29,0
U0094,2023-06-01,starter,Education,1-10,organic,USA,6,1,1,,29,0
U0094,2023-07-01,starter,Education,1-10,organic,USA,6,3,1,,29,0
U0094,2023-08-01,starter,Education,1-10,organic,USA,5,1,0,,29,0
U0094,2023-09-01,starter,Education,1-10,organic,USA,13,3,0,,29,0
U0094,2023-10-01,starter,Education,1-10,organic,USA,8,1,0,6.0,29,0
U0094,2023-11-01,starter,Education,1-10,organic,USA,7,3,1,,29,0
U0094,2023-12-01,starter,Education,1-10,organic,USA,11,5,3,,29,0
U0095,2023-01-01,pro,Retail,1-10,organic,Germany,30,5,1,,99,0
U0095,2023-02-01,pro,Retail,1-10,organic,Germany,15,5,1,,99,0
U0095,2023-03-01,pro,Retail,1-10,organic,Germany,14,7,0,,99,0
U0095,2023-04-01,pro,Retail,1-10,organic,Germany,12,5,2,,99,0
U0095,2023-05-01,pro,Retail,1-10,organic,Germany,24,4,2,,99,0
U0095,2023-06-01,pro,Retail,1-10,organic,Germany,16,7,0,,99,0
U0095,2023-07-01,pro,Retail,1-10,organic,Germany,22,6,1,,99,0
U0095,2023-08-01,pro,Retail,1-10,organic,Germany,11,7,1,,99,0
U0095,2023-09-01,pro,Retail,1-10,organic,Germany,18,6,1,,99,0
U0095,2023-10-01,pro,Retail,1-10,organic,Germany,22,6,0,,99,0
U0095,2023-11-01,pro,Retail,1-10,organic,Germany,20,7,0,,99,0
U0095,2023-12-01,pro,Retail,1-10,organic,Germany,18,10,2,,99,0
U0096,2023-01-01,starter,Retail,1000+,social,USA,9,2,1,,29,0
U0096,2023-02-01,starter,Retail,1000+,social,USA,7,1,2,,29,0
U0096,2023-03-01,starter,Retail,1000+,social,USA,10,3,1,,29,0
U0096,2023-04-01,starter,Retail,1000+,social,USA,8,1,0,,29,0
U0096,2023-05-01,starter,Retail,1000+,social,USA,1,1,0,,29,0
U0096,2023-06-01,starter,Retail,1000+,social,USA,9,1,1,,29,0
U0096,2023-07-01,starter,Retail,1000+,social,USA,8,2,0,,29,0
U0096,2023-08-01,starter,Retail,1000+,social,USA,5,5,2,,29,0
U0096,2023-09-01,starter,Retail,1000+,social,USA,14,1,1,,29,0
U0096,2023-10-01,starter,Retail,1000+,social,USA,10,3,0,,29,0
U0096,2023-11-01,starter,Retail,1000+,social,USA,5,1,0,,29,0
U0096,2023-12-01,starter,Retail,1000+,social,USA,9,2,0,,29,0
U0098,2023-01-01,starter,Finance,1000+,paid_search,USA,7,1,0,,29,0
U0098,2023-02-01,starter,Finance,1000+,paid_search,USA,10,2,1,,29,0
U0098,2023-03-01,starter,Finance,1000+,paid_search,USA,7,1,1,,29,0
U0098,2023-04-01,starter,Finance,1000+,paid_search,USA,11,1,1,,29,0
U0098,2023-05-01,starter,Finance,1000+,paid_search,USA,8,1,0,,29,0
U0098,2023-06-01,starter,Finance,1000+,paid_search,USA,7,2,0,,29,0
U0098,2023-07-01,starter,Finance,1000+,paid_search,USA,2,1,1,,29,0
U0098,2023-08-01,starter,Finance,1000+,paid_search,USA,13,5,2,,29,0
U0098,2023-09-01,starter,Finance,1000+,paid_search,USA,8,1,0,,29,0
U0098,2023-10-01,starter,Finance,1000+,paid_search,USA,9,2,1,,29,0
U0098,2023-11-01,starter,Finance,1000+,paid_search,USA,6,1,0,,29,0
U0098,2023-12-01,starter,Finance,1000+,paid_search,USA,9,1,1,6.0,29,0
U0099,2023-01-01,free,Ecommerce,11-50,social,USA,2,1,1,,0,0
U0099,2023-02-01,free,Ecommerce,11-50,social,USA,1,1,0,,0,0
U0099,2023-03-01,free,Ecommerce,11-50,social,USA,2,1,0,6.0,0,0
U0100,2023-01-01,free,Retail,1-10,referral,UK,2,2,2,,0,0
U0100,2023-02-01,free,Retail,1-10,referral,UK,4,2,0,,0,0
U0100,2023-03-01,free,Retail,1-10,referral,UK,3,1,2,,0,0
U0100,2023-04-01,free,Retail,1-10,referral,UK,1,1,0,,0,0
U0100,2023-05-01,free,Retail,1-10,referral,UK,2,1,0,3.0,0,0
U0100,2023-06-01,free,Retail,1-10,referral,UK,2,1,0,,0,0
U0100,2023-07-01,free,Retail,1-10,referral,UK,2,1,1,,0,0
U0100,2023-08-01,free,Retail,1-10,referral,UK,1,1,0,,0,0
U0101,2023-01-01,free,Education,11-50,organic,Australia,4,2,1,,0,0
U0101,2023-02-01,free,Education,11-50,organic,Australia,2,2,1,,0,0
U0101,2023-03-01,free,Education,11-50,organic,Australia,3,1,1,,0,0
U0102,2023-01-01,starter,SaaS,11-50,organic,USA,6,4,0,,29,0
U0102,2023-02-01,starter,SaaS,11-50,organic,USA,7,1,0,,29,0
U0102,2023-03-01,starter,SaaS,11-50,organic,USA,5,4,0,,29,0
U0103,2023-01-01,free,SaaS,201-1000,organic,India,2,1,1,8.0,0,0
U0103,2023-02-01,free,SaaS,201-1000,organic,India,2,4,0,,0,0
U0103,2023-03-01,free,SaaS,201-1000,organic,India,3,1,1,,0,0
U0103,2023-04-01,free,SaaS,201-1000,organic,India,2,2,1,,0,0
U0104,2023-01-01,starter,Education,1-10,referral,Canada,9,3,1,,29,0
U0104,2023-02-01,starter,Education,1-10,referral,Canada,5,2,2,,29,0
U0104,2023-03-01,starter,Education,1-10,referral,Canada,5,2,0,,29,0
U0104,2023-04-01,starter,Education,1-10,referral,Canada,8,1,0,,29,0
U0104,2023-05-01,starter,Education,1-10,referral,Canada,7,2,0,,29,0
U0104,2023-06-01,starter,Education,1-10,referral,Canada,9,1,1,,29,0
U0104,2023-07-01,starter,Education,1-10,referral,Canada,8,3,1,,29,0
U0105,2023-01-01,enterprise,Retail,11-50,paid_search,USA,25,10,0,,399,0
U0105,2023-02-01,enterprise,Retail,11-50,paid_search,USA,13,10,0,,399,0
U0105,2023-03-01,enterprise,Retail,11-50,paid_search,USA,18,10,1,,399,0
U0105,2023-04-01,enterprise,Retail,11-50,paid_search,USA,26,10,0,8.0,399,0
U0105,2023-05-01,enterprise,Retail,11-50,paid_search,USA,32,10,1,,399,0
U0105,2023-06-01,enterprise,Retail,11-50,paid_search,USA,23,10,0,,399,0
U0105,2023-07-01,enterprise,Retail,11-50,paid_search,USA,27,10,0,,399,0
U0105,2023-08-01,enterprise,Retail,11-50,paid_search,USA,25,10,1,,399,0
U0105,2023-09-01,enterprise,Retail,11-50,paid_search,USA,41,9,2,,399,0
U0105,2023-10-01,enterprise,Retail,11-50,paid_search,USA,31,9,1,,399,0
U0105,2023-11-01,enterprise,Retail,11-50,paid_search,USA,52,9,0,,399,0
U0105,2023-12-01,enterprise,Retail,11-50,paid_search,USA,35,10,1,,399,0
U0106,2023-01-01,free,SaaS,1-10,organic,UK,2,1,0,,0,0
U0106,2023-02-01,free,SaaS,1-10,organic,UK,3,1,0,,0,0
U0106,2023-03-01,free,SaaS,1-10,organic,UK,2,1,1,,0,0
U0106,2023-04-01,free,SaaS,1-10,organic,UK,2,1,1,,0,0
U0106,2023-05-01,free,SaaS,1-10,organic,UK,3,3,1,,0,0
U0106,2023-06-01,free,SaaS,1-10,organic,UK,3,2,0,,0,0
U0106,2023-07-01,free,SaaS,1-10,organic,UK,5,1,2,,0,0
U0106,2023-08-01,free,SaaS,1-10,organic,UK,3,1,3,,0,0
U0107,2023-01-01,starter,SaaS,11-50,direct,USA,7,4,1,,29,0
U0107,2023-02-01,starter,SaaS,11-50,direct,USA,8,1,1,3.0,29,0
U0107,2023-03-01,starter,SaaS,11-50,direct,USA,9,2,3,,29,0
U0107,2023-04-01,starter,SaaS,11-50,direct,USA,10,2,0,,29,0
U0107,2023-05-01,starter,SaaS,11-50,direct,USA,3,4,1,,29,0
U0107,2023-06-01,starter,SaaS,11-50,direct,USA,6,3,1,,29,0
U0107,2023-07-01,starter,SaaS,11-50,direct,USA,8,4,0,,29,0
U0107,2023-08-01,starter,SaaS,11-50,direct,USA,10,2,0,,29,0
U0107,2023-09-01,starter,SaaS,11-50,direct,USA,7,4,0,,29,0
U0108,2023-01-01,pro,SaaS,51-200,paid_search,Canada,16,4,1,,99,0
U0109,2023-01-01,free,Finance,11-50,organic,UK,4,1,1,,0,0
U0110,2023-01-01,free,Finance,11-50,paid_search,USA,2,1,0,,0,0
U0111,2023-01-01,free,Healthcare,11-50,referral,USA,2,2,2,6.0,0,0
U0111,2023-02-01,free,Healthcare,11-50,referral,USA,2,1,0,,0,0
U0111,2023-03-01,free,Healthcare,11-50,referral,USA,3,1,1,,0,0
U0111,2023-04-01,free,Healthcare,11-50,referral,USA,4,1,2,,0,0
U0111,2023-05-01,free,Healthcare,11-50,referral,USA,5,1,1,,0,0
U0112,2023-01-01,free,Ecommerce,11-50,organic,Canada,2,1,0,,0,0
U0112,2023-02-01,free,Ecommerce,11-50,organic,Canada,3,1,0,,0,0
U0112,2023-03-01,free,Ecommerce,11-50,organic,Canada,1,1,0,5.0,0,0
U0112,2023-04-01,free,Ecommerce,11-50,organic,Canada,4,2,0,,0,0
U0112,2023-05-01,free,Ecommerce,11-50,organic,Canada,2,1,0,,0,0
U0112,2023-06-01,free,Ecommerce,11-50,organic,Canada,3,1,1,4.0,0,0
U0112,2023-07-01,free,Ecommerce,11-50,organic,Canada,3,2,3,,0,0
U0114,2023-01-01,pro,Education,201-1000,social,USA,16,5,0,6.0,99,0
U0114,2023-02-01,pro,Education,201-1000,social,USA,20,6,1,,99,0
U0114,2023-03-01,pro,Education,201-1000,social,USA,22,6,0,,99,0
U0114,2023-04-01,pro,Education,201-1000,social,USA,22,4,1,,99,0
U0114,2023-05-01,pro,Education,201-1000,social,USA,18,6,0,9.0,99,0
U0114,2023-06-01,pro,Education,201-1000,social,USA,22,5,0,,99,0
U0114,2023-07-01,pro,Education,201-1000,social,USA,26,5,1,,99,0
U0115,2023-01-01,starter,Education,1000+,paid_search,India,6,2,1,,29,0
U0115,2023-02-01,starter,Education,1000+,paid_search,India,9,4,0,,29,0
U0115,2023-03-01,starter,Education,1000+,paid_search,India,7,1,0,,29,0
U0115,2023-04-01,starter,Education,1000+,paid_search,India,12,3,1,,29,0
U0115,2023-05-01,starter,Education,1000+,paid_search,India,11,1,0,,29,0
U0115,2023-06-01,starter,Education,1000+,paid_search,India,10,2,1,,29,0
U0115,2023-07-01,starter,Education,1000+,paid_search,India,6,1,3,,29,0
U0115,2023-08-01,starter,Education,1000+,paid_search,India,8,1,0,,29,0
U0115,2023-09-01,starter,Education,1000+,paid_search,India,5,2,0,4.0,29,0
U0115,2023-10-01,starter,Education,1000+,paid_search,India,8,3,0,,29,0
U0115,2023-11-01,starter,Education,1000+,paid_search,India,9,3,2,,29,0
U0115,2023-12-01,starter,Education,1000+,paid_search,India,10,3,1,4.0,29,0
U0116,2023-01-01,pro,Healthcare,51-200,paid_search,Germany,17,7,2,,99,0
U0116,2023-02-01,pro,Healthcare,51-200,paid_search,Germany,22,5,0,,99,0
U0116,2023-03-01,pro,Healthcare,51-200,paid_search,Germany,15,8,0,,99,0
U0116,2023-04-01,pro,Healthcare,51-200,paid_search,Germany,19,7,1,,99,0
U0116,2023-05-01,pro,Healthcare,51-200,paid_search,Germany,16,4,0,,99,0
U0116,2023-06-01,pro,Healthcare,51-200,paid_search,Germany,11,6,1,,99,0
U0116,2023-07-01,pro,Healthcare,51-200,paid_search,Germany,15,8,2,,99,0
U0116,2023-08-01,pro,Healthcare,51-200,paid_search,Germany,26,4,1,,99,0
U0116,2023-09-01,pro,Healthcare,51-200,paid_search,Germany,19,4,0,7.0,99,0
U0116,2023-10-01,pro,Healthcare,51-200,paid_search,Germany,20,7,0,,99,0
U0116,2023-11-01,pro,Healthcare,51-200,paid_search,Germany,22,5,0,,99,0
U0116,2023-12-01,pro,Healthcare,51-200,paid_search,Germany,13,5,0,,99,0
U0117,2023-01-01,pro,Finance,11-50,paid_search,Other,20,4,2,,99,0
U0117,2023-02-01,pro,Finance,11-50,paid_search,Other,16,4,3,7.0,99,0
U0117,2023-03-01,pro,Finance,11-50,paid_search,Other,23,7,0,,99,0
U0117,2023-04-01,pro,Finance,11-50,paid_search,Other,22,5,1,,99,0
U0117,2023-05-01,pro,Finance,11-50,paid_search,Other,23,5,0,,99,0
U0117,2023-06-01,pro,Finance,11-50,paid_search,Other,7,5,0,,99,0
U0117,2023-07-01,pro,Finance,11-50,paid_search,Other,21,5,0,,99,0
U0117,2023-08-01,pro,Finance,11-50,paid_search,Other,24,7,3,,99,0
U0117,2023-09-01,pro,Finance,11-50,paid_search,Other,15,3,0,,99,0
U0117,2023-10-01,pro,Finance,11-50,paid_search,Other,30,5,1,,99,0
U0117,2023-11-01,pro,Finance,11-50,paid_search,Other,21,5,1,6.0,99,0
U0117,2023-12-01,pro,Finance,11-50,paid_search,Other,17,6,0,,99,0
U0118,2023-01-01,free,Retail,51-200,organic,Australia,1,1,1,5.0,0,0
U0118,2023-02-01,free,Retail,51-200,organic,Australia,3,1,1,,0,0
U0118,2023-03-01,free,Retail,51-200,organic,Australia,3,3,1,,0,0
U0118,2023-04-01,free,Retail,51-200,organic,Australia,1,1,1,,0,0
U0118,2023-05-01,free,Retail,51-200,organic,Australia,1,1,1,,0,0
U0118,2023-06-01,free,Retail,51-200,organic,Australia,3,1,0,,0,0
U0118,2023-07-01,free,Retail,51-200,organic,Australia,1,1,1,,0,0
U0118,2023-08-01,free,Retail,51-200,organic,Australia,3,1,0,,0,0
U0118,2023-09-01,free,Retail,51-200,organic,Australia,1,5,1,5.0,0,0
U0119,2023-01-01,pro,Retail,11-50,organic,Canada,24,4,4,7.0,99,0
U0119,2023-02-01,pro,Retail,11-50,organic,Canada,15,7,1,,99,0
U0119,2023-03-01,pro,Retail,11-50,organic,Canada,1,6,2,,99,0
U0119,2023-04-01,pro,Retail,11-50,organic,Canada,21,6,1,,99,0
U0119,2023-05-01,pro,Retail,11-50,organic,Canada,16,5,4,,99,0
U0119,2023-06-01,pro,Retail,11-50,organic,Canada,29,6,1,,99,0
U0119,2023-07-01,pro,Retail,11-50,organic,Canada,15,5,1,,99,0
U0119,2023-08-01,pro,Retail,11-50,organic,Canada,12,6,2,,99,0
U0119,2023-09-01,pro,Retail,11-50,organic,Canada,20,7,0,,99,0
U0119,2023-10-01,pro,Retail,11-50,organic,Canada,16,4,1,,99,0
U0119,2023-11-01,pro,Retail,11-50,organic,Canada,22,5,0,,99,0
U0119,2023-12-01,pro,Retail,11-50,organic,Canada,19,4,1,,99,0
U0120,2023-01-01,starter,Healthcare,1-10,paid_search,Germany,1,2,0,,29,0
U0120,2023-02-01,starter,Healthcare,1-10,paid_search,Germany,10,1,0,,29,0
U0120,2023-03-01,starter,Healthcare,1-10,paid_search,Germany,4,2,0,7.0,29,0
U0120,2023-04-01,starter,Healthcare,1-10,paid_search,Germany,16,2,0,,29,0
U0120,2023-05-01,starter,Healthcare,1-10,paid_search,Germany,5,6,2,,29,0
U0120,2023-06-01,starter,Healthcare,1-10,paid_search,Germany,10,2,1,,29,0
U0120,2023-07-01,starter,Healthcare,1-10,paid_search,Germany,7,1,0,,29,0
U0121,2023-01-01,pro,Retail,201-1000,organic,France,22,3,0,9.0,99,0
U0121,2023-02-01,pro,Retail,201-1000,organic,France,19,4,0,,99,0
U0121,2023-03-01,pro,Retail,201-1000,organic,France,13,7,1,,99,0
U0121,2023-04-01,pro,Retail,201-1000,organic,France,12,7,0,,99,0
U0121,2023-05-01,pro,Retail,201-1000,organic,France,28,4,1,,99,0
U0121,2023-06-01,pro,Retail,201-1000,organic,France,19,8,2,,99,0
U0121,2023-07-01,pro,Retail,201-1000,organic,France,14,6,1,,99,0
U0121,2023-08-01,pro,Retail,201-1000,organic,France,10,8,0,6.0,99,0
U0121,2023-09-01,pro,Retail,201-1000,organic,France,32,8,2,,99,0
U0121,2023-10-01,pro,Retail,201-1000,organic,France,21,4,0,,99,0
U0121,2023-11-01,pro,Retail,201-1000,organic,France,15,8,1,,99,0
U0121,2023-12-01,pro,Retail,201-1000,organic,France,20,7,0,,99,0
U0122,2023-01-01,pro,Education,1-10,organic,USA,20,7,0,,99,0
U0122,2023-02-01,pro,Education,1-10,organic,USA,20,5,2,,99,0
U0122,2023-03-01,pro,Education,1-10,organic,USA,24,5,2,,99,0
U0122,2023-04-01,pro,Education,1-10,organic,USA,19,6,1,,99,0
U0122,2023-05-01,pro,Education,1-10,organic,USA,27,6,1,,99,0
U0122,2023-06-01,pro,Education,1-10,organic,USA,11,6,2,8.0,99,0
U0122,2023-07-01,pro,Education,1-10,organic,USA,19,2,2,,99,0
U0122,2023-08-01,pro,Education,1-10,organic,USA,22,3,4,,99,0
U0122,2023-09-01,pro,Education,1-10,organic,USA,26,6,0,,99,0
U0122,2023-10-01,pro,Education,1-10,organic,USA,17,6,2,,99,0
U0122,2023-11-01,pro,Education,1-10,organic,USA,21,5,0,7.0,99,0
U0122,2023-12-01,pro,Education,1-10,organic,USA,24,5,1,,99,0
U0123,2023-01-01,free,Ecommerce,201-1000,social,USA,3,4,0,4.0,0,0
U0123,2023-02-01,free,Ecommerce,201-1000,social,USA,2,1,1,,0,0
U0123,2023-03-01,free,Ecommerce,201-1000,social,USA,3,2,0,,0,0
U0123,2023-04-01,free,Ecommerce,201-1000,social,USA,2,3,0,,0,0
U0124,2023-01-01,free,SaaS,11-50,direct,USA,3,1,0,,0,0
U0124,2023-02-01,free,SaaS,11-50,direct,USA,3,1,2,,0,0
U0124,2023-03-01,free,SaaS,11-50,direct,USA,1,1,1,,0,0
U0124,2023-04-01,free,SaaS,11-50,direct,USA,4,1,0,,0,0
U0124,2023-05-01,free,SaaS,11-50,direct,USA,2,1,0,,0,0
U0124,2023-06-01,free,SaaS,11-50,direct,USA,3,1,2,,0,0
U0124,2023-07-01,free,SaaS,11-50,direct,USA,3,1,0,,0,0
U0124,2023-08-01,free,SaaS,11-50,direct,USA,1,2,0,,0,0
U0124,2023-09-01,free,SaaS,11-50,direct,USA,2,1,0,,0,0
U0124,2023-10-01,free,SaaS,11-50,direct,USA,1,3,2,,0,0
U0125,2023-01-01,free,Finance,51-200,referral,Australia,4,4,1,,0,0
U0125,2023-02-01,free,Finance,51-200,referral,Australia,2,2,1,,0,0
U0125,2023-03-01,free,Finance,51-200,referral,Australia,3,1,1,,0,0
U0125,2023-04-01,free,Finance,51-200,referral,Australia,2,4,1,,0,0
U0125,2023-05-01,free,Finance,51-200,referral,Australia,3,1,0,,0,0
U0125,2023-06-01,free,Finance,51-200,referral,Australia,3,1,1,,0,0
U0126,2023-01-01,starter,Finance,51-200,social,Australia,10,1,0,,29,0
U0126,2023-02-01,starter,Finance,51-200,social,Australia,6,1,0,,29,0
U0126,2023-03-01,starter,Finance,51-200,social,Australia,7,1,1,,29,0
U0126,2023-04-01,starter,Finance,51-200,social,Australia,7,1,0,,29,0
U0126,2023-05-01,starter,Finance,51-200,social,Australia,11,3,0,,29,0
U0126,2023-06-01,starter,Finance,51-200,social,Australia,10,2,1,,29,0
U0126,2023-07-01,starter,Finance,51-200,social,Australia,8,1,1,,29,0
U0126,2023-08-01,starter,Finance,51-200,social,Australia,4,2,0,,29,0
U0126,2023-09-01,starter,Finance,51-200,social,Australia,9,2,2,,29,0
U0126,2023-10-01,starter,Finance,51-200,social,Australia,10,2,0,6.0,29,0
U0126,2023-11-01,starter,Finance,51-200,social,Australia,10,1,2,,29,0
U0126,2023-12-01,starter,Finance,51-200,social,Australia,8,3,2,5.0,29,0
U0127,2023-01-01,pro,Healthcare,201-1000,organic,USA,5,6,0,,99,0
U0127,2023-02-01,pro,Healthcare,201-1000,organic,USA,20,5,0,,99,0
U0127,2023-03-01,pro,Healthcare,201-1000,organic,USA,14,5,0,,99,0
U0127,2023-04-01,pro,Healthcare,201-1000,organic,USA,16,6,0,,99,0
U0127,2023-05-01,pro,Healthcare,201-1000,organic,USA,15,7,1,6.0,99,0
U0127,2023-06-01,pro,Healthcare,201-1000,organic,USA,16,9,2,,99,0
U0127,2023-07-01,pro,Healthcare,201-1000,organic,USA,20,7,0,7.0,99,0
U0127,2023-08-01,pro,Healthcare,201-1000,organic,USA,19,5,1,10.0,99,0
U0127,2023-09-01,pro,Healthcare,201-1000,organic,USA,17,7,0,9.0,99,0
U0127,2023-10-01,pro,Healthcare,201-1000,organic,USA,20,5,0,,99,0
U0127,2023-11-01,pro,Healthcare,201-1000,organic,USA,16,7,0,,99,0
U0127,2023-12-01,pro,Healthcare,201-1000,organic,USA,18,5,1,,99,0
U0128,2023-01-01,pro,Finance,51-200,direct,Canada,15,6,1,,99,0
U0128,2023-02-01,pro,Finance,51-200,direct,Canada,14,7,0,,99,0
U0128,2023-03-01,pro,Finance,51-200,direct,Canada,26,4,2,,99,0
U0128,2023-04-01,pro,Finance,51-200,direct,Canada,22,5,0,10.0,99,0
U0128,2023-05-01,pro,Finance,51-200,direct,Canada,22,6,0,,99,0
U0128,2023-06-01,pro,Finance,51-200,direct,Canada,17,7,1,,99,0
U0128,2023-07-01,pro,Finance,51-200,direct,Canada,17,7,0,,99,0
U0128,2023-08-01,pro,Finance,51-200,direct,Canada,19,6,1,,99,0
U0128,2023-09-01,pro,Finance,51-200,direct,Canada,22,5,2,,99,0
U0128,2023-10-01,pro,Finance,51-200,direct,Canada,22,6,0,5.0,99,0
U0128,2023-11-01,pro,Finance,51-200,direct,Canada,22,6,1,,99,0
U0128,2023-12-01,pro,Finance,51-200,direct,Canada,20,6,0,,99,0
U0129,2023-01-01,free,Education,51-200,organic,UK,1,1,1,,0,0
U0129,2023-02-01,free,Education,51-200,organic,UK,3,1,2,,0,0
U0129,2023-03-01,free,Education,51-200,organic,UK,4,1,2,,0,0
U0130,2023-01-01,starter,Retail,1-10,direct,USA,5,2,0,7.0,29,0
U0130,2023-02-01,starter,Retail,1-10,direct,USA,9,4,1,,29,0
U0130,2023-03-01,starter,Retail,1-10,direct,USA,3,2,1,,29,0
U0130,2023-04-01,starter,Retail,1-10,direct,USA,2,2,1,,29,0
U0130,2023-05-01,starter,Retail,1-10,direct,USA,7,1,1,,29,0
U0130,2023-06-01,starter,Retail,1-10,direct,USA,4,1,3,,29,0
U0130,2023-07-01,starter,Retail,1-10,direct,USA,13,4,3,,29,0
U0130,2023-08-01,starter,Retail,1-10,direct,USA,5,4,0,,29,0
U0130,2023-09-01,starter,Retail,1-10,direct,USA,6,4,1,4.0,29,0
U0130,2023-10-01,starter,Retail,1-10,direct,USA,10,2,2,,29,0
U0130,2023-11-01,starter,Retail,1-10,direct,USA,6,1,1,,29,0
U0130,2023-12-01,starter,Retail,1-10,direct,USA,5,1,2,,29,0
U0131,2023-01-01,starter,Education,11-50,direct,Other,5,3,0,,29,0
U0131,2023-02-01,starter,Education,11-50,direct,Other,7,5,0,,29,0
U0131,2023-03-01,starter,Education,11-50,direct,Other,8,2,0,,29,0
U0131,2023-04-01,starter,Education,11-50,direct,Other,8,2,0,,29,0
U0131,2023-05-01,starter,Education,11-50,direct,Other,6,1,2,,29,0
U0132,2023-01-01,free,Healthcare,1-10,referral,USA,2,1,3,,0,0
U0132,2023-02-01,free,Healthcare,1-10,referral,USA,3,1,1,,0,0
U0132,2023-03-01,free,Healthcare,1-10,referral,USA,3,3,2,,0,0
U0132,2023-04-01,free,Healthcare,1-10,referral,USA,4,3,0,,0,0
U0132,2023-05-01,free,Healthcare,1-10,referral,USA,2,1,1,,0,0
U0132,2023-06-01,free,Healthcare,1-10,referral,USA,2,1,2,,0,0
U0132,2023-07-01,free,Healthcare,1-10,referral,USA,2,1,2,,0,0
U0132,2023-08-01,free,Healthcare,1-10,referral,USA,4,1,0,,0,0
U0133,2023-01-01,free,Education,51-200,direct,USA,3,1,0,,0,0
U0133,2023-02-01,free,Education,51-200,direct,USA,4,1,1,,0,0
U0133,2023-03-01,free,Education,51-200,direct,USA,5,2,1,,0,0
U0133,2023-04-01,free,Education,51-200,direct,USA,2,1,0,,0,0
U0133,2023-05-01,free,Education,51-200,direct,USA,1,1,0,,0,0
U0133,2023-06-01,free,Education,51-200,direct,USA,3,1,1,,0,0
U0134,2023-01-01,free,Retail,11-50,paid_search,Canada,2,1,0,,0,0
U0134,2023-02-01,free,Retail,11-50,paid_search,Canada,4,1,2,,0,0
U0134,2023-03-01,free,Retail,11-50,paid_search,Canada,2,1,0,,0,0
U0134,2023-04-01,free,Retail,11-50,paid_search,Canada,4,1,1,,0,0
U0134,2023-05-01,free,Retail,11-50,paid_search,Canada,2,1,1,,0,0
U0134,2023-06-01,free,Retail,11-50,paid_search,Canada,2,1,0,,0,0
U0134,2023-07-01,free,Retail,11-50,paid_search,Canada,1,1,1,6.0,0,0
U0135,2023-01-01,enterprise,Ecommerce,51-200,organic,India,27,6,2,,399,0
U0135,2023-02-01,enterprise,Ecommerce,51-200,organic,India,43,10,0,,399,0
U0135,2023-03-01,enterprise,Ecommerce,51-200,organic,India,33,10,0,,399,0
U0135,2023-04-01,enterprise,Ecommerce,51-200,organic,India,15,10,1,,399,0
U0135,2023-05-01,enterprise,Ecommerce,51-200,organic,India,36,10,1,,399,0
U0135,2023-06-01,enterprise,Ecommerce,51-200,organic,India,29,10,0,,399,0
U0135,2023-07-01,enterprise,Ecommerce,51-200,organic,India,31,10,1,7.0,399,0
U0135,2023-08-01,enterprise,Ecommerce,51-200,organic,India,48,10,0,7.0,399,0
U0135,2023-09-01,enterprise,Ecommerce,51-200,organic,India,37,10,1,,399,0
U0135,2023-10-01,enterprise,Ecommerce,51-200,organic,India,50,10,0,,399,0
U0135,2023-11-01,enterprise,Ecommerce,51-200,organic,India,34,10,0,,399,0
U0135,2023-12-01,enterprise,Ecommerce,51-200,organic,India,28,10,0,,399,0
U0136,2023-01-01,free,Healthcare,1-10,paid_search,USA,4,1,1,,0,0
U0137,2023-01-01,starter,Ecommerce,1-10,paid_search,Germany,11,2,0,,29,0
U0137,2023-02-01,starter,Ecommerce,1-10,paid_search,Germany,8,4,0,,29,0
U0137,2023-03-01,starter,Ecommerce,1-10,paid_search,Germany,9,3,0,,29,0
U0137,2023-04-01,starter,Ecommerce,1-10,paid_search,Germany,3,4,1,,29,0
U0137,2023-05-01,starter,Ecommerce,1-10,paid_search,Germany,7,1,0,5.0,29,0
U0137,2023-06-01,starter,Ecommerce,1-10,paid_search,Germany,3,1,1,,29,0
U0137,2023-07-01,starter,Ecommerce,1-10,paid_search,Germany,5,3,2,,29,0
U0137,2023-08-01,starter,Ecommerce,1-10,paid_search,Germany,4,2,2,,29,0
U0137,2023-09-01,starter,Ecommerce,1-10,paid_search,Germany,9,2,2,,29,0
U0137,2023-10-01,starter,Ecommerce,1-10,paid_search,Germany,6,1,2,5.0,29,0
U0137,2023-11-01,starter,Ecommerce,1-10,paid_search,Germany,8,2,1,,29,0
U0137,2023-12-01,starter,Ecommerce,1-10,paid_search,Germany,7,2,1,,29,0
U0139,2023-01-01,free,Ecommerce,1-10,referral,USA,2,1,1,,0,0
U0139,2023-02-01,free,Ecommerce,1-10,referral,USA,3,3,0,,0,0
U0139,2023-03-01,free,Ecommerce,1-10,referral,USA,2,2,1,,0,0
U0139,2023-04-01,free,Ecommerce,1-10,referral,USA,2,1,0,,0,0
U0139,2023-05-01,free,Ecommerce,1-10,referral,USA,1,2,0,,0,0
U0139,2023-06-01,free,Ecommerce,1-10,referral,USA,2,4,0,,0,0
U0139,2023-07-01,free,Ecommerce,1-10,referral,USA,4,1,0,,0,0
U0139,2023-08-01,free,Ecommerce,1-10,referral,USA,3,1,0,,0,0
U0139,2023-09-01,free,Ecommerce,1-10,referral,USA,1,3,1,4.0,0,0
U0139,2023-10-01,free,Ecommerce,1-10,referral,USA,3,2,0,,0,0
U0140,2023-01-01,enterprise,SaaS,1-10,direct,USA,30,10,1,,399,0
U0140,2023-02-01,enterprise,SaaS,1-10,direct,USA,32,10,2,,399,0
U0140,2023-03-01,enterprise,SaaS,1-10,direct,USA,34,10,0,,399,0
U0140,2023-04-01,enterprise,SaaS,1-10,direct,USA,35,10,1,,399,0
U0140,2023-05-01,enterprise,SaaS,1-10,direct,USA,45,10,0,,399,0
U0140,2023-06-01,enterprise,SaaS,1-10,direct,USA,19,10,1,,399,0
U0140,2023-07-01,enterprise,SaaS,1-10,direct,USA,34,10,0,,399,0
U0140,2023-08-01,enterprise,SaaS,1-10,direct,USA,26,10,0,,399,0
U0140,2023-09-01,enterprise,SaaS,1-10,direct,USA,41,10,0,,399,0
U0140,2023-10-01,enterprise,SaaS,1-10,direct,USA,39,10,0,,399,0
U0140,2023-11-01,enterprise,SaaS,1-10,direct,USA,29,10,1,,399,0
U0140,2023-12-01,enterprise,SaaS,1-10,direct,USA,21,10,1,,399,0
U0141,2023-01-01,enterprise,SaaS,1-10,organic,Canada,41,9,0,,399,0
U0141,2023-02-01,enterprise,SaaS,1-10,organic,Canada,29,10,1,,399,0
U0141,2023-03-01,enterprise,SaaS,1-10,organic,Canada,43,10,0,,399,0
U0141,2023-04-01,enterprise,SaaS,1-10,organic,Canada,33,10,1,,399,0
U0141,2023-05-01,enterprise,SaaS,1-10,organic,Canada,34,10,0,,399,0
U0141,2023-06-01,enterprise,SaaS,1-10,organic,Canada,37,10,1,,399,0
U0141,2023-07-01,enterprise,SaaS,1-10,organic,Canada,31,10,0,,399,0
U0141,2023-08-01,enterprise,SaaS,1-10,organic,Canada,52,10,0,5.0,399,0
U0142,2023-01-01,free,Ecommerce,1000+,referral,USA,1,2,0,,0,0
U0142,2023-02-01,free,Ecommerce,1000+,referral,USA,1,1,1,,0,0
U0142,2023-03-01,free,Ecommerce,1000+,referral,USA,3,1,0,,0,0
U0142,2023-04-01,free,Ecommerce,1000+,referral,USA,3,1,0,,0,0
U0143,2023-01-01,starter,Healthcare,51-200,social,Other,7,4,1,,29,0
U0143,2023-02-01,starter,Healthcare,51-200,social,Other,4,1,1,6.0,29,0
U0143,2023-03-01,starter,Healthcare,51-200,social,Other,10,1,0,,29,0
U0143,2023-04-01,starter,Healthcare,51-200,social,Other,7,3,0,,29,0
U0143,2023-05-01,starter,Healthcare,51-200,social,Other,7,1,0,,29,0
U0143,2023-06-01,starter,Healthcare,51-200,social,Other,9,2,1,,29,0
U0143,2023-07-01,starter,Healthcare,51-200,social,Other,8,1,0,,29,0
U0143,2023-08-01,starter,Healthcare,51-200,social,Other,8,1,0,,29,0
U0143,2023-09-01,starter,Healthcare,51-200,social,Other,7,4,1,,29,0
U0143,2023-10-01,starter,Healthcare,51-200,social,Other,6,3,0,,29,0
U0143,2023-11-01,starter,Healthcare,51-200,social,Other,7,1,1,,29,0
U0143,2023-12-01,starter,Healthcare,51-200,social,Other,5,4,0,,29,0
U0144,2023-01-01,free,Retail,11-50,direct,Australia,3,1,2,,0,0
U0144,2023-02-01,free,Retail,11-50,direct,Australia,3,1,2,3.0,0,0
U0144,2023-03-01,free,Retail,11-50,direct,Australia,3,1,0,7.0,0,0
U0147,2023-01-01,starter,Retail,51-200,direct,Other,6,2,2,,29,0
U0147,2023-02-01,starter,Retail,51-200,direct,Other,10,4,3,,29,0
U0147,2023-03-01,starter,Retail,51-200,direct,Other,10,2,0,,29,0
U0147,2023-04-01,starter,Retail,51-200,direct,Other,5,2,0,,29,0
U0147,2023-05-01,starter,Retail,51-200,direct,Other,6,2,0,,29,0
U0147,2023-06-01,starter,Retail,51-200,direct,Other,9,1,0,,29,0
U0147,2023-07-01,starter,Retail,51-200,direct,Other,11,2,1,,29,0
U0147,2023-08-01,starter,Retail,51-200,direct,Other,11,2,2,8.0,29,0
U0147,2023-09-01,starter,Retail,51-200,direct,Other,9,4,2,,29,0
U0147,2023-10-01,starter,Retail,51-200,direct,Other,8,3,2,5.0,29,0
U0147,2023-11-01,starter,Retail,51-200,direct,Other,10,1,2,,29,0
U0147,2023-12-01,starter,Retail,51-200,direct,Other,7,3,0,8.0,29,0
U0148,2023-01-01,starter,SaaS,51-200,referral,UK,11,1,3,,29,0
U0148,2023-02-01,starter,SaaS,51-200,referral,UK,5,2,0,,29,0
U0149,2023-01-01,free,SaaS,1-10,organic,USA,4,1,0,,0,0
U0149,2023-02-01,free,SaaS,1-10,organic,USA,2,1,0,,0,0
U0149,2023-03-01,free,SaaS,1-10,organic,USA,3,1,2,5.0,0,0
U0149,2023-04-01,free,SaaS,1-10,organic,USA,2,3,2,,0,0
U0149,2023-05-01,free,SaaS,1-10,organic,USA,1,1,5,,0,0
U0149,2023-06-01,free,SaaS,1-10,organic,USA,2,1,1,,0,0
U0151,2023-01-01,enterprise,Finance,1-10,referral,USA,43,10,0,6.0,399,0
U0151,2023-02-01,enterprise,Finance,1-10,referral,USA,23,10,0,,399,0
U0151,2023-03-01,enterprise,Finance,1-10,referral,USA,49,10,2,,399,0
U0151,2023-04-01,enterprise,Finance,1-10,referral,USA,29,10,1,8.0,399,0
U0151,2023-05-01,enterprise,Finance,1-10,referral,USA,38,10,0,,399,0
U0151,2023-06-01,enterprise,Finance,1-10,referral,USA,30,10,0,,399,0
U0151,2023-07-01,enterprise,Finance,1-10,referral,USA,44,10,0,,399,0
U0151,2023-08-01,enterprise,Finance,1-10,referral,USA,23,10,1,,399,0
U0151,2023-09-01,enterprise,Finance,1-10,referral,USA,27,10,0,,399,0
U0151,2023-10-01,enterprise,Finance,1-10,referral,USA,50,9,0,,399,0
U0151,2023-11-01,enterprise,Finance,1-10,referral,USA,38,10,0,,399,0
U0151,2023-12-01,enterprise,Finance,1-10,referral,USA,43,10,0,,399,0
U0152,2023-01-01,free,Ecommerce,51-200,organic,Germany,2,2,2,,0,0
U0152,2023-02-01,free,Ecommerce,51-200,organic,Germany,3,1,0,,0,0
U0152,2023-03-01,free,Ecommerce,51-200,organic,Germany,2,1,3,6.0,0,0
U0152,2023-04-01,free,Ecommerce,51-200,organic,Germany,4,1,0,,0,0
U0152,2023-05-01,free,Ecommerce,51-200,organic,Germany,1,1,0,,0,0
U0152,2023-06-01,free,Ecommerce,51-200,organic,Germany,3,1,0,,0,0
U0152,2023-07-01,free,Ecommerce,51-200,organic,Germany,1,1,0,,0,0
U0152,2023-08-01,free,Ecommerce,51-200,organic,Germany,3,1,0,,0,0
U0152,2023-09-01,free,Ecommerce,51-200,organic,Germany,2,1,1,8.0,0,0
U0152,2023-10-01,free,Ecommerce,51-200,organic,Germany,4,2,1,,0,0
U0152,2023-11-01,free,Ecommerce,51-200,organic,Germany,2,2,1,5.0,0,0
U0152,2023-12-01,free,Ecommerce,51-200,organic,Germany,3,1,0,,0,0
U0153,2023-01-01,free,SaaS,51-200,referral,UK,1,1,0,6.0,0,0
U0153,2023-02-01,free,SaaS,51-200,referral,UK,3,3,1,,0,0
U0153,2023-03-01,free,SaaS,51-200,referral,UK,1,1,0,,0,0
U0153,2023-04-01,free,SaaS,51-200,referral,UK,2,3,0,,0,0
U0153,2023-05-01,free,SaaS,51-200,referral,UK,3,1,1,,0,0
U0153,2023-06-01,free,SaaS,51-200,referral,UK,3,1,0,,0,0
U0153,2023-07-01,free,SaaS,51-200,referral,UK,2,1,3,,0,0
U0153,2023-08-01,free,SaaS,51-200,referral,UK,2,1,2,,0,0
U0153,2023-09-01,free,SaaS,51-200,referral,UK,2,1,0,,0,0
U0153,2023-10-01,free,SaaS,51-200,referral,UK,2,1,3,,0,0
U0153,2023-11-01,free,SaaS,51-200,referral,UK,2,1,0,5.0,0,0
U0153,2023-12-01,free,SaaS,51-200,referral,UK,1,1,1,4.0,0,0
U0154,2023-01-01,starter,Education,1-10,referral,USA,5,2,0,,29,0
U0154,2023-02-01,starter,Education,1-10,referral,USA,6,1,2,,29,0
U0154,2023-03-01,starter,Education,1-10,referral,USA,10,2,0,,29,0
U0154,2023-04-01,starter,Education,1-10,referral,USA,7,2,1,6.0,29,0
U0154,2023-05-01,starter,Education,1-10,referral,USA,7,1,2,,29,0
U0154,2023-06-01,starter,Education,1-10,referral,USA,7,1,2,,29,0
U0154,2023-07-01,starter,Education,1-10,referral,USA,9,1,1,,29,0
U0154,2023-08-01,starter,Education,1-10,referral,USA,6,1,0,,29,0
U0154,2023-09-01,starter,Education,1-10,referral,USA,10,1,1,9.0,29,0
U0154,2023-10-01,starter,Education,1-10,referral,USA,7,1,1,,29,0
U0154,2023-11-01,starter,Education,1-10,referral,USA,3,3,2,,29,0
U0154,2023-12-01,starter,Education,1-10,referral,USA,7,3,1,7.0,29,0
U0155,2023-01-01,enterprise,Healthcare,1-10,organic,Canada,42,10,0,,399,0
U0155,2023-02-01,enterprise,Healthcare,1-10,organic,Canada,36,10,1,,399,0
U0155,2023-03-01,enterprise,Healthcare,1-10,organic,Canada,36,10,0,,399,0
U0155,2023-04-01,enterprise,Healthcare,1-10,organic,Canada,48,10,0,,399,0
U0155,2023-05-01,enterprise,Healthcare,1-10,organic,Canada,47,10,0,,399,0
U0155,2023-06-01,enterprise,Healthcare,1-10,organic,Canada,51,9,1,,399,0
U0155,2023-07-01,enterprise,Healthcare,1-10,organic,Canada,28,10,0,,399,0
U0155,2023-08-01,enterprise,Healthcare,1-10,organic,Canada,32,10,0,,399,0
U0155,2023-09-01,enterprise,Healthcare,1-10,organic,Canada,31,10,0,,399,0
U0155,2023-10-01,enterprise,Healthcare,1-10,organic,Canada,33,10,0,,399,0
U0155,2023-11-01,enterprise,Healthcare,1-10,organic,Canada,39,10,0,,399,0
U0155,2023-12-01,enterprise,Healthcare,1-10,organic,Canada,50,10,0,,399,0
U0157,2023-01-01,starter,Healthcare,1000+,referral,Canada,9,3,0,,29,0
U0157,2023-02-01,starter,Healthcare,1000+,referral,Canada,7,3,0,,29,0
U0157,2023-03-01,starter,Healthcare,1000+,referral,Canada,9,2,2,6.0,29,0
U0157,2023-04-01,starter,Healthcare,1000+,referral,Canada,11,2,0,,29,0
U0157,2023-05-01,starter,Healthcare,1000+,referral,Canada,11,1,1,,29,0
U0157,2023-06-01,starter,Healthcare,1000+,referral,Canada,10,3,0,,29,0
U0157,2023-07-01,starter,Healthcare,1000+,referral,Canada,9,1,1,,29,0
U0157,2023-08-01,starter,Healthcare,1000+,referral,Canada,10,1,0,,29,0
U0157,2023-09-01,starter,Healthcare,1000+,referral,Canada,6,4,0,,29,0
U0158,2023-01-01,pro,Ecommerce,1-10,paid_search,USA,10,4,2,,99,0
U0158,2023-02-01,pro,Ecommerce,1-10,paid_search,USA,16,6,1,,99,0
U0158,2023-03-01,pro,Ecommerce,1-10,paid_search,USA,21,4,1,,99,0
U0158,2023-04-01,pro,Ecommerce,1-10,paid_search,USA,18,6,2,,99,0
U0158,2023-05-01,pro,Ecommerce,1-10,paid_search,USA,9,6,1,,99,0
U0158,2023-06-01,pro,Ecommerce,1-10,paid_search,USA,22,6,0,,99,0
U0158,2023-07-01,pro,Ecommerce,1-10,paid_search,USA,25,6,0,,99,0
U0158,2023-08-01,pro,Ecommerce,1-10,paid_search,USA,17,4,2,,99,0
U0158,2023-09-01,pro,Ecommerce,1-10,paid_search,USA,9,6,2,,99,0
U0158,2023-10-01,pro,Ecommerce,1-10,paid_search,USA,20,7,1,7.0,99,0
U0158,2023-11-01,pro,Ecommerce,1-10,paid_search,USA,16,4,2,,99,0
U0158,2023-12-01,pro,Ecommerce,1-10,paid_search,USA,23,5,1,,99,0
U0159,2023-01-01,free,Ecommerce,51-200,organic,Australia,2,1,0,,0,0
U0159,2023-02-01,free,Ecommerce,51-200,organic,Australia,3,4,2,,0,0
U0159,2023-03-01,free,Ecommerce,51-200,organic,Australia,3,1,0,,0,0
U0160,2023-01-01,pro,Retail,51-200,organic,Australia,14,5,0,,99,0
U0160,2023-02-01,pro,Retail,51-200,organic,Australia,20,5,0,,99,0
U0160,2023-03-01,pro,Retail,51-200,organic,Australia,17,5,0,5.0,99,0
U0160,2023-04-01,pro,Retail,51-200,organic,Australia,21,9,3,,99,0
U0160,2023-05-01,pro,Retail,51-200,organic,Australia,18,5,2,,99,0
U0160,2023-06-01,pro,Retail,51-200,organic,Australia,25,6,0,,99,0
U0160,2023-07-01,pro,Retail,51-200,organic,Australia,28,3,0,,99,0
U0160,2023-08-01,pro,Retail,51-200,organic,Australia,16,5,1,5.0,99,0
U0160,2023-09-01,pro,Retail,51-200,organic,Australia,20,5,0,7.0,99,0
U0160,2023-10-01,pro,Retail,51-200,organic,Australia,24,7,0,7.0,99,0
U0160,2023-11-01,pro,Retail,51-200,organic,Australia,13,4,0,,99,0
U0160,2023-12-01,pro,Retail,51-200,organic,Australia,13,7,1,,99,0
U0161,2023-01-01,free,SaaS,11-50,paid_search,UK,3,1,1,,0,0
U0161,2023-02-01,free,SaaS,11-50,paid_search,UK,5,1,2,,0,0
U0161,2023-03-01,free,SaaS,11-50,paid_search,UK,3,1,0,,0,0
U0161,2023-04-01,free,SaaS,11-50,paid_search,UK,2,1,0,,0,0
U0161,2023-05-01,free,SaaS,11-50,paid_search,UK,3,1,1,,0,0
U0161,2023-06-01,free,SaaS,11-50,paid_search,UK,3,1,1,,0,0
U0163,2023-01-01,starter,Healthcare,1-10,organic,USA,8,5,1,,29,0
U0163,2023-02-01,starter,Healthcare,1-10,organic,USA,3,4,1,,29,0
U0163,2023-03-01,starter,Healthcare,1-10,organic,USA,7,2,0,,29,0
U0163,2023-04-01,starter,Healthcare,1-10,organic,USA,9,3,0,7.0,29,0
U0163,2023-05-01,starter,Healthcare,1-10,organic,USA,11,3,2,,29,0
U0163,2023-06-01,starter,Healthcare,1-10,organic,USA,9,2,1,,29,0
U0165,2023-01-01,free,Education,51-200,organic,USA,2,2,2,,0,0
U0165,2023-02-01,free,Education,51-200,organic,USA,4,2,1,,0,0
U0165,2023-03-01,free,Education,51-200,organic,USA,3,1,1,,0,0
U0165,2023-04-01,free,Education,51-200,organic,USA,1,1,0,,0,0
U0166,2023-01-01,pro,Education,51-200,organic,USA,14,7,1,,99,0
U0166,2023-02-01,pro,Education,51-200,organic,USA,23,5,1,6.0,99,0
U0166,2023-03-01,pro,Education,51-200,organic,USA,18,4,2,,99,0
U0166,2023-04-01,pro,Education,51-200,organic,USA,23,4,2,,99,0
U0166,2023-05-01,pro,Education,51-200,organic,USA,15,8,1,,99,0
U0166,2023-06-01,pro,Education,51-200,organic,USA,9,4,2,,99,0
U0166,2023-07-01,pro,Education,51-200,organic,USA,19,7,0,,99,0
U0166,2023-08-01,pro,Education,51-200,organic,USA,23,5,0,,99,0
U0166,2023-09-01,pro,Education,51-200,organic,USA,25,6,0,10.0,99,0
U0166,2023-10-01,pro,Education,51-200,organic,USA,22,7,0,,99,0
U0166,2023-11-01,pro,Education,51-200,organic,USA,20,6,2,,99,0
U0166,2023-12-01,pro,Education,51-200,organic,USA,23,3,0,,99,0
U0167,2023-01-01,free,SaaS,11-50,social,USA,3,1,3,,0,0
U0167,2023-02-01,free,SaaS,11-50,social,USA,2,1,0,,0,0
U0167,2023-03-01,free,SaaS,11-50,social,USA,2,1,0,,0,0
U0168,2023-01-01,free,SaaS,1-10,referral,UK,2,2,1,,0,0
U0168,2023-02-01,free,SaaS,1-10,referral,UK,1,3,2,,0,0
U0168,2023-03-01,free,SaaS,1-10,referral,UK,2,1,1,,0,0
U0168,2023-04-01,free,SaaS,1-10,referral,UK,1,1,0,,0,0
U0168,2023-05-01,free,SaaS,1-10,referral,UK,4,1,1,,0,0
U0168,2023-06-01,free,SaaS,1-10,referral,UK,2,1,0,,0,0
U0168,2023-07-01,free,SaaS,1-10,referral,UK,3,1,1,,0,0
U0168,2023-08-01,free,SaaS,1-10,referral,UK,2,1,1,,0,0
U0168,2023-09-01,free,SaaS,1-10,referral,UK,2,1,1,,0,0
U0168,2023-10-01,free,SaaS,1-10,referral,UK,2,1,0,6.0,0,0
U0168,2023-11-01,free,SaaS,1-10,referral,UK,1,1,2,,0,0
U0169,2023-01-01,free,Finance,1000+,organic,UK,3,1,0,,0,0
U0169,2023-02-01,free,Finance,1000+,organic,UK,2,2,1,,0,0
U0169,2023-03-01,free,Finance,1000+,organic,UK,1,1,1,,0,0
U0169,2023-04-01,free,Finance,1000+,organic,UK,4,1,0,,0,0
U0169,2023-05-01,free,Finance,1000+,organic,UK,2,1,0,,0,0
U0169,2023-06-01,free,Finance,1000+,organic,UK,3,1,0,,0,0
U0169,2023-07-01,free,Finance,1000+,organic,UK,2,1,1,,0,0
U0169,2023-08-01,free,Finance,1000+,organic,UK,1,2,1,7.0,0,0
U0169,2023-09-01,free,Finance,1000+,organic,UK,4,1,1,,0,0
U0169,2023-10-01,free,Finance,1000+,organic,UK,3,3,1,4.0,0,0
U0169,2023-11-01,free,Finance,1000+,organic,UK,2,1,1,,0,0
U0169,2023-12-01,free,Finance,1000+,organic,UK,4,1,2,,0,0
U0170,2023-01-01,starter,Retail,51-200,paid_search,Australia,5,3,2,,29,0
U0170,2023-02-01,starter,Retail,51-200,paid_search,Australia,10,1,1,,29,0
U0170,2023-03-01,starter,Retail,51-200,paid_search,Australia,7,2,1,,29,0
U0170,2023-04-01,starter,Retail,51-200,paid_search,Australia,4,6,1,,29,0
U0170,2023-05-01,starter,Retail,51-200,paid_search,Australia,8,4,1,4.0,29,0
U0170,2023-06-01,starter,Retail,51-200,paid_search,Australia,5,1,1,,29,0
U0170,2023-07-01,starter,Retail,51-200,paid_search,Australia,8,1,0,,29,0
U0170,2023-08-01,starter,Retail,51-200,paid_search,Australia,10,2,1,,29,0
U0170,2023-09-01,starter,Retail,51-200,paid_search,Australia,6,3,0,,29,0
U0170,2023-10-01,starter,Retail,51-200,paid_search,Australia,9,4,0,,29,0
U0170,2023-11-01,starter,Retail,51-200,paid_search,Australia,6,4,2,6.0,29,0
U0170,2023-12-01,starter,Retail,51-200,paid_search,Australia,6,1,1,,29,0
U0171,2023-01-01,starter,Education,1-10,organic,USA,8,2,0,,29,0
U0171,2023-02-01,starter,Education,1-10,organic,USA,7,3,2,5.0,29,0
U0171,2023-03-01,starter,Education,1-10,organic,USA,8,1,2,,29,0
U0171,2023-04-01,starter,Education,1-10,organic,USA,8,4,0,,29,0
U0171,2023-05-01,starter,Education,1-10,organic,USA,9,5,0,5.0,29,0
U0171,2023-06-01,starter,Education,1-10,organic,USA,6,1,0,3.0,29,0
U0172,2023-01-01,free,Ecommerce,1000+,paid_search,USA,1,3,2,,0,0
U0172,2023-02-01,free,Ecommerce,1000+,paid_search,USA,2,2,1,,0,0
U0172,2023-03-01,free,Ecommerce,1000+,paid_search,USA,3,1,0,,0,0
U0172,2023-04-01,free,Ecommerce,1000+,paid_search,USA,3,1,0,5.0,0,0
U0172,2023-05-01,free,Ecommerce,1000+,paid_search,USA,3,1,1,,0,0
U0172,2023-06-01,free,Ecommerce,1000+,paid_search,USA,2,2,1,,0,0
U0172,2023-07-01,free,Ecommerce,1000+,paid_search,USA,3,1,2,,0,0
U0172,2023-08-01,free,Ecommerce,1000+,paid_search,USA,3,1,1,,0,0
U0173,2023-01-01,starter,Healthcare,51-200,referral,Australia,6,1,0,,29,0
U0173,2023-02-01,starter,Healthcare,51-200,referral,Australia,7,1,0,,29,0
U0173,2023-03-01,starter,Healthcare,51-200,referral,Australia,3,3,1,,29,0
U0173,2023-04-01,starter,Healthcare,51-200,referral,Australia,10,1,1,,29,0
U0173,2023-05-01,starter,Healthcare,51-200,referral,Australia,6,1,2,,29,0
U0175,2023-01-01,starter,Healthcare,51-200,organic,USA,8,3,1,,29,0
U0175,2023-02-01,starter,Healthcare,51-200,organic,USA,5,1,3,,29,0
U0176,2023-01-01,free,Healthcare,201-1000,paid_search,UK,4,1,0,3.0,0,0
U0176,2023-02-01,free,Healthcare,201-1000,paid_search,UK,3,1,2,5.0,0,0
U0176,2023-03-01,free,Healthcare,201-1000,paid_search,UK,2,1,1,4.0,0,0
U0176,2023-04-01,free,Healthcare,201-1000,paid_search,UK,2,1,0,,0,0
U0176,2023-05-01,free,Healthcare,201-1000,paid_search,UK,1,2,0,,0,0
U0176,2023-06-01,free,Healthcare,201-1000,paid_search,UK,3,2,0,,0,0
U0176,2023-07-01,free,Healthcare,201-1000,paid_search,UK,2,1,1,,0,0
U0176,2023-08-01,free,Healthcare,201-1000,paid_search,UK,2,2,0,,0,0
U0176,2023-09-01,free,Healthcare,201-1000,paid_search,UK,1,1,0,10.0,0,0
U0176,2023-10-01,free,Healthcare,201-1000,paid_search,UK,3,2,2,,0,0
U0176,2023-11-01,free,Healthcare,201-1000,paid_search,UK,3,1,1,,0,0
U0176,2023-12-01,free,Healthcare,201-1000,paid_search,UK,2,2,0,,0,0
U0177,2023-01-01,starter,Finance,51-200,social,USA,9,3,0,,29,0
U0177,2023-02-01,starter,Finance,51-200,social,USA,8,1,0,6.0,29,0
U0177,2023-03-01,starter,Finance,51-200,social,USA,9,2,0,,29,0
U0177,2023-04-01,starter,Finance,51-200,social,USA,10,4,1,,29,0
U0177,2023-05-01,starter,Finance,51-200,social,USA,12,2,0,,29,0
U0177,2023-06-01,starter,Finance,51-200,social,USA,6,1,0,,29,0
U0178,2023-01-01,free,Education,1-10,direct,Other,2,2,2,,0,0
U0179,2023-01-01,enterprise,SaaS,11-50,organic,USA,29,10,0,,399,0
U0179,2023-02-01,enterprise,SaaS,11-50,organic,USA,39,8,0,,399,0
U0179,2023-03-01,enterprise,SaaS,11-50,organic,USA,20,10,0,,399,0
U0179,2023-04-01,enterprise,SaaS,11-50,organic,USA,18,10,0,,399,0
U0179,2023-05-01,enterprise,SaaS,11-50,organic,USA,23,10,1,,399,0
U0179,2023-06-01,enterprise,SaaS,11-50,organic,USA,19,10,0,,399,0
U0179,2023-07-01,enterprise,SaaS,11-50,organic,USA,41,10,2,,399,0
U0179,2023-08-01,enterprise,SaaS,11-50,organic,USA,40,9,0,7.0,399,0
U0179,2023-09-01,enterprise,SaaS,11-50,organic,USA,20,10,0,,399,0
U0179,2023-10-01,enterprise,SaaS,11-50,organic,USA,42,10,0,,399,0
U0179,2023-11-01,enterprise,SaaS,11-50,organic,USA,36,10,1,,399,0
U0179,2023-12-01,enterprise,SaaS,11-50,organic,USA,14,10,0,,399,0
U0181,2023-01-01,free,SaaS,1-10,paid_search,Germany,1,2,0,,0,0
U0181,2023-02-01,free,SaaS,1-10,paid_search,Germany,4,1,1,,0,0
U0181,2023-03-01,free,SaaS,1-10,paid_search,Germany,1,1,0,,0,0
U0181,2023-04-01,free,SaaS,1-10,paid_search,Germany,3,1,1,,0,0
U0181,2023-05-01,free,SaaS,1-10,paid_search,Germany,2,2,0,5.0,0,0
U0181,2023-06-01,free,SaaS,1-10,paid_search,Germany,5,1,3,6.0,0,0
U0181,2023-07-01,free,SaaS,1-10,paid_search,Germany,2,1,1,,0,0
U0181,2023-08-01,free,SaaS,1-10,paid_search,Germany,2,1,0,,0,0
U0182,2023-01-01,free,Ecommerce,11-50,paid_search,Canada,2,1,0,10.0,0,0
U0182,2023-02-01,free,Ecommerce,11-50,paid_search,Canada,1,3,1,,0,0
U0182,2023-03-01,free,Ecommerce,11-50,paid_search,Canada,2,1,1,,0,0
U0183,2023-01-01,enterprise,Finance,11-50,referral,USA,34,10,0,,399,0
U0183,2023-02-01,enterprise,Finance,11-50,referral,USA,40,10,0,,399,0
U0183,2023-03-01,enterprise,Finance,11-50,referral,USA,47,10,0,,399,0
U0183,2023-04-01,enterprise,Finance,11-50,referral,USA,33,10,0,,399,0
U0183,2023-05-01,enterprise,Finance,11-50,referral,USA,46,10,1,,399,0
U0183,2023-06-01,enterprise,Finance,11-50,referral,USA,36,10,0,,399,0
U0183,2023-07-01,enterprise,Finance,11-50,referral,USA,47,10,0,,399,0
U0183,2023-08-01,enterprise,Finance,11-50,referral,USA,47,10,0,9.0,399,0
U0183,2023-09-01,enterprise,Finance,11-50,referral,USA,27,10,1,,399,0
U0183,2023-10-01,enterprise,Finance,11-50,referral,USA,61,9,0,,399,0
U0183,2023-11-01,enterprise,Finance,11-50,referral,USA,40,10,0,,399,0
U0183,2023-12-01,enterprise,Finance,11-50,referral,USA,28,10,1,,399,0
U0184,2023-01-01,pro,Ecommerce,11-50,social,UK,17,7,0,,99,0
U0184,2023-02-01,pro,Ecommerce,11-50,social,UK,16,4,1,,99,0
U0184,2023-03-01,pro,Ecommerce,11-50,social,UK,25,7,0,5.0,99,0
U0184,2023-04-01,pro,Ecommerce,11-50,social,UK,18,7,1,,99,0
U0184,2023-05-01,pro,Ecommerce,11-50,social,UK,9,9,1,,99,0
U0184,2023-06-01,pro,Ecommerce,11-50,social,UK,15,5,2,,99,0
U0184,2023-07-01,pro,Ecommerce,11-50,social,UK,13,6,1,,99,0
U0184,2023-08-01,pro,Ecommerce,11-50,social,UK,9,5,0,,99,0
U0184,2023-09-01,pro,Ecommerce,11-50,social,UK,16,3,1,,99,0
U0184,2023-10-01,pro,Ecommerce,11-50,social,UK,22,8,2,,99,0
U0184,2023-11-01,pro,Ecommerce,11-50,social,UK,14,6,1,,99,0
U0184,2023-12-01,pro,Ecommerce,11-50,social,UK,18,4,0,,99,0
U0185,2023-01-01,free,SaaS,51-200,direct,UK,1,2,0,,0,0
U0185,2023-02-01,free,SaaS,51-200,direct,UK,3,2,1,,0,0
U0185,2023-03-01,free,SaaS,51-200,direct,UK,3,1,0,6.0,0,0
U0185,2023-04-01,free,SaaS,51-200,direct,UK,2,1,0,,0,0
U0185,2023-05-01,free,SaaS,51-200,direct,UK,2,1,1,4.0,0,0
U0185,2023-06-01,free,SaaS,51-200,direct,UK,2,1,1,5.0,0,0
U0185,2023-07-01,free,SaaS,51-200,direct,UK,2,1,2,3.0,0,0
U0185,2023-08-01,free,SaaS,51-200,direct,UK,2,1,0,5.0,0,0
U0185,2023-09-01,free,SaaS,51-200,direct,UK,2,1,1,,0,0
U0186,2023-01-01,starter,SaaS,201-1000,paid_search,USA,10,4,2,,29,0
U0186,2023-02-01,starter,SaaS,201-1000,paid_search,USA,11,1,1,,29,0
U0186,2023-03-01,starter,SaaS,201-1000,paid_search,USA,11,3,1,,29,0
U0186,2023-04-01,starter,SaaS,201-1000,paid_search,USA,11,3,0,,29,0
U0186,2023-05-01,starter,SaaS,201-1000,paid_search,USA,8,3,1,,29,0
U0186,2023-06-01,starter,SaaS,201-1000,paid_search,USA,4,3,1,5.0,29,0
U0186,2023-07-01,starter,SaaS,201-1000,paid_search,USA,3,4,1,,29,0
U0186,2023-08-01,starter,SaaS,201-1000,paid_search,USA,8,2,1,,29,0
U0186,2023-09-01,starter,SaaS,201-1000,paid_search,USA,7,4,0,,29,0
U0186,2023-10-01,starter,SaaS,201-1000,paid_search,USA,6,3,1,,29,0
U0186,2023-11-01,starter,SaaS,201-1000,paid_search,USA,8,2,1,,29,0
U0186,2023-12-01,starter,SaaS,201-1000,paid_search,USA,4,3,2,,29,0
U0187,2023-01-01,pro,Education,1-10,paid_search,Germany,16,5,0,,99,0
U0187,2023-02-01,pro,Education,1-10,paid_search,Germany,14,5,1,,99,0
U0187,2023-03-01,pro,Education,1-10,paid_search,Germany,15,5,0,,99,0
U0187,2023-04-01,pro,Education,1-10,paid_search,Germany,21,7,0,,99,0
U0187,2023-05-01,pro,Education,1-10,paid_search,Germany,15,5,1,9.0,99,0
U0187,2023-06-01,pro,Education,1-10,paid_search,Germany,22,5,0,,99,0
U0187,2023-07-01,pro,Education,1-10,paid_search,Germany,15,3,1,,99,0
U0188,2023-01-01,starter,Healthcare,1-10,referral,Other,9,2,0,,29,0
U0188,2023-02-01,starter,Healthcare,1-10,referral,Other,11,3,3,,29,0
U0188,2023-03-01,starter,Healthcare,1-10,referral,Other,4,4,2,,29,0
U0188,2023-04-01,starter,Healthcare,1-10,referral,Other,8,1,1,,29,0
U0188,2023-05-01,starter,Healthcare,1-10,referral,Other,6,1,2,,29,0
U0188,2023-06-01,starter,Healthcare,1-10,referral,Other,5,3,2,,29,0
U0188,2023-07-01,starter,Healthcare,1-10,referral,Other,8,2,0,,29,0
U0188,2023-08-01,starter,Healthcare,1-10,referral,Other,8,2,0,,29,0
U0188,2023-09-01,starter,Healthcare,1-10,referral,Other,7,1,0,,29,0
U0188,2023-10-01,starter,Healthcare,1-10,referral,Other,9,2,0,,29,0
U0188,2023-11-01,starter,Healthcare,1-10,referral,Other,7,1,1,6.0,29,0
U0188,2023-12-01,starter,Healthcare,1-10,referral,Other,5,2,2,,29,0
U0189,2023-01-01,starter,Healthcare,1-10,organic,Canada,7,4,1,,29,0
U0189,2023-02-01,starter,Healthcare,1-10,organic,Canada,7,1,0,,29,0
U0189,2023-03-01,starter,Healthcare,1-10,organic,Canada,5,2,0,,29,0
U0189,2023-04-01,starter,Healthcare,1-10,organic,Canada,7,1,1,,29,0
U0189,2023-05-01,starter,Healthcare,1-10,organic,Canada,3,1,0,,29,0
U0189,2023-06-01,starter,Healthcare,1-10,organic,Canada,10,4,1,,29,0
U0189,2023-07-01,starter,Healthcare,1-10,organic,Canada,6,4,2,2.0,29,0
U0189,2023-08-01,starter,Healthcare,1-10,organic,Canada,8,2,1,6.0,29,0
U0189,2023-09-01,starter,Healthcare,1-10,organic,Canada,8,3,0,,29,0
U0189,2023-10-01,starter,Healthcare,1-10,organic,Canada,9,3,0,,29,0
U0189,2023-11-01,starter,Healthcare,1-10,organic,Canada,9,5,0,,29,0
U0189,2023-12-01,starter,Healthcare,1-10,organic,Canada,9,1,2,,29,0
U0190,2023-01-01,free,Ecommerce,201-1000,paid_search,India,3,1,0,,0,0
U0190,2023-02-01,free,Ecommerce,201-1000,paid_search,India,4,1,3,,0,0
U0191,2023-01-01,free,Finance,51-200,paid_search,USA,3,1,0,3.0,0,0
U0191,2023-02-01,free,Finance,51-200,paid_search,USA,4,1,2,,0,0
U0191,2023-03-01,free,Finance,51-200,paid_search,USA,3,1,0,,0,0
U0191,2023-04-01,free,Finance,51-200,paid_search,USA,2,1,3,,0,0
U0191,2023-05-01,free,Finance,51-200,paid_search,USA,2,1,1,,0,0
U0191,2023-06-01,free,Finance,51-200,paid_search,USA,2,2,3,,0,0
U0191,2023-07-01,free,Finance,51-200,paid_search,USA,3,1,1,,0,0
U0191,2023-08-01,free,Finance,51-200,paid_search,USA,3,1,1,4.0,0,0
U0191,2023-09-01,free,Finance,51-200,paid_search,USA,3,1,0,,0,0
U0191,2023-10-01,free,Finance,51-200,paid_search,USA,3,1,1,,0,0
U0192,2023-01-01,pro,Retail,1-10,referral,UK,16,9,2,,99,0
U0192,2023-02-01,pro,Retail,1-10,referral,UK,16,6,1,,99,0
U0192,2023-03-01,pro,Retail,1-10,referral,UK,19,5,0,,99,0
U0192,2023-04-01,pro,Retail,1-10,referral,UK,8,7,1,7.0,99,0
U0192,2023-05-01,pro,Retail,1-10,referral,UK,13,5,1,,99,0
U0192,2023-06-01,pro,Retail,1-10,referral,UK,20,4,0,,99,0
U0192,2023-07-01,pro,Retail,1-10,referral,UK,18,5,0,,99,0
U0193,2023-01-01,enterprise,Healthcare,201-1000,organic,USA,32,10,0,,399,0
U0193,2023-02-01,enterprise,Healthcare,201-1000,organic,USA,24,10,0,,399,0
U0193,2023-03-01,enterprise,Healthcare,201-1000,organic,USA,34,10,0,,399,0
U0193,2023-04-01,enterprise,Healthcare,201-1000,organic,USA,40,10,1,,399,0
U0193,2023-05-01,enterprise,Healthcare,201-1000,organic,USA,36,10,0,,399,0
U0193,2023-06-01,enterprise,Healthcare,201-1000,organic,USA,32,10,0,,399,0
U0193,2023-07-01,enterprise,Healthcare,201-1000,organic,USA,26,10,1,5.0,399,0
U0193,2023-08-01,enterprise,Healthcare,201-1000,organic,USA,33,10,0,,399,0
U0193,2023-09-01,enterprise,Healthcare,201-1000,organic,USA,40,10,1,,399,0
U0193,2023-10-01,enterprise,Healthcare,201-1000,organic,USA,25,10,0,,399,0
U0193,2023-11-01,enterprise,Healthcare,201-1000,organic,USA,18,10,1,,399,0
U0193,2023-12-01,enterprise,Healthcare,201-1000,organic,USA,36,9,0,,399,0
U0194,2023-01-01,starter,Education,201-1000,organic,Canada,8,2,0,,29,0
U0194,2023-02-01,starter,Education,201-1000,organic,Canada,10,4,1,,29,0
U0194,2023-03-01,starter,Education,201-1000,organic,Canada,7,2,0,,29,0
U0194,2023-04-01,starter,Education,201-1000,organic,Canada,5,1,0,,29,0
U0194,2023-05-01,starter,Education,201-1000,organic,Canada,11,1,1,,29,0
U0194,2023-06-01,starter,Education,201-1000,organic,Canada,4,4,0,,29,0
U0194,2023-07-01,starter,Education,201-1000,organic,Canada,7,4,0,,29,0
U0194,2023-08-01,starter,Education,201-1000,organic,Canada,8,4,1,6.0,29,0
U0195,2023-01-01,free,Ecommerce,201-1000,social,Other,2,1,1,,0,0
U0195,2023-02-01,free,Ecommerce,201-1000,social,Other,2,1,1,,0,0
U0196,2023-01-01,free,Ecommerce,201-1000,organic,Germany,3,1,1,,0,0
U0196,2023-02-01,free,Ecommerce,201-1000,organic,Germany,3,2,0,3.0,0,0
U0196,2023-03-01,free,Ecommerce,201-1000,organic,Germany,3,2,1,,0,0
U0196,2023-04-01,free,Ecommerce,201-1000,organic,Germany,3,1,1,,0,0
U0196,2023-05-01,free,Ecommerce,201-1000,organic,Germany,2,2,0,5.0,0,0
U0196,2023-06-01,free,Ecommerce,201-1000,organic,Germany,2,2,1,,0,0
U0198,2023-01-01,pro,Education,51-200,organic,USA,3,6,0,,99,0
U0198,2023-02-01,pro,Education,51-200,organic,USA,14,6,0,,99,0
U0198,2023-03-01,pro,Education,51-200,organic,USA,8,5,1,9.0,99,0
U0198,2023-04-01,pro,Education,51-200,organic,USA,25,5,2,,99,0
U0198,2023-05-01,pro,Education,51-200,organic,USA,17,4,1,,99,0
U0198,2023-06-01,pro,Education,51-200,organic,USA,18,3,0,,99,0
U0198,2023-07-01,pro,Education,51-200,organic,USA,15,5,0,,99,0
U0198,2023-08-01,pro,Education,51-200,organic,USA,23,6,1,,99,0
U0198,2023-09-01,pro,Education,51-200,organic,USA,15,6,2,,99,0
U0199,2023-01-01,pro,Finance,11-50,organic,Canada,21,6,0,,99,0
U0199,2023-02-01,pro,Finance,11-50,organic,Canada,20,4,0,,99,0
U0199,2023-03-01,pro,Finance,11-50,organic,Canada,12,6,0,,99,0
U0199,2023-04-01,pro,Finance,11-50,organic,Canada,15,3,1,,99,0
U0199,2023-05-01,pro,Finance,11-50,organic,Canada,24,8,2,,99,0
U0199,2023-06-01,pro,Finance,11-50,organic,Canada,13,4,3,,99,0
U0199,2023-07-01,pro,Finance,11-50,organic,Canada,16,5,2,,99,0
U0199,2023-08-01,pro,Finance,11-50,organic,Canada,15,4,0,,99,0
U0199,2023-09-01,pro,Finance,11-50,organic,Canada,14,5,0,,99,0
U0199,2023-10-01,pro,Finance,11-50,organic,Canada,22,6,0,,99,0
U0199,2023-11-01,pro,Finance,11-50,organic,Canada,20,6,2,,99,0
U0199,2023-12-01,pro,Finance,11-50,organic,Canada,20,7,0,7.0,99,0
U0200,2023-01-01,pro,Education,201-1000,organic,UK,21,6,2,,99,0
U0200,2023-02-01,pro,Education,201-1000,organic,UK,16,6,1,,99,0
U0201,2023-01-01,starter,Finance,51-200,organic,Australia,6,1,1,5.0,29,0
U0202,2023-01-01,free,Education,51-200,social,Australia,2,3,1,,0,0
U0202,2023-02-01,free,Education,51-200,social,Australia,4,3,2,,0,0
U0202,2023-03-01,free,Education,51-200,social,Australia,4,1,0,,0,0
U0202,2023-04-01,free,Education,51-200,social,Australia,2,1,2,,0,0
U0202,2023-05-01,free,Education,51-200,social,Australia,4,1,0,,0,0
U0202,2023-06-01,free,Education,51-200,social,Australia,2,1,0,,0,0
U0202,2023-07-01,free,Education,51-200,social,Australia,3,1,1,,0,0
U0202,2023-08-01,free,Education,51-200,social,Australia,2,1,1,,0,0
U0202,2023-09-01,free,Education,51-200,social,Australia,3,1,3,6.0,0,0
U0202,2023-10-01,free,Education,51-200,social,Australia,2,1,1,,0,0
U0202,2023-11-01,free,Education,51-200,social,Australia,2,2,1,,0,0
U0203,2023-01-01,free,Education,51-200,organic,Canada,3,1,0,,0,0
U0204,2023-01-01,pro,SaaS,1-10,direct,USA,16,5,2,5.0,99,0
U0204,2023-02-01,pro,SaaS,1-10,direct,USA,25,5,0,,99,0
U0204,2023-03-01,pro,SaaS,1-10,direct,USA,20,6,0,,99,0
U0205,2023-01-01,starter,Ecommerce,11-50,paid_search,USA,7,3,3,5.0,29,0
U0205,2023-02-01,starter,Ecommerce,11-50,paid_search,USA,4,1,1,,29,0
U0205,2023-03-01,starter,Ecommerce,11-50,paid_search,USA,6,2,1,,29,0
U0205,2023-04-01,starter,Ecommerce,11-50,paid_search,USA,8,2,2,,29,0
U0205,2023-05-01,starter,Ecommerce,11-50,paid_search,USA,11,3,0,,29,0
U0205,2023-06-01,starter,Ecommerce,11-50,paid_search,USA,5,4,0,,29,0
U0205,2023-07-01,starter,Ecommerce,11-50,paid_search,USA,3,3,1,,29,0
U0205,2023-08-01,starter,Ecommerce,11-50,paid_search,USA,2,3,1,,29,0
U0205,2023-09-01,starter,Ecommerce,11-50,paid_search,USA,6,5,0,,29,0
U0206,2023-01-01,free,Education,1000+,paid_search,USA,3,1,0,,0,0
U0206,2023-02-01,free,Education,1000+,paid_search,USA,4,1,0,,0,0
U0206,2023-03-01,free,Education,1000+,paid_search,USA,4,1,0,,0,0
U0206,2023-04-01,free,Education,1000+,paid_search,USA,3,1,1,,0,0
U0206,2023-05-01,free,Education,1000+,paid_search,USA,2,1,1,,0,0
U0207,2023-01-01,free,Retail,201-1000,paid_search,USA,4,1,3,,0,0
U0207,2023-02-01,free,Retail,201-1000,paid_search,USA,5,1,0,,0,0
U0207,2023-03-01,free,Retail,201-1000,paid_search,USA,2,1,1,,0,0
U0207,2023-04-01,free,Retail,201-1000,paid_search,USA,4,2,2,,0,0
U0207,2023-05-01,free,Retail,201-1000,paid_search,USA,3,2,0,,0,0
U0207,2023-06-01,free,Retail,201-1000,paid_search,USA,2,2,0,,0,0
U0207,2023-07-01,free,Retail,201-1000,paid_search,USA,1,1,1,,0,0
U0207,2023-08-01,free,Retail,201-1000,paid_search,USA,3,3,1,,0,0
U0207,2023-09-01,free,Retail,201-1000,paid_search,USA,2,2,0,,0,0
U0207,2023-10-01,free,Retail,201-1000,paid_search,USA,3,1,0,,0,0
U0207,2023-11-01,free,Retail,201-1000,paid_search,USA,4,1,2,,0,0
U0207,2023-12-01,free,Retail,201-1000,paid_search,USA,4,1,0,,0,0
U0208,2023-01-01,starter,Education,1-10,paid_search,UK,9,1,1,,29,0
U0208,2023-02-01,starter,Education,1-10,paid_search,UK,8,1,0,,29,0
U0208,2023-03-01,starter,Education,1-10,paid_search,UK,9,4,1,,29,0
U0208,2023-04-01,starter,Education,1-10,paid_search,UK,7,1,0,,29,0
U0208,2023-05-01,starter,Education,1-10,paid_search,UK,9,4,0,,29,0
U0208,2023-06-01,starter,Education,1-10,paid_search,UK,6,1,0,,29,0
U0208,2023-07-01,starter,Education,1-10,paid_search,UK,5,2,2,,29,0
U0208,2023-08-01,starter,Education,1-10,paid_search,UK,7,1,1,,29,0
U0208,2023-09-01,starter,Education,1-10,paid_search,UK,7,1,1,,29,0
U0208,2023-10-01,starter,Education,1-10,paid_search,UK,5,3,3,,29,0
U0208,2023-11-01,starter,Education,1-10,paid_search,UK,14,2,0,,29,0
U0208,2023-12-01,starter,Education,1-10,paid_search,UK,8,3,2,5.0,29,0
U0209,2023-01-01,free,Healthcare,1-10,referral,Germany,4,1,0,,0,0
U0209,2023-02-01,free,Healthcare,1-10,referral,Germany,3,1,1,,0,0
U0209,2023-03-01,free,Healthcare,1-10,referral,Germany,4,2,0,,0,0
U0209,2023-04-01,free,Healthcare,1-10,referral,Germany,2,1,1,,0,0
U0209,2023-05-01,free,Healthcare,1-10,referral,Germany,4,1,2,7.0,0,0
U0209,2023-06-01,free,Healthcare,1-10,referral,Germany,2,1,2,9.0,0,0
U0209,2023-07-01,free,Healthcare,1-10,referral,Germany,1,1,1,,0,0
U0209,2023-08-01,free,Healthcare,1-10,referral,Germany,2,1,0,,0,0
U0209,2023-09-01,free,Healthcare,1-10,referral,Germany,1,1,3,,0,0
U0209,2023-10-01,free,Healthcare,1-10,referral,Germany,3,1,0,,0,0
U0209,2023-11-01,free,Healthcare,1-10,referral,Germany,3,1,0,4.0,0,0
U0209,2023-12-01,free,Healthcare,1-10,referral,Germany,2,1,1,,0,0
U0210,2023-01-01,free,Ecommerce,1-10,organic,Germany,2,3,0,,0,0
U0210,2023-02-01,free,Ecommerce,1-10,organic,Germany,3,3,0,,0,0
U0210,2023-03-01,free,Ecommerce,1-10,organic,Germany,2,1,2,,0,0
U0210,2023-04-01,free,Ecommerce,1-10,organic,Germany,2,1,3,,0,0
U0210,2023-05-01,free,Ecommerce,1-10,organic,Germany,4,4,2,,0,0
U0210,2023-06-01,free,Ecommerce,1-10,organic,Germany,3,2,0,,0,0
U0210,2023-07-01,free,Ecommerce,1-10,organic,Germany,3,1,0,,0,0
U0210,2023-08-01,free,Ecommerce,1-10,organic,Germany,2,2,1,,0,0
U0210,2023-09-01,free,Ecommerce,1-10,organic,Germany,3,1,1,,0,0
U0210,2023-10-01,free,Ecommerce,1-10,organic,Germany,1,1,1,,0,0
U0212,2023-01-01,starter,Ecommerce,201-1000,social,USA,9,1,0,5.0,29,0
U0212,2023-02-01,starter,Ecommerce,201-1000,social,USA,10,3,1,5.0,29,0
U0212,2023-03-01,starter,Ecommerce,201-1000,social,USA,7,3,0,8.0,29,0
U0212,2023-04-01,starter,Ecommerce,201-1000,social,USA,11,1,1,,29,0
U0212,2023-05-01,starter,Ecommerce,201-1000,social,USA,10,7,0,,29,0
U0212,2023-06-01,starter,Ecommerce,201-1000,social,USA,7,1,0,,29,0
U0212,2023-07-01,starter,Ecommerce,201-1000,social,USA,6,2,3,,29,0
U0212,2023-08-01,starter,Ecommerce,201-1000,social,USA,7,2,0,3.0,29,0
U0212,2023-09-01,starter,Ecommerce,201-1000,social,USA,2,1,1,,29,0
U0212,2023-10-01,starter,Ecommerce,201-1000,social,USA,8,1,1,,29,0
U0212,2023-11-01,starter,Ecommerce,201-1000,social,USA,11,4,0,,29,0
U0212,2023-12-01,starter,Ecommerce,201-1000,social,USA,6,1,0,5.0,29,0
U0213,2023-01-01,starter,Healthcare,1-10,direct,USA,4,2,2,,29,0
U0213,2023-02-01,starter,Healthcare,1-10,direct,USA,11,1,1,,29,0
U0213,2023-03-01,starter,Healthcare,1-10,direct,USA,4,3,0,,29,0
U0213,2023-04-01,starter,Healthcare,1-10,direct,USA,5,3,1,,29,0
U0213,2023-05-01,starter,Healthcare,1-10,direct,USA,6,1,0,,29,0
U0213,2023-06-01,starter,Healthcare,1-10,direct,USA,10,2,1,,29,0
U0213,2023-07-01,starter,Healthcare,1-10,direct,USA,5,4,1,,29,0
U0213,2023-08-01,starter,Healthcare,1-10,direct,USA,7,3,1,,29,0
U0213,2023-09-01,starter,Healthcare,1-10,direct,USA,8,3,1,,29,0
U0213,2023-10-01,starter,Healthcare,1-10,direct,USA,10,1,0,,29,0
U0213,2023-11-01,starter,Healthcare,1-10,direct,USA,9,5,0,,29,0
U0213,2023-12-01,starter,Healthcare,1-10,direct,USA,10,2,1,,29,0
U0214,2023-01-01,free,Education,11-50,social,USA,2,1,1,,0,0
U0215,2023-01-01,pro,Education,201-1000,paid_search,Australia,16,5,0,,99,0
U0216,2023-01-01,free,SaaS,51-200,referral,USA,2,1,2,,0,0
U0217,2023-01-01,free,Retail,11-50,paid_search,UK,2,4,0,5.0,0,0
U0217,2023-02-01,free,Retail,11-50,paid_search,UK,2,1,0,,0,0
U0217,2023-03-01,free,Retail,11-50,paid_search,UK,2,1,1,,0,0
U0217,2023-04-01,free,Retail,11-50,paid_search,UK,2,1,0,,0,0
U0217,2023-05-01,free,Retail,11-50,paid_search,UK,2,3,0,,0,0
U0217,2023-06-01,free,Retail,11-50,paid_search,UK,1,1,2,,0,0
U0217,2023-07-01,free,Retail,11-50,paid_search,UK,2,1,1,,0,0
U0217,2023-08-01,free,Retail,11-50,paid_search,UK,2,2,0,,0,0
U0217,2023-09-01,free,Retail,11-50,paid_search,UK,2,1,0,,0,0
U0217,2023-10-01,free,Retail,11-50,paid_search,UK,3,1,2,,0,0
U0217,2023-11-01,free,Retail,11-50,paid_search,UK,3,2,1,,0,0
U0217,2023-12-01,free,Retail,11-50,paid_search,UK,3,4,0,,0,0
U0218,2023-01-01,pro,Healthcare,11-50,paid_search,USA,18,4,1,,99,0
U0218,2023-02-01,pro,Healthcare,11-50,paid_search,USA,7,6,1,5.0,99,0
U0218,2023-03-01,pro,Healthcare,11-50,paid_search,USA,19,5,1,,99,0
U0218,2023-04-01,pro,Healthcare,11-50,paid_search,USA,20,5,1,,99,0
U0218,2023-05-01,pro,Healthcare,11-50,paid_search,USA,9,6,2,,99,0
U0218,2023-06-01,pro,Healthcare,11-50,paid_search,USA,14,3,2,,99,0
U0218,2023-07-01,pro,Healthcare,11-50,paid_search,USA,3,7,0,,99,0
U0218,2023-08-01,pro,Healthcare,11-50,paid_search,USA,21,7,0,7.0,99,0
U0218,2023-09-01,pro,Healthcare,11-50,paid_search,USA,22,6,2,,99,0
U0218,2023-10-01,pro,Healthcare,11-50,paid_search,USA,14,5,2,,99,0
U0218,2023-11-01,pro,Healthcare,11-50,paid_search,USA,12,4,1,,99,0
U0218,2023-12-01,pro,Healthcare,11-50,paid_search,USA,17,3,1,,99,0
U0219,2023-01-01,starter,Finance,11-50,organic,France,14,3,0,5.0,29,0
U0219,2023-02-01,starter,Finance,11-50,organic,France,9,1,3,,29,0
U0219,2023-03-01,starter,Finance,11-50,organic,France,10,3,1,,29,0
U0219,2023-04-01,starter,Finance,11-50,organic,France,9,1,0,7.0,29,0
U0219,2023-05-01,starter,Finance,11-50,organic,France,6,1,1,,29,0
U0219,2023-06-01,starter,Finance,11-50,organic,France,7,5,3,,29,0
U0219,2023-07-01,starter,Finance,11-50,organic,France,2,3,1,,29,0
U0219,2023-08-01,starter,Finance,11-50,organic,France,10,3,0,,29,0
U0219,2023-09-01,starter,Finance,11-50,organic,France,4,1,1,,29,0
U0219,2023-10-01,starter,Finance,11-50,organic,France,4,3,0,,29,0
U0219,2023-11-01,starter,Finance,11-50,organic,France,7,4,1,,29,0
U0219,2023-12-01,starter,Finance,11-50,organic,France,9,5,0,,29,0
U0220,2023-01-01,pro,SaaS,1-10,paid_search,Canada,22,8,1,8.0,99,0
U0220,2023-02-01,pro,SaaS,1-10,paid_search,Canada,13,5,1,,99,0
U0221,2023-01-01,starter,Healthcare,11-50,organic,USA,7,4,1,,29,0
U0222,2023-01-01,starter,Healthcare,51-200,organic,UK,9,3,0,,29,0
U0222,2023-02-01,starter,Healthcare,51-200,organic,UK,7,3,0,,29,0
U0223,2023-01-01,free,SaaS,201-1000,social,India,2,1,0,,0,0
U0223,2023-02-01,free,SaaS,201-1000,social,India,2,4,0,,0,0
U0223,2023-03-01,free,SaaS,201-1000,social,India,3,1,0,,0,0
U0223,2023-04-01,free,SaaS,201-1000,social,India,3,1,0,,0,0
U0223,2023-05-01,free,SaaS,201-1000,social,India,2,2,2,,0,0
U0223,2023-06-01,free,SaaS,201-1000,social,India,4,1,1,,0,0
U0223,2023-07-01,free,SaaS,201-1000,social,India,2,1,1,,0,0
U0223,2023-08-01,free,SaaS,201-1000,social,India,3,3,1,,0,0
U0223,2023-09-01,free,SaaS,201-1000,social,India,2,1,1,,0,0
U0223,2023-10-01,free,SaaS,201-1000,social,India,3,1,2,5.0,0,0
U0223,2023-11-01,free,SaaS,201-1000,social,India,3,1,1,6.0,0,0
U0223,2023-12-01,free,SaaS,201-1000,social,India,3,1,1,,0,0
U0224,2023-01-01,free,Education,51-200,organic,Other,2,1,0,,0,0
U0224,2023-02-01,free,Education,51-200,organic,Other,3,1,0,,0,0
U0224,2023-03-01,free,Education,51-200,organic,Other,1,1,1,,0,0
U0224,2023-04-01,free,Education,51-200,organic,Other,3,1,2,6.0,0,0
U0225,2023-01-01,free,Healthcare,51-200,organic,USA,4,1,2,,0,0
U0225,2023-02-01,free,Healthcare,51-200,organic,USA,2,3,3,,0,0
U0225,2023-03-01,free,Healthcare,51-200,organic,USA,3,1,1,,0,0
U0225,2023-04-01,free,Healthcare,51-200,organic,USA,2,1,0,,0,0
U0225,2023-05-01,free,Healthcare,51-200,organic,USA,2,1,3,,0,0
U0225,2023-06-01,free,Healthcare,51-200,organic,USA,4,1,3,4.0,0,0
U0226,2023-01-01,free,Education,1-10,organic,France,5,1,0,,0,0
U0226,2023-02-01,free,Education,1-10,organic,France,3,2,0,,0,0
U0226,2023-03-01,free,Education,1-10,organic,France,4,5,0,,0,0
U0226,2023-04-01,free,Education,1-10,organic,France,2,1,1,,0,0
U0226,2023-05-01,free,Education,1-10,organic,France,1,3,0,7.0,0,0
U0226,2023-06-01,free,Education,1-10,organic,France,3,1,0,,0,0
U0226,2023-07-01,free,Education,1-10,organic,France,3,1,0,,0,0
U0226,2023-08-01,free,Education,1-10,organic,France,2,1,1,,0,0
U0226,2023-09-01,free,Education,1-10,organic,France,3,1,0,,0,0
U0226,2023-10-01,free,Education,1-10,organic,France,3,2,0,,0,0
U0226,2023-11-01,free,Education,1-10,organic,France,3,4,3,,0,0
U0226,2023-12-01,free,Education,1-10,organic,France,2,1,0,,0,0
U0227,2023-01-01,enterprise,SaaS,11-50,direct,Other,28,10,0,,399,0
U0227,2023-02-01,enterprise,SaaS,11-50,direct,Other,32,10,0,,399,0
U0227,2023-03-01,enterprise,SaaS,11-50,direct,Other,28,10,1,,399,0
U0227,2023-04-01,enterprise,SaaS,11-50,direct,Other,23,10,0,,399,0
U0227,2023-05-01,enterprise,SaaS,11-50,direct,Other,28,10,0,,399,0
U0227,2023-06-01,enterprise,SaaS,11-50,direct,Other,39,10,0,,399,0
U0227,2023-07-01,enterprise,SaaS,11-50,direct,Other,15,10,1,,399,0
U0227,2023-08-01,enterprise,SaaS,11-50,direct,Other,32,10,1,,399,0
U0227,2023-09-01,enterprise,SaaS,11-50,direct,Other,37,10,0,7.0,399,0
U0227,2023-10-01,enterprise,SaaS,11-50,direct,Other,32,10,0,,399,0
U0227,2023-11-01,enterprise,SaaS,11-50,direct,Other,40,10,0,6.0,399,0
U0227,2023-12-01,enterprise,SaaS,11-50,direct,Other,43,10,1,,399,0
U0228,2023-01-01,free,Education,1-10,paid_search,France,1,1,0,,0,0
U0228,2023-02-01,free,Education,1-10,paid_search,France,2,1,1,,0,0
U0228,2023-03-01,free,Education,1-10,paid_search,France,3,1,2,,0,0
U0228,2023-04-01,free,Education,1-10,paid_search,France,2,2,0,5.0,0,0
U0228,2023-05-01,free,Education,1-10,paid_search,France,3,2,1,,0,0
U0228,2023-06-01,free,Education,1-10,paid_search,France,3,1,1,,0,0
U0228,2023-07-01,free,Education,1-10,paid_search,France,3,2,1,,0,0
U0229,2023-01-01,pro,Ecommerce,1-10,paid_search,Germany,7,3,0,,99,0
U0229,2023-02-01,pro,Ecommerce,1-10,paid_search,Germany,25,4,0,10.0,99,0
U0229,2023-03-01,pro,Ecommerce,1-10,paid_search,Germany,17,7,2,,99,0
U0229,2023-04-01,pro,Ecommerce,1-10,paid_search,Germany,13,7,0,,99,0
U0229,2023-05-01,pro,Ecommerce,1-10,paid_search,Germany,13,6,1,,99,0
U0229,2023-06-01,pro,Ecommerce,1-10,paid_search,Germany,19,5,1,,99,0
U0229,2023-07-01,pro,Ecommerce,1-10,paid_search,Germany,15,6,0,8.0,99,0
U0230,2023-01-01,starter,Finance,51-200,social,Germany,9,1,0,6.0,29,0
U0230,2023-02-01,starter,Finance,51-200,social,Germany,5,1,0,6.0,29,0
U0230,2023-03-01,starter,Finance,51-200,social,Germany,9,3,1,,29,0
U0230,2023-04-01,starter,Finance,51-200,social,Germany,5,3,0,,29,0
U0230,2023-05-01,starter,Finance,51-200,social,Germany,6,1,0,,29,0
U0230,2023-06-01,starter,Finance,51-200,social,Germany,4,2,1,,29,0
U0230,2023-07-01,starter,Finance,51-200,social,Germany,7,1,0,,29,0
U0230,2023-08-01,starter,Finance,51-200,social,Germany,5,2,0,,29,0
U0230,2023-09-01,starter,Finance,51-200,social,Germany,6,2,0,,29,0
U0230,2023-10-01,starter,Finance,51-200,social,Germany,11,1,2,,29,0
U0231,2023-01-01,pro,Healthcare,1000+,social,UK,19,8,0,,99,0
U0231,2023-02-01,pro,Healthcare,1000+,social,UK,9,6,0,,99,0
U0231,2023-03-01,pro,Healthcare,1000+,social,UK,12,5,2,,99,0
U0231,2023-04-01,pro,Healthcare,1000+,social,UK,18,7,1,,99,0
U0231,2023-05-01,pro,Healthcare,1000+,social,UK,26,6,1,,99,0
U0231,2023-06-01,pro,Healthcare,1000+,social,UK,12,6,1,,99,0
U0231,2023-07-01,pro,Healthcare,1000+,social,UK,15,5,1,,99,0
U0231,2023-08-01,pro,Healthcare,1000+,social,UK,20,3,0,,99,0
U0231,2023-09-01,pro,Healthcare,1000+,social,UK,16,7,0,8.0,99,0
U0231,2023-10-01,pro,Healthcare,1000+,social,UK,29,3,0,,99,0
U0231,2023-11-01,pro,Healthcare,1000+,social,UK,18,4,2,,99,0
U0231,2023-12-01,pro,Healthcare,1000+,social,UK,25,3,0,,99,0
U0232,2023-01-01,starter,Retail,1-10,organic,India,9,1,0,,29,0
U0232,2023-02-01,starter,Retail,1-10,organic,India,6,2,0,,29,0
U0232,2023-03-01,starter,Retail,1-10,organic,India,6,2,1,,29,0
U0232,2023-04-01,starter,Retail,1-10,organic,India,8,3,2,,29,0
U0233,2023-01-01,starter,Finance,11-50,referral,Canada,9,2,0,,29,0
U0234,2023-01-01,starter,Education,201-1000,referral,Germany,7,2,0,,29,0
U0234,2023-02-01,starter,Education,201-1000,referral,Germany,7,2,0,,29,0
U0234,2023-03-01,starter,Education,201-1000,referral,Germany,10,3,0,,29,0
U0234,2023-04-01,starter,Education,201-1000,referral,Germany,4,2,0,,29,0
U0234,2023-05-01,starter,Education,201-1000,referral,Germany,6,2,1,,29,0
U0234,2023-06-01,starter,Education,201-1000,referral,Germany,11,1,1,,29,0
U0234,2023-07-01,starter,Education,201-1000,referral,Germany,9,4,1,,29,0
U0234,2023-08-01,starter,Education,201-1000,referral,Germany,6,3,1,,29,0
U0234,2023-09-01,starter,Education,201-1000,referral,Germany,9,3,2,,29,0
U0234,2023-10-01,starter,Education,201-1000,referral,Germany,8,4,1,,29,0
U0234,2023-11-01,starter,Education,201-1000,referral,Germany,5,3,0,,29,0
U0234,2023-12-01,starter,Education,201-1000,referral,Germany,8,3,0,6.0,29,0
U0235,2023-01-01,free,Healthcare,1-10,referral,UK,2,1,0,,0,0
U0235,2023-02-01,free,Healthcare,1-10,referral,UK,2,1,0,,0,0
U0235,2023-03-01,free,Healthcare,1-10,referral,UK,3,1,3,,0,0
U0236,2023-01-01,pro,Education,11-50,organic,India,18,8,2,,99,0
U0236,2023-02-01,pro,Education,11-50,organic,India,20,5,0,,99,0
U0236,2023-03-01,pro,Education,11-50,organic,India,24,5,1,6.0,99,0
U0236,2023-04-01,pro,Education,11-50,organic,India,23,8,1,,99,0
U0236,2023-05-01,pro,Education,11-50,organic,India,20,6,0,,99,0
U0236,2023-06-01,pro,Education,11-50,organic,India,21,5,0,7.0,99,0
U0236,2023-07-01,pro,Education,11-50,organic,India,18,5,0,,99,0
U0236,2023-08-01,pro,Education,11-50,organic,India,17,5,3,,99,0
U0236,2023-09-01,pro,Education,11-50,organic,India,18,4,0,,99,0
U0236,2023-10-01,pro,Education,11-50,organic,India,21,6,2,,99,0
U0236,2023-11-01,pro,Education,11-50,organic,India,26,7,0,,99,0
U0236,2023-12-01,pro,Education,11-50,organic,India,4,5,1,,99,0
U0238,2023-01-01,free,SaaS,51-200,paid_search,USA,2,1,1,,0,0
U0238,2023-02-01,free,SaaS,51-200,paid_search,USA,2,1,4,,0,0
U0238,2023-03-01,free,SaaS,51-200,paid_search,USA,3,2,0,,0,0
U0238,2023-04-01,free,SaaS,51-200,paid_search,USA,3,1,0,,0,0
U0238,2023-05-01,free,SaaS,51-200,paid_search,USA,3,1,1,,0,0
U0238,2023-06-01,free,SaaS,51-200,paid_search,USA,4,1,1,,0,0
U0238,2023-07-01,free,SaaS,51-200,paid_search,USA,2,1,2,,0,0
U0238,2023-08-01,free,SaaS,51-200,paid_search,USA,4,3,0,,0,0
U0238,2023-09-01,free,SaaS,51-200,paid_search,USA,2,1,0,,0,0
U0238,2023-10-01,free,SaaS,51-200,paid_search,USA,4,3,0,,0,0
U0238,2023-11-01,free,SaaS,51-200,paid_search,USA,3,1,0,,0,0
U0239,2023-01-01,starter,Healthcare,1-10,organic,Australia,4,5,1,,29,0
U0239,2023-02-01,starter,Healthcare,1-10,organic,Australia,3,2,0,,29,0
U0239,2023-03-01,starter,Healthcare,1-10,organic,Australia,8,3,1,6.0,29,0
U0239,2023-04-01,starter,Healthcare,1-10,organic,Australia,9,5,0,,29,0
U0239,2023-05-01,starter,Healthcare,1-10,organic,Australia,8,3,0,,29,0
U0239,2023-06-01,starter,Healthcare,1-10,organic,Australia,9,4,0,,29,0
U0239,2023-07-01,starter,Healthcare,1-10,organic,Australia,5,1,0,,29,0
U0239,2023-08-01,starter,Healthcare,1-10,organic,Australia,7,3,0,,29,0
U0239,2023-09-01,starter,Healthcare,1-10,organic,Australia,8,1,1,7.0,29,0
U0239,2023-10-01,starter,Healthcare,1-10,organic,Australia,12,2,1,,29,0
U0239,2023-11-01,starter,Healthcare,1-10,organic,Australia,2,5,0,,29,0
U0239,2023-12-01,starter,Healthcare,1-10,organic,Australia,7,2,0,5.0,29,0
U0240,2023-01-01,free,Ecommerce,11-50,paid_search,Canada,4,1,0,,0,0
U0240,2023-02-01,free,Ecommerce,11-50,paid_search,Canada,3,3,0,,0,0
U0240,2023-03-01,free,Ecommerce,11-50,paid_search,Canada,3,1,1,,0,0
U0240,2023-04-01,free,Ecommerce,11-50,paid_search,Canada,3,1,0,,0,0
U0240,2023-05-01,free,Ecommerce,11-50,paid_search,Canada,2,1,2,5.0,0,0
U0241,2023-01-01,enterprise,Ecommerce,51-200,organic,Australia,40,10,1,,399,0
U0241,2023-02-01,enterprise,Ecommerce,51-200,organic,Australia,35,10,0,,399,0
U0241,2023-03-01,enterprise,Ecommerce,51-200,organic,Australia,18,9,0,,399,0
U0241,2023-04-01,enterprise,Ecommerce,51-200,organic,Australia,31,10,0,,399,0
U0241,2023-05-01,enterprise,Ecommerce,51-200,organic,Australia,35,9,0,,399,0
U0241,2023-06-01,enterprise,Ecommerce,51-200,organic,Australia,44,10,2,,399,0
U0241,2023-07-01,enterprise,Ecommerce,51-200,organic,Australia,38,10,0,,399,0
U0241,2023-08-01,enterprise,Ecommerce,51-200,organic,Australia,37,10,1,,399,0
U0241,2023-09-01,enterprise,Ecommerce,51-200,organic,Australia,44,10,1,,399,0
U0241,2023-10-01,enterprise,Ecommerce,51-200,organic,Australia,35,10,0,7.0,399,0
U0241,2023-11-01,enterprise,Ecommerce,51-200,organic,Australia,41,10,0,,399,0
U0241,2023-12-01,enterprise,Ecommerce,51-200,organic,Australia,28,10,0,6.0,399,0
U0242,2023-01-01,enterprise,Healthcare,11-50,organic,UK,21,10,0,9.0,399,0
U0242,2023-02-01,enterprise,Healthcare,11-50,organic,UK,40,10,0,,399,0
U0242,2023-03-01,enterprise,Healthcare,11-50,organic,UK,33,10,0,,399,0
U0242,2023-04-01,enterprise,Healthcare,11-50,organic,UK,35,10,0,7.0,399,0
U0242,2023-05-01,enterprise,Healthcare,11-50,organic,UK,26,10,0,,399,0
U0242,2023-06-01,enterprise,Healthcare,11-50,organic,UK,4,9,1,,399,0
U0242,2023-07-01,enterprise,Healthcare,11-50,organic,UK,31,10,0,,399,0
U0242,2023-08-01,enterprise,Healthcare,11-50,organic,UK,27,10,0,,399,0
U0242,2023-09-01,enterprise,Healthcare,11-50,organic,UK,48,10,1,,399,0
U0242,2023-10-01,enterprise,Healthcare,11-50,organic,UK,50,10,0,,399,0
U0242,2023-11-01,enterprise,Healthcare,11-50,organic,UK,43,10,0,,399,0
U0242,2023-12-01,enterprise,Healthcare,11-50,organic,UK,22,10,0,,399,0
U0243,2023-01-01,enterprise,Education,1-10,referral,USA,28,10,0,,399,0
U0243,2023-02-01,enterprise,Education,1-10,referral,USA,45,10,0,,399,0
U0243,2023-03-01,enterprise,Education,1-10,referral,USA,40,10,0,,399,0
U0243,2023-04-01,enterprise,Education,1-10,referral,USA,46,10,0,6.0,399,0
U0243,2023-05-01,enterprise,Education,1-10,referral,USA,43,10,0,6.0,399,0
U0243,2023-06-01,enterprise,Education,1-10,referral,USA,40,10,0,,399,0
U0243,2023-07-01,enterprise,Education,1-10,referral,USA,26,9,1,6.0,399,0
U0243,2023-08-01,enterprise,Education,1-10,referral,USA,15,10,0,,399,0
U0243,2023-09-01,enterprise,Education,1-10,referral,USA,29,10,0,,399,0
U0243,2023-10-01,enterprise,Education,1-10,referral,USA,35,9,0,,399,0
U0243,2023-11-01,enterprise,Education,1-10,referral,USA,25,10,1,,399,0
U0243,2023-12-01,enterprise,Education,1-10,referral,USA,27,9,0,,399,0
U0244,2023-01-01,free,Retail,51-200,organic,France,2,1,1,,0,0
U0244,2023-02-01,free,Retail,51-200,organic,France,2,1,1,,0,0
U0245,2023-01-01,free,Ecommerce,1-10,paid_search,USA,3,1,1,,0,0
U0245,2023-02-01,free,Ecommerce,1-10,paid_search,USA,3,1,3,,0,0
U0245,2023-03-01,free,Ecommerce,1-10,paid_search,USA,3,2,0,,0,0
U0245,2023-04-01,free,Ecommerce,1-10,paid_search,USA,4,1,1,,0,0
U0245,2023-05-01,free,Ecommerce,1-10,paid_search,USA,2,1,0,,0,0
U0245,2023-06-01,free,Ecommerce,1-10,paid_search,USA,2,2,1,,0,0
U0246,2023-01-01,enterprise,Finance,51-200,paid_search,Australia,20,10,2,,399,0
U0246,2023-02-01,enterprise,Finance,51-200,paid_search,Australia,52,10,0,,399,0
U0246,2023-03-01,enterprise,Finance,51-200,paid_search,Australia,22,10,0,,399,0
U0246,2023-04-01,enterprise,Finance,51-200,paid_search,Australia,39,10,1,,399,0
U0246,2023-05-01,enterprise,Finance,51-200,paid_search,Australia,40,9,1,,399,0
U0246,2023-06-01,enterprise,Finance,51-200,paid_search,Australia,19,10,1,,399,0
U0246,2023-07-01,enterprise,Finance,51-200,paid_search,Australia,48,10,1,,399,0
U0246,2023-08-01,enterprise,Finance,51-200,paid_search,Australia,46,9,0,,399,0
U0246,2023-09-01,enterprise,Finance,51-200,paid_search,Australia,36,10,0,,399,0
U0246,2023-10-01,enterprise,Finance,51-200,paid_search,Australia,24,10,1,,399,0
U0246,2023-11-01,enterprise,Finance,51-200,paid_search,Australia,48,10,0,9.0,399,0
U0246,2023-12-01,enterprise,Finance,51-200,paid_search,Australia,25,10,0,,399,0
U0247,2023-01-01,starter,Ecommerce,1-10,organic,UK,7,1,2,,29,0
U0247,2023-02-01,starter,Ecommerce,1-10,organic,UK,9,2,1,5.0,29,0
U0247,2023-03-01,starter,Ecommerce,1-10,organic,UK,7,2,1,,29,0
U0248,2023-01-01,enterprise,Retail,1000+,direct,UK,46,9,0,,399,0
U0248,2023-02-01,enterprise,Retail,1000+,direct,UK,41,10,0,,399,0
U0248,2023-03-01,enterprise,Retail,1000+,direct,UK,48,10,0,,399,0
U0248,2023-04-01,enterprise,Retail,1000+,direct,UK,49,10,1,6.0,399,0
U0248,2023-05-01,enterprise,Retail,1000+,direct,UK,25,10,0,,399,0
U0248,2023-06-01,enterprise,Retail,1000+,direct,UK,54,10,0,,399,0
U0248,2023-07-01,enterprise,Retail,1000+,direct,UK,41,10,0,,399,0
U0248,2023-08-01,enterprise,Retail,1000+,direct,UK,51,10,0,,399,0
U0248,2023-09-01,enterprise,Retail,1000+,direct,UK,30,10,1,,399,0
U0248,2023-10-01,enterprise,Retail,1000+,direct,UK,25,10,0,,399,0
U0248,2023-11-01,enterprise,Retail,1000+,direct,UK,49,9,1,,399,0
U0248,2023-12-01,enterprise,Retail,1000+,direct,UK,60,10,0,,399,0
U0249,2023-01-01,enterprise,Education,11-50,organic,USA,67,10,1,,399,0
U0249,2023-02-01,enterprise,Education,11-50,organic,USA,36,9,1,,399,0
U0249,2023-03-01,enterprise,Education,11-50,organic,USA,39,10,0,,399,0
U0249,2023-04-01,enterprise,Education,11-50,organic,USA,24,10,1,,399,0
U0249,2023-05-01,enterprise,Education,11-50,organic,USA,49,10,0,,399,0
U0249,2023-06-01,enterprise,Education,11-50,organic,USA,38,10,2,,399,0
U0249,2023-07-01,enterprise,Education,11-50,organic,USA,51,9,1,,399,0
U0249,2023-08-01,enterprise,Education,11-50,organic,USA,27,10,0,,399,0
U0249,2023-09-01,enterprise,Education,11-50,organic,USA,48,9,2,6.0,399,0
U0249,2023-10-01,enterprise,Education,11-50,organic,USA,30,10,0,,399,0
U0249,2023-11-01,enterprise,Education,11-50,organic,USA,44,10,0,7.0,399,0
U0249,2023-12-01,enterprise,Education,11-50,organic,USA,41,10,0,,399,0
U0251,2023-01-01,free,Finance,1-10,organic,USA,3,1,1,,0,0
U0251,2023-02-01,free,Finance,1-10,organic,USA,3,1,0,,0,0
U0253,2023-01-01,pro,Education,201-1000,organic,USA,15,6,2,10.0,99,0
U0254,2023-01-01,free,Retail,1000+,referral,USA,3,1,1,,0,0
U0254,2023-02-01,free,Retail,1000+,referral,USA,3,1,1,,0,0
U0254,2023-03-01,free,Retail,1000+,referral,USA,1,1,0,,0,0
U0254,2023-04-01,free,Retail,1000+,referral,USA,3,1,2,,0,0
U0254,2023-05-01,free,Retail,1000+,referral,USA,1,2,0,,0,0
U0254,2023-06-01,free,Retail,1000+,referral,USA,3,1,0,,0,0
U0254,2023-07-01,free,Retail,1000+,referral,USA,3,3,1,,0,0
U0254,2023-08-01,free,Retail,1000+,referral,USA,3,1,0,,0,0
U0254,2023-09-01,free,Retail,1000+,referral,USA,3,1,2,6.0,0,0
U0254,2023-10-01,free,Retail,1000+,referral,USA,2,1,0,,0,0
U0254,2023-11-01,free,Retail,1000+,referral,USA,2,1,0,,0,0
U0255,2023-01-01,free,Healthcare,11-50,direct,Other,3,1,0,1.0,0,0
U0255,2023-02-01,free,Healthcare,11-50,direct,Other,2,1,2,,0,0
U0255,2023-03-01,free,Healthcare,11-50,direct,Other,3,1,2,,0,0
U0256,2023-01-01,starter,SaaS,11-50,organic,Other,7,1,0,,29,0
U0256,2023-02-01,starter,SaaS,11-50,organic,Other,7,2,0,2.0,29,0
U0256,2023-03-01,starter,SaaS,11-50,organic,Other,8,2,0,,29,0
U0256,2023-04-01,starter,SaaS,11-50,organic,Other,7,3,0,,29,0
U0256,2023-05-01,starter,SaaS,11-50,organic,Other,8,3,2,,29,0
U0256,2023-06-01,starter,SaaS,11-50,organic,Other,4,2,1,,29,0
U0256,2023-07-01,starter,SaaS,11-50,organic,Other,8,2,0,,29,0
U0256,2023-08-01,starter,SaaS,11-50,organic,Other,10,3,0,,29,0
U0256,2023-09-01,starter,SaaS,11-50,organic,Other,5,1,2,,29,0
U0256,2023-10-01,starter,SaaS,11-50,organic,Other,7,1,0,,29,0
U0256,2023-11-01,starter,SaaS,11-50,organic,Other,6,3,3,,29,0
U0256,2023-12-01,starter,SaaS,11-50,organic,Other,3,1,4,5.0,29,0
U0257,2023-01-01,enterprise,SaaS,51-200,referral,USA,32,10,0,,399,0
U0257,2023-02-01,enterprise,SaaS,51-200,referral,USA,45,10,1,,399,0
U0257,2023-03-01,enterprise,SaaS,51-200,referral,USA,45,7,0,,399,0
U0257,2023-04-01,enterprise,SaaS,51-200,referral,USA,43,10,0,,399,0
U0257,2023-05-01,enterprise,SaaS,51-200,referral,USA,62,10,0,,399,0
U0257,2023-06-01,enterprise,SaaS,51-200,referral,USA,26,10,0,,399,0
U0257,2023-07-01,enterprise,SaaS,51-200,referral,USA,23,10,0,,399,0
U0257,2023-08-01,enterprise,SaaS,51-200,referral,USA,35,10,0,,399,0
U0257,2023-09-01,enterprise,SaaS,51-200,referral,USA,38,10,1,,399,0
U0257,2023-10-01,enterprise,SaaS,51-200,referral,USA,35,9,0,,399,0
U0257,2023-11-01,enterprise,SaaS,51-200,referral,USA,45,10,1,,399,0
U0257,2023-12-01,enterprise,SaaS,51-200,referral,USA,27,10,1,,399,0
U0258,2023-01-01,starter,SaaS,201-1000,referral,India,10,2,0,,29,0
U0258,2023-02-01,starter,SaaS,201-1000,referral,India,8,1,0,7.0,29,0
U0258,2023-03-01,starter,SaaS,201-1000,referral,India,8,4,0,7.0,29,0
U0258,2023-04-01,starter,SaaS,201-1000,referral,India,10,3,2,,29,0
U0258,2023-05-01,starter,SaaS,201-1000,referral,India,9,1,0,,29,0
U0258,2023-06-01,starter,SaaS,201-1000,referral,India,7,2,0,,29,0
U0258,2023-07-01,starter,SaaS,201-1000,referral,India,4,1,0,,29,0
U0258,2023-08-01,starter,SaaS,201-1000,referral,India,8,1,1,,29,0
U0258,2023-09-01,starter,SaaS,201-1000,referral,India,9,5,2,,29,0
U0258,2023-10-01,starter,SaaS,201-1000,referral,India,9,4,2,,29,0
U0258,2023-11-01,starter,SaaS,201-1000,referral,India,8,1,3,,29,0
U0258,2023-12-01,starter,SaaS,201-1000,referral,India,8,1,1,,29,0
U0259,2023-01-01,starter,Ecommerce,11-50,social,USA,10,1,0,,29,0
U0260,2023-01-01,free,Finance,11-50,paid_search,Germany,3,1,3,,0,0
U0260,2023-02-01,free,Finance,11-50,paid_search,Germany,2,1,0,,0,0
U0261,2023-01-01,starter,Education,11-50,organic,Australia,6,3,0,,29,0
U0261,2023-02-01,starter,Education,11-50,organic,Australia,5,1,1,,29,0
U0261,2023-03-01,starter,Education,11-50,organic,Australia,7,1,0,8.0,29,0
U0261,2023-04-01,starter,Education,11-50,organic,Australia,1,4,3,,29,0
U0261,2023-05-01,starter,Education,11-50,organic,Australia,5,4,0,,29,0
U0261,2023-06-01,starter,Education,11-50,organic,Australia,7,2,2,,29,0
U0261,2023-07-01,starter,Education,11-50,organic,Australia,11,3,1,,29,0
U0261,2023-08-01,starter,Education,11-50,organic,Australia,10,3,2,,29,0
U0261,2023-09-01,starter,Education,11-50,organic,Australia,3,3,0,,29,0
U0261,2023-10-01,starter,Education,11-50,organic,Australia,8,1,0,,29,0
U0261,2023-11-01,starter,Education,11-50,organic,Australia,9,3,0,,29,0
U0261,2023-12-01,starter,Education,11-50,organic,Australia,9,1,0,,29,0
U0262,2023-01-01,enterprise,Healthcare,51-200,organic,Other,35,10,0,,399,0
U0262,2023-02-01,enterprise,Healthcare,51-200,organic,Other,52,10,0,,399,0
U0262,2023-03-01,enterprise,Healthcare,51-200,organic,Other,21,9,1,,399,0
U0262,2023-04-01,enterprise,Healthcare,51-200,organic,Other,43,10,0,,399,0
U0262,2023-05-01,enterprise,Healthcare,51-200,organic,Other,39,10,0,,399,0
U0262,2023-06-01,enterprise,Healthcare,51-200,organic,Other,39,10,1,,399,0
U0262,2023-07-01,enterprise,Healthcare,51-200,organic,Other,41,9,0,,399,0
U0262,2023-08-01,enterprise,Healthcare,51-200,organic,Other,53,10,0,,399,0
U0262,2023-09-01,enterprise,Healthcare,51-200,organic,Other,17,9,0,,399,0
U0262,2023-10-01,enterprise,Healthcare,51-200,organic,Other,49,10,0,,399,0
U0262,2023-11-01,enterprise,Healthcare,51-200,organic,Other,44,10,0,,399,0
U0262,2023-12-01,enterprise,Healthcare,51-200,organic,Other,44,10,1,,399,0
U0263,2023-01-01,free,Retail,1-10,referral,UK,4,1,1,,0,0
U0263,2023-02-01,free,Retail,1-10,referral,UK,2,1,0,,0,0
U0263,2023-03-01,free,Retail,1-10,referral,UK,3,1,1,,0,0
U0263,2023-04-01,free,Retail,1-10,referral,UK,3,1,4,,0,0
U0263,2023-05-01,free,Retail,1-10,referral,UK,3,1,0,,0,0
U0263,2023-06-01,free,Retail,1-10,referral,UK,3,1,1,,0,0
U0263,2023-07-01,free,Retail,1-10,referral,UK,3,2,1,,0,0
U0263,2023-08-01,free,Retail,1-10,referral,UK,2,3,1,,0,0
U0263,2023-09-01,free,Retail,1-10,referral,UK,3,2,1,,0,0
U0264,2023-01-01,starter,Healthcare,51-200,social,India,6,1,0,,29,0
U0264,2023-02-01,starter,Healthcare,51-200,social,India,8,3,0,,29,0
U0264,2023-03-01,starter,Healthcare,51-200,social,India,7,2,0,5.0,29,0
U0264,2023-04-01,starter,Healthcare,51-200,social,India,8,1,1,,29,0
U0264,2023-05-01,starter,Healthcare,51-200,social,India,6,3,0,,29,0
U0264,2023-06-01,starter,Healthcare,51-200,social,India,8,2,0,,29,0
U0264,2023-07-01,starter,Healthcare,51-200,social,India,5,2,0,,29,0
U0264,2023-08-01,starter,Healthcare,51-200,social,India,5,2,0,,29,0
U0264,2023-09-01,starter,Healthcare,51-200,social,India,9,3,0,,29,0
U0264,2023-10-01,starter,Healthcare,51-200,social,India,4,2,1,,29,0
U0264,2023-11-01,starter,Healthcare,51-200,social,India,7,1,0,5.0,29,0
U0264,2023-12-01,starter,Healthcare,51-200,social,India,8,3,0,,29,0
U0265,2023-01-01,pro,Retail,11-50,organic,USA,13,6,1,,99,0
U0265,2023-02-01,pro,Retail,11-50,organic,USA,18,3,1,,99,0
U0265,2023-03-01,pro,Retail,11-50,organic,USA,13,4,1,,99,0
U0265,2023-04-01,pro,Retail,11-50,organic,USA,28,6,0,,99,0
U0265,2023-05-01,pro,Retail,11-50,organic,USA,14,5,1,,99,0
U0265,2023-06-01,pro,Retail,11-50,organic,USA,22,6,1,,99,0
U0265,2023-07-01,pro,Retail,11-50,organic,USA,15,6,1,,99,0
U0265,2023-08-01,pro,Retail,11-50,organic,USA,30,6,0,,99,0
U0265,2023-09-01,pro,Retail,11-50,organic,USA,17,6,1,,99,0
U0265,2023-10-01,pro,Retail,11-50,organic,USA,27,5,1,,99,0
U0265,2023-11-01,pro,Retail,11-50,organic,USA,13,5,0,,99,0
U0265,2023-12-01,pro,Retail,11-50,organic,USA,13,4,0,,99,0
U0266,2023-01-01,pro,Ecommerce,51-200,paid_search,Other,24,8,1,,99,0
U0266,2023-02-01,pro,Ecommerce,51-200,paid_search,Other,21,6,4,9.0,99,0
U0268,2023-01-01,pro,Ecommerce,11-50,social,Canada,16,6,0,10.0,99,0
U0268,2023-02-01,pro,Ecommerce,11-50,social,Canada,11,4,1,,99,0
U0268,2023-03-01,pro,Ecommerce,11-50,social,Canada,22,5,0,,99,0
U0268,2023-04-01,pro,Ecommerce,11-50,social,Canada,13,6,0,,99,0
U0268,2023-05-01,pro,Ecommerce,11-50,social,Canada,24,4,0,,99,0
U0269,2023-01-01,free,Finance,11-50,direct,Germany,2,1,0,,0,0
U0270,2023-01-01,free,Finance,51-200,referral,Germany,2,2,1,,0,0
U0270,2023-02-01,free,Finance,51-200,referral,Germany,3,1,3,,0,0
U0270,2023-03-01,free,Finance,51-200,referral,Germany,3,1,1,,0,0
U0270,2023-04-01,free,Finance,51-200,referral,Germany,1,1,0,,0,0
U0270,2023-05-01,free,Finance,51-200,referral,Germany,2,2,1,6.0,0,0
U0270,2023-06-01,free,Finance,51-200,referral,Germany,2,1,1,,0,0
U0271,2023-01-01,pro,Retail,1-10,paid_search,USA,9,1,3,,99,0
U0271,2023-02-01,pro,Retail,1-10,paid_search,USA,15,10,0,,99,0
U0271,2023-03-01,pro,Retail,1-10,paid_search,USA,21,6,1,6.0,99,0
U0271,2023-04-01,pro,Retail,1-10,paid_search,USA,18,3,2,,99,0
U0271,2023-05-01,pro,Retail,1-10,paid_search,USA,18,5,2,,99,0
U0271,2023-06-01,pro,Retail,1-10,paid_search,USA,14,5,1,,99,0
U0271,2023-07-01,pro,Retail,1-10,paid_search,USA,19,6,0,,99,0
U0271,2023-08-01,pro,Retail,1-10,paid_search,USA,20,5,1,,99,0
U0271,2023-09-01,pro,Retail,1-10,paid_search,USA,20,5,2,,99,0
U0271,2023-10-01,pro,Retail,1-10,paid_search,USA,11,4,2,,99,0
U0271,2023-11-01,pro,Retail,1-10,paid_search,USA,19,6,0,10.0,99,0
U0271,2023-12-01,pro,Retail,1-10,paid_search,USA,22,4,1,,99,0
U0272,2023-01-01,pro,Education,11-50,paid_search,Other,20,3,0,,99,0
U0273,2023-01-01,pro,Education,11-50,referral,USA,14,5,0,,99,0
U0273,2023-02-01,pro,Education,11-50,referral,USA,23,5,1,,99,0
U0273,2023-03-01,pro,Education,11-50,referral,USA,13,5,1,6.0,99,0
U0273,2023-04-01,pro,Education,11-50,referral,USA,24,6,0,,99,0
U0273,2023-05-01,pro,Education,11-50,referral,USA,15,8,3,,99,0
U0273,2023-06-01,pro,Education,11-50,referral,USA,22,6,0,,99,0
U0273,2023-07-01,pro,Education,11-50,referral,USA,18,4,0,6.0,99,0
U0273,2023-08-01,pro,Education,11-50,referral,USA,12,4,0,,99,0
U0273,2023-09-01,pro,Education,11-50,referral,USA,21,8,1,,99,0
U0273,2023-10-01,pro,Education,11-50,referral,USA,14,7,2,,99,0
U0273,2023-11-01,pro,Education,11-50,referral,USA,14,3,1,,99,0
U0273,2023-12-01,pro,Education,11-50,referral,USA,16,7,0,,99,0
U0274,2023-01-01,enterprise,Retail,11-50,organic,Germany,19,10,1,,399,0
U0274,2023-02-01,enterprise,Retail,11-50,organic,Germany,40,10,0,,399,0
U0274,2023-03-01,enterprise,Retail,11-50,organic,Germany,28,9,0,8.0,399,0
U0274,2023-04-01,enterprise,Retail,11-50,organic,Germany,19,10,0,,399,0
U0274,2023-05-01,enterprise,Retail,11-50,organic,Germany,42,10,0,,399,0
U0274,2023-06-01,enterprise,Retail,11-50,organic,Germany,12,10,0,,399,0
U0274,2023-07-01,enterprise,Retail,11-50,organic,Germany,25,10,1,,399,0
U0274,2023-08-01,enterprise,Retail,11-50,organic,Germany,42,10,0,,399,0
U0274,2023-09-01,enterprise,Retail,11-50,organic,Germany,32,10,0,,399,0
U0274,2023-10-01,enterprise,Retail,11-50,organic,Germany,45,10,0,,399,0
U0274,2023-11-01,enterprise,Retail,11-50,organic,Germany,6,10,0,,399,0
U0274,2023-12-01,enterprise,Retail,11-50,organic,Germany,23,10,0,,399,0
U0275,2023-01-01,starter,Finance,51-200,paid_search,USA,9,3,0,,29,0
U0275,2023-02-01,starter,Finance,51-200,paid_search,USA,5,3,1,,29,0
U0275,2023-03-01,starter,Finance,51-200,paid_search,USA,6,2,0,,29,0
U0276,2023-01-01,starter,Finance,51-200,referral,USA,7,3,0,,29,0
U0276,2023-02-01,starter,Finance,51-200,referral,USA,9,2,0,,29,0
U0276,2023-03-01,starter,Finance,51-200,referral,USA,6,3,1,,29,0
U0276,2023-04-01,starter,Finance,51-200,referral,USA,5,4,1,7.0,29,0
U0276,2023-05-01,starter,Finance,51-200,referral,USA,7,6,0,,29,0
U0276,2023-06-01,starter,Finance,51-200,referral,USA,9,1,3,,29,0
U0276,2023-07-01,starter,Finance,51-200,referral,USA,13,1,0,,29,0
U0276,2023-08-01,starter,Finance,51-200,referral,USA,5,3,1,,29,0
U0276,2023-09-01,starter,Finance,51-200,referral,USA,6,1,1,,29,0
U0276,2023-10-01,starter,Finance,51-200,referral,USA,10,2,0,,29,0
U0276,2023-11-01,starter,Finance,51-200,referral,USA,7,2,0,7.0,29,0
U0277,2023-01-01,pro,Finance,201-1000,organic,Canada,18,5,1,,99,0
U0277,2023-02-01,pro,Finance,201-1000,organic,Canada,25,5,1,,99,0
U0277,2023-03-01,pro,Finance,201-1000,organic,Canada,17,8,1,,99,0
U0278,2023-01-01,starter,Ecommerce,1-10,referral,UK,12,3,2,,29,0
U0278,2023-02-01,starter,Ecommerce,1-10,referral,UK,5,5,1,,29,0
U0278,2023-03-01,starter,Ecommerce,1-10,referral,UK,9,2,1,,29,0
U0278,2023-04-01,starter,Ecommerce,1-10,referral,UK,9,3,0,,29,0
U0278,2023-05-01,starter,Ecommerce,1-10,referral,UK,7,3,0,,29,0
U0278,2023-06-01,starter,Ecommerce,1-10,referral,UK,9,3,1,,29,0
U0278,2023-07-01,starter,Ecommerce,1-10,referral,UK,13,2,1,,29,0
U0278,2023-08-01,starter,Ecommerce,1-10,referral,UK,12,2,2,,29,0
U0278,2023-09-01,starter,Ecommerce,1-10,referral,UK,10,3,0,6.0,29,0
U0278,2023-10-01,starter,Ecommerce,1-10,referral,UK,9,3,1,,29,0
U0278,2023-11-01,starter,Ecommerce,1-10,referral,UK,5,4,0,,29,0
U0278,2023-12-01,starter,Ecommerce,1-10,referral,UK,9,3,0,7.0,29,0
U0279,2023-01-01,pro,Finance,201-1000,paid_search,USA,15,2,3,,99,0
U0279,2023-02-01,pro,Finance,201-1000,paid_search,USA,13,5,2,,99,0
U0279,2023-03-01,pro,Finance,201-1000,paid_search,USA,15,6,1,7.0,99,0
U0279,2023-04-01,pro,Finance,201-1000,paid_search,USA,13,5,1,,99,0
U0279,2023-05-01,pro,Finance,201-1000,paid_search,USA,15,6,0,5.0,99,0
U0279,2023-06-01,pro,Finance,201-1000,paid_search,USA,15,5,0,,99,0
U0279,2023-07-01,pro,Finance,201-1000,paid_search,USA,19,6,3,,99,0
U0279,2023-08-01,pro,Finance,201-1000,paid_search,USA,17,6,1,,99,0
U0279,2023-09-01,pro,Finance,201-1000,paid_search,USA,5,6,3,,99,0
U0279,2023-10-01,pro,Finance,201-1000,paid_search,USA,23,4,0,9.0,99,0
U0279,2023-11-01,pro,Finance,201-1000,paid_search,USA,13,8,2,,99,0
U0279,2023-12-01,pro,Finance,201-1000,paid_search,USA,24,8,0,,99,0
U0280,2023-01-01,pro,Healthcare,11-50,direct,USA,15,7,2,,99,0
U0280,2023-02-01,pro,Healthcare,11-50,direct,USA,22,3,0,,99,0
U0280,2023-03-01,pro,Healthcare,11-50,direct,USA,19,4,1,,99,0
U0280,2023-04-01,pro,Healthcare,11-50,direct,USA,10,5,0,,99,0
U0280,2023-05-01,pro,Healthcare,11-50,direct,USA,16,5,1,,99,0
U0280,2023-06-01,pro,Healthcare,11-50,direct,USA,21,8,2,,99,0
U0280,2023-07-01,pro,Healthcare,11-50,direct,USA,19,5,1,,99,0
U0280,2023-08-01,pro,Healthcare,11-50,direct,USA,16,4,0,,99,0
U0280,2023-09-01,pro,Healthcare,11-50,direct,USA,14,7,0,5.0,99,0
U0280,2023-10-01,pro,Healthcare,11-50,direct,USA,25,4,2,,99,0
U0280,2023-11-01,pro,Healthcare,11-50,direct,USA,21,7,0,,99,0
U0280,2023-12-01,pro,Healthcare,11-50,direct,USA,13,7,0,,99,0
U0281,2023-01-01,pro,SaaS,1-10,organic,UK,16,5,0,,99,0
U0281,2023-02-01,pro,SaaS,1-10,organic,UK,23,4,0,,99,0
U0281,2023-03-01,pro,SaaS,1-10,organic,UK,15,5,0,,99,0
U0281,2023-04-01,pro,SaaS,1-10,organic,UK,15,4,1,,99,0
U0281,2023-05-01,pro,SaaS,1-10,organic,UK,25,6,1,5.0,99,0
U0281,2023-06-01,pro,SaaS,1-10,organic,UK,20,7,2,,99,0
U0281,2023-07-01,pro,SaaS,1-10,organic,UK,21,5,1,,99,0
U0281,2023-08-01,pro,SaaS,1-10,organic,UK,16,2,1,,99,0
U0281,2023-09-01,pro,SaaS,1-10,organic,UK,13,7,0,,99,0
U0281,2023-10-01,pro,SaaS,1-10,organic,UK,25,8,1,,99,0
U0281,2023-11-01,pro,SaaS,1-10,organic,UK,12,7,1,,99,0
U0281,2023-12-01,pro,SaaS,1-10,organic,UK,16,4,0,,99,0
U0282,2023-01-01,free,Finance,1-10,organic,India,3,1,0,,0,0
U0282,2023-02-01,free,Finance,1-10,organic,India,2,1,1,,0,0
U0282,2023-03-01,free,Finance,1-10,organic,India,2,1,1,,0,0
U0282,2023-04-01,free,Finance,1-10,organic,India,2,1,2,,0,0
U0282,2023-05-01,free,Finance,1-10,organic,India,5,1,3,,0,0
U0282,2023-06-01,free,Finance,1-10,organic,India,2,1,0,6.0,0,0
U0282,2023-07-01,free,Finance,1-10,organic,India,2,1,0,,0,0
U0282,2023-08-01,free,Finance,1-10,organic,India,1,1,2,,0,0
U0282,2023-09-01,free,Finance,1-10,organic,India,3,2,1,2.0,0,0
U0282,2023-10-01,free,Finance,1-10,organic,India,3,1,2,,0,0
U0282,2023-11-01,free,Finance,1-10,organic,India,3,1,1,,0,0
U0282,2023-12-01,free,Finance,1-10,organic,India,2,1,1,6.0,0,0
U0283,2023-01-01,free,Retail,11-50,referral,France,2,2,1,,0,0
U0283,2023-02-01,free,Retail,11-50,referral,France,2,1,3,8.0,0,0
U0283,2023-03-01,free,Retail,11-50,referral,France,3,3,0,,0,0
U0283,2023-04-01,free,Retail,11-50,referral,France,1,2,1,,0,0
U0283,2023-05-01,free,Retail,11-50,referral,France,1,1,0,,0,0
U0283,2023-06-01,free,Retail,11-50,referral,France,3,1,1,5.0,0,0
U0283,2023-07-01,free,Retail,11-50,referral,France,2,1,1,,0,0
U0283,2023-08-01,free,Retail,11-50,referral,France,3,2,0,,0,0
U0283,2023-09-01,free,Retail,11-50,referral,France,2,1,0,,0,0
U0283,2023-10-01,free,Retail,11-50,referral,France,2,2,0,,0,0
U0283,2023-11-01,free,Retail,11-50,referral,France,1,1,1,,0,0
U0283,2023-12-01,free,Retail,11-50,referral,France,3,1,1,,0,0
U0284,2023-01-01,free,SaaS,51-200,organic,USA,2,3,1,,0,0
U0284,2023-02-01,free,SaaS,51-200,organic,USA,3,1,1,6.0,0,0
U0284,2023-03-01,free,SaaS,51-200,organic,USA,2,1,2,,0,0
U0285,2023-01-01,starter,Ecommerce,51-200,referral,USA,11,1,3,,29,0
U0285,2023-02-01,starter,Ecommerce,51-200,referral,USA,13,1,0,,29,0
U0285,2023-03-01,starter,Ecommerce,51-200,referral,USA,5,2,1,,29,0
U0285,2023-04-01,starter,Ecommerce,51-200,referral,USA,8,2,0,,29,0
U0285,2023-05-01,starter,Ecommerce,51-200,referral,USA,8,2,0,,29,0
U0285,2023-06-01,starter,Ecommerce,51-200,referral,USA,12,3,2,,29,0
U0285,2023-07-01,starter,Ecommerce,51-200,referral,USA,9,1,1,,29,0
U0285,2023-08-01,starter,Ecommerce,51-200,referral,USA,4,1,0,,29,0
U0285,2023-09-01,starter,Ecommerce,51-200,referral,USA,13,5,3,,29,0
U0285,2023-10-01,starter,Ecommerce,51-200,referral,USA,10,3,2,6.0,29,0
U0285,2023-11-01,starter,Ecommerce,51-200,referral,USA,9,1,0,,29,0
U0285,2023-12-01,starter,Ecommerce,51-200,referral,USA,5,2,0,,29,0
U0286,2023-01-01,free,Retail,51-200,referral,USA,2,1,2,,0,0
U0286,2023-02-01,free,Retail,51-200,referral,USA,2,1,3,4.0,0,0
U0286,2023-03-01,free,Retail,51-200,referral,USA,3,1,1,,0,0
U0286,2023-04-01,free,Retail,51-200,referral,USA,3,2,0,,0,0
U0286,2023-05-01,free,Retail,51-200,referral,USA,3,1,2,,0,0
U0286,2023-06-01,free,Retail,51-200,referral,USA,4,1,2,9.0,0,0
U0286,2023-07-01,free,Retail,51-200,referral,USA,2,1,2,,0,0
U0286,2023-08-01,free,Retail,51-200,referral,USA,4,1,3,,0,0
U0286,2023-09-01,free,Retail,51-200,referral,USA,1,1,1,,0,0
U0286,2023-10-01,free,Retail,51-200,referral,USA,3,1,2,,0,0
U0286,2023-11-01,free,Retail,51-200,referral,USA,3,1,0,,0,0
U0286,2023-12-01,free,Retail,51-200,referral,USA,2,1,2,,0,0
U0287,2023-01-01,starter,SaaS,11-50,organic,USA,10,3,0,,29,0
U0287,2023-02-01,starter,SaaS,11-50,organic,USA,8,1,0,,29,0
U0287,2023-03-01,starter,SaaS,11-50,organic,USA,12,3,1,,29,0
U0287,2023-04-01,starter,SaaS,11-50,organic,USA,7,3,0,,29,0
U0287,2023-05-01,starter,SaaS,11-50,organic,USA,6,4,1,,29,0
U0287,2023-06-01,starter,SaaS,11-50,organic,USA,11,2,3,,29,0
U0287,2023-07-01,starter,SaaS,11-50,organic,USA,7,2,1,,29,0
U0287,2023-08-01,starter,SaaS,11-50,organic,USA,8,3,1,,29,0
U0287,2023-09-01,starter,SaaS,11-50,organic,USA,8,1,0,,29,0
U0287,2023-10-01,starter,SaaS,11-50,organic,USA,9,1,0,,29,0
U0287,2023-11-01,starter,SaaS,11-50,organic,USA,8,1,0,,29,0
U0287,2023-12-01,starter,SaaS,11-50,organic,USA,12,4,0,,29,0
U0288,2023-01-01,starter,Retail,11-50,paid_search,Germany,9,2,2,,29,0
U0288,2023-02-01,starter,Retail,11-50,paid_search,Germany,11,3,1,,29,0
U0288,2023-03-01,starter,Retail,11-50,paid_search,Germany,9,1,2,,29,0
U0288,2023-04-01,starter,Retail,11-50,paid_search,Germany,9,3,1,,29,0
U0288,2023-05-01,starter,Retail,11-50,paid_search,Germany,12,1,3,,29,0
U0288,2023-06-01,starter,Retail,11-50,paid_search,Germany,8,3,1,,29,0
U0288,2023-07-01,starter,Retail,11-50,paid_search,Germany,9,4,1,4.0,29,0
U0288,2023-08-01,starter,Retail,11-50,paid_search,Germany,7,2,0,,29,0
U0288,2023-09-01,starter,Retail,11-50,paid_search,Germany,6,4,1,,29,0
U0288,2023-10-01,starter,Retail,11-50,paid_search,Germany,7,3,2,,29,0
U0288,2023-11-01,starter,Retail,11-50,paid_search,Germany,10,3,0,,29,0
U0288,2023-12-01,starter,Retail,11-50,paid_search,Germany,7,2,2,,29,0
U0289,2023-01-01,free,Ecommerce,1-10,paid_search,Canada,3,1,1,,0,0
U0289,2023-02-01,free,Ecommerce,1-10,paid_search,Canada,2,1,1,5.0,0,0
U0289,2023-03-01,free,Ecommerce,1-10,paid_search,Canada,2,1,1,,0,0
U0290,2023-01-01,starter,Healthcare,11-50,paid_search,USA,6,3,2,,29,0
U0290,2023-02-01,starter,Healthcare,11-50,paid_search,USA,12,1,0,,29,0
U0290,2023-03-01,starter,Healthcare,11-50,paid_search,USA,11,1,1,,29,0
U0290,2023-04-01,starter,Healthcare,11-50,paid_search,USA,15,2,0,,29,0
U0290,2023-05-01,starter,Healthcare,11-50,paid_search,USA,5,2,1,,29,0
U0290,2023-06-01,starter,Healthcare,11-50,paid_search,USA,7,2,0,,29,0
U0290,2023-07-01,starter,Healthcare,11-50,paid_search,USA,4,2,1,,29,0
U0290,2023-08-01,starter,Healthcare,11-50,paid_search,USA,7,5,0,,29,0
U0290,2023-09-01,starter,Healthcare,11-50,paid_search,USA,7,2,0,,29,0
U0291,2023-01-01,free,Ecommerce,11-50,direct,USA,4,1,1,,0,0
U0291,2023-02-01,free,Ecommerce,11-50,direct,USA,2,2,1,,0,0
U0291,2023-03-01,free,Ecommerce,11-50,direct,USA,4,1,0,,0,0
U0291,2023-04-01,free,Ecommerce,11-50,direct,USA,3,1,0,,0,0
U0291,2023-05-01,free,Ecommerce,11-50,direct,USA,3,1,0,,0,0
U0291,2023-06-01,free,Ecommerce,11-50,direct,USA,3,1,0,,0,0
U0291,2023-07-01,free,Ecommerce,11-50,direct,USA,3,2,0,,0,0
U0291,2023-08-01,free,Ecommerce,11-50,direct,USA,1,1,0,,0,0
U0291,2023-09-01,free,Ecommerce,11-50,direct,USA,3,1,0,,0,0
U0291,2023-10-01,free,Ecommerce,11-50,direct,USA,3,1,2,6.0,0,0
U0291,2023-11-01,free,Ecommerce,11-50,direct,USA,3,3,2,,0,0
U0292,2023-01-01,free,Ecommerce,1-10,social,USA,1,2,0,,0,0
U0292,2023-02-01,free,Ecommerce,1-10,social,USA,3,2,0,,0,0
U0293,2023-01-01,pro,Retail,1-10,referral,Australia,15,5,2,9.0,99,0
U0293,2023-02-01,pro,Retail,1-10,referral,Australia,13,8,0,6.0,99,0
U0293,2023-03-01,pro,Retail,1-10,referral,Australia,10,7,0,,99,0
U0293,2023-04-01,pro,Retail,1-10,referral,Australia,18,4,0,,99,0
U0293,2023-05-01,pro,Retail,1-10,referral,Australia,19,5,0,,99,0
U0293,2023-06-01,pro,Retail,1-10,referral,Australia,20,7,0,,99,0
U0293,2023-07-01,pro,Retail,1-10,referral,Australia,18,6,1,,99,0
U0293,2023-08-01,pro,Retail,1-10,referral,Australia,10,3,0,6.0,99,0
U0293,2023-09-01,pro,Retail,1-10,referral,Australia,17,7,2,7.0,99,0
U0293,2023-10-01,pro,Retail,1-10,referral,Australia,21,5,0,,99,0
U0293,2023-11-01,pro,Retail,1-10,referral,Australia,23,5,0,,99,0
U0293,2023-12-01,pro,Retail,1-10,referral,Australia,11,5,0,,99,0
U0294,2023-01-01,free,Education,11-50,referral,Other,1,1,1,,0,0
U0294,2023-02-01,free,Education,11-50,referral,Other,4,1,3,,0,0
U0294,2023-03-01,free,Education,11-50,referral,Other,3,1,0,,0,0
U0294,2023-04-01,free,Education,11-50,referral,Other,1,1,1,,0,0
U0294,2023-05-01,free,Education,11-50,referral,Other,2,1,0,5.0,0,0
U0294,2023-06-01,free,Education,11-50,referral,Other,3,4,0,,0,0
U0294,2023-07-01,free,Education,11-50,referral,Other,2,1,0,,0,0
U0294,2023-08-01,free,Education,11-50,referral,Other,2,1,0,,0,0
U0294,2023-09-01,free,Education,11-50,referral,Other,3,2,1,,0,0
U0294,2023-10-01,free,Education,11-50,referral,Other,3,1,0,,0,0
U0294,2023-11-01,free,Education,11-50,referral,Other,1,2,0,,0,0
U0294,2023-12-01,free,Education,11-50,referral,Other,3,3,0,,0,0
U0295,2023-01-01,free,Finance,51-200,paid_search,USA,3,2,1,,0,0
U0295,2023-02-01,free,Finance,51-200,paid_search,USA,2,1,0,7.0,0,0
U0295,2023-03-01,free,Finance,51-200,paid_search,USA,1,1,2,,0,0
U0296,2023-01-01,starter,Finance,1000+,direct,USA,8,3,0,,29,0
U0296,2023-02-01,starter,Finance,1000+,direct,USA,8,3,0,,29,0
U0296,2023-03-01,starter,Finance,1000+,direct,USA,2,1,5,,29,0
U0296,2023-04-01,starter,Finance,1000+,direct,USA,9,1,2,,29,0
U0296,2023-05-01,starter,Finance,1000+,direct,USA,8,3,0,,29,0
U0296,2023-06-01,starter,Finance,1000+,direct,USA,7,3,0,,29,0
U0296,2023-07-01,starter,Finance,1000+,direct,USA,7,2,0,,29,0
U0296,2023-08-01,starter,Finance,1000+,direct,USA,4,1,0,,29,0
U0296,2023-09-01,starter,Finance,1000+,direct,USA,8,2,1,,29,0
U0296,2023-10-01,starter,Finance,1000+,direct,USA,4,1,1,,29,0
U0296,2023-11-01,starter,Finance,1000+,direct,USA,5,2,0,,29,0
U0296,2023-12-01,starter,Finance,1000+,direct,USA,9,2,1,,29,0
U0297,2023-01-01,pro,Healthcare,201-1000,referral,Australia,20,5,1,,99,0
U0297,2023-02-01,pro,Healthcare,201-1000,referral,Australia,12,5,2,,99,0
U0297,2023-03-01,pro,Healthcare,201-1000,referral,Australia,16,5,1,,99,0
U0297,2023-04-01,pro,Healthcare,201-1000,referral,Australia,26,7,1,,99,0
U0297,2023-05-01,pro,Healthcare,201-1000,referral,Australia,17,6,2,,99,0
U0297,2023-06-01,pro,Healthcare,201-1000,referral,Australia,20,6,5,,99,0
U0297,2023-07-01,pro,Healthcare,201-1000,referral,Australia,21,7,3,,99,0
U0297,2023-08-01,pro,Healthcare,201-1000,referral,Australia,15,4,2,,99,0
U0297,2023-09-01,pro,Healthcare,201-1000,referral,Australia,15,4,1,,99,0
U0297,2023-10-01,pro,Healthcare,201-1000,referral,Australia,9,5,1,7.0,99,0
U0297,2023-11-01,pro,Healthcare,201-1000,referral,Australia,13,6,0,7.0,99,0
U0297,2023-12-01,pro,Healthcare,201-1000,referral,Australia,23,9,1,,99,0
U0298,2023-01-01,free,Healthcare,51-200,referral,France,3,1,0,,0,0
U0298,2023-02-01,free,Healthcare,51-200,referral,France,3,3,1,7.0,0,0
U0299,2023-01-01,starter,Finance,11-50,social,UK,8,3,2,7.0,29,0
U0299,2023-02-01,starter,Finance,11-50,social,UK,10,3,0,,29,0
U0299,2023-03-01,starter,Finance,11-50,social,UK,7,4,1,,29,0
U0299,2023-04-01,starter,Finance,11-50,social,UK,5,4,1,,29,0
U0299,2023-05-01,starter,Finance,11-50,social,UK,5,3,0,,29,0
U0299,2023-06-01,starter,Finance,11-50,social,UK,1,2,2,,29,0
U0299,2023-07-01,starter,Finance,11-50,social,UK,8,1,1,,29,0
U0299,2023-08-01,starter,Finance,11-50,social,UK,4,1,0,,29,0
U0299,2023-09-01,starter,Finance,11-50,social,UK,10,3,0,,29,0
U0299,2023-10-01,starter,Finance,11-50,social,UK,3,1,0,,29,0
U0299,2023-11-01,starter,Finance,11-50,social,UK,10,3,2,,29,0
U0299,2023-12-01,starter,Finance,11-50,social,UK,8,2,0,,29,0
U0300,2023-01-01,free,Education,51-200,organic,USA,2,1,0,,0,0
U0300,2023-02-01,free,Education,51-200,organic,USA,2,1,2,,0,0
U0300,2023-03-01,free,Education,51-200,organic,USA,2,1,0,,0,0
U0300,2023-04-01,free,Education,51-200,organic,USA,2,1,0,,0,0
U0300,2023-05-01,free,Education,51-200,organic,USA,2,2,0,2.0,0,0
U0301,2023-01-01,free,Finance,51-200,social,USA,2,1,2,,0,0
U0301,2023-02-01,free,Finance,51-200,social,USA,2,2,0,,0,0
U0302,2023-01-01,starter,Education,1-10,organic,Canada,7,1,0,7.0,29,0
U0302,2023-02-01,starter,Education,1-10,organic,Canada,7,3,1,,29,0
U0302,2023-03-01,starter,Education,1-10,organic,Canada,5,2,0,,29,0
U0302,2023-04-01,starter,Education,1-10,organic,Canada,4,1,0,,29,0
U0302,2023-05-01,starter,Education,1-10,organic,Canada,10,2,1,,29,0
U0302,2023-06-01,starter,Education,1-10,organic,Canada,9,1,0,,29,0
U0302,2023-07-01,starter,Education,1-10,organic,Canada,4,1,2,,29,0
U0302,2023-08-01,starter,Education,1-10,organic,Canada,8,3,1,,29,0
U0302,2023-09-01,starter,Education,1-10,organic,Canada,8,3,0,,29,0
U0302,2023-10-01,starter,Education,1-10,organic,Canada,11,1,0,,29,0
U0303,2023-01-01,starter,Healthcare,11-50,organic,USA,9,5,0,,29,0
U0303,2023-02-01,starter,Healthcare,11-50,organic,USA,7,1,0,,29,0
U0303,2023-03-01,starter,Healthcare,11-50,organic,USA,8,1,2,8.0,29,0
U0303,2023-04-01,starter,Healthcare,11-50,organic,USA,9,2,1,4.0,29,0
U0303,2023-05-01,starter,Healthcare,11-50,organic,USA,10,1,1,,29,0
U0303,2023-06-01,starter,Healthcare,11-50,organic,USA,5,1,2,,29,0
U0303,2023-07-01,starter,Healthcare,11-50,organic,USA,14,1,0,,29,0
U0303,2023-08-01,starter,Healthcare,11-50,organic,USA,8,5,1,,29,0
U0303,2023-09-01,starter,Healthcare,11-50,organic,USA,7,2,2,,29,0
U0303,2023-10-01,starter,Healthcare,11-50,organic,USA,10,2,1,,29,0
U0303,2023-11-01,starter,Healthcare,11-50,organic,USA,3,5,1,,29,0
U0303,2023-12-01,starter,Healthcare,11-50,organic,USA,9,3,0,8.0,29,0
U0305,2023-01-01,pro,Retail,11-50,direct,Canada,14,6,1,,99,0
U0305,2023-02-01,pro,Retail,11-50,direct,Canada,18,8,0,,99,0
U0305,2023-03-01,pro,Retail,11-50,direct,Canada,13,5,2,,99,0
U0305,2023-04-01,pro,Retail,11-50,direct,Canada,18,7,0,,99,0
U0305,2023-05-01,pro,Retail,11-50,direct,Canada,16,4,0,,99,0
U0305,2023-06-01,pro,Retail,11-50,direct,Canada,9,10,2,,99,0
U0305,2023-07-01,pro,Retail,11-50,direct,Canada,15,4,1,,99,0
U0305,2023-08-01,pro,Retail,11-50,direct,Canada,15,8,2,,99,0
U0305,2023-09-01,pro,Retail,11-50,direct,Canada,26,7,1,,99,0
U0305,2023-10-01,pro,Retail,11-50,direct,Canada,20,7,1,,99,0
U0305,2023-11-01,pro,Retail,11-50,direct,Canada,19,8,0,,99,0
U0305,2023-12-01,pro,Retail,11-50,direct,Canada,21,3,1,,99,0
U0306,2023-01-01,enterprise,Healthcare,11-50,social,USA,47,10,0,9.0,399,0
U0306,2023-02-01,enterprise,Healthcare,11-50,social,USA,28,10,0,,399,0
U0306,2023-03-01,enterprise,Healthcare,11-50,social,USA,46,8,0,,399,0
U0306,2023-04-01,enterprise,Healthcare,11-50,social,USA,30,10,0,,399,0
U0306,2023-05-01,enterprise,Healthcare,11-50,social,USA,10,10,0,,399,0
U0306,2023-06-01,enterprise,Healthcare,11-50,social,USA,24,9,0,,399,0
U0306,2023-07-01,enterprise,Healthcare,11-50,social,USA,38,10,0,,399,0
U0306,2023-08-01,enterprise,Healthcare,11-50,social,USA,39,6,0,,399,0
U0306,2023-09-01,enterprise,Healthcare,11-50,social,USA,33,10,0,,399,0
U0306,2023-10-01,enterprise,Healthcare,11-50,social,USA,34,8,0,,399,0
U0306,2023-11-01,enterprise,Healthcare,11-50,social,USA,22,10,0,,399,0
U0306,2023-12-01,enterprise,Healthcare,11-50,social,USA,38,10,1,,399,0
U0307,2023-01-01,starter,Healthcare,11-50,referral,India,6,1,3,,29,0
U0307,2023-02-01,starter,Healthcare,11-50,referral,India,10,1,1,,29,0
U0307,2023-03-01,starter,Healthcare,11-50,referral,India,7,2,0,,29,0
U0307,2023-04-01,starter,Healthcare,11-50,referral,India,12,1,1,6.0,29,0
U0307,2023-05-01,starter,Healthcare,11-50,referral,India,3,5,0,,29,0
U0307,2023-06-01,starter,Healthcare,11-50,referral,India,8,1,1,,29,0
U0307,2023-07-01,starter,Healthcare,11-50,referral,India,6,3,1,,29,0
U0307,2023-08-01,starter,Healthcare,11-50,referral,India,14,2,0,,29,0
U0307,2023-09-01,starter,Healthcare,11-50,referral,India,8,2,1,,29,0
U0307,2023-10-01,starter,Healthcare,11-50,referral,India,8,1,0,,29,0
U0307,2023-11-01,starter,Healthcare,11-50,referral,India,10,1,1,,29,0
U0307,2023-12-01,starter,Healthcare,11-50,referral,India,12,2,0,,29,0
U0308,2023-01-01,free,Ecommerce,1-10,referral,USA,3,1,0,,0,0
U0308,2023-02-01,free,Ecommerce,1-10,referral,USA,2,1,1,,0,0
U0308,2023-03-01,free,Ecommerce,1-10,referral,USA,3,1,3,,0,0
U0310,2023-01-01,free,Ecommerce,11-50,direct,Canada,1,1,0,,0,0
U0310,2023-02-01,free,Ecommerce,11-50,direct,Canada,3,2,1,,0,0
U0310,2023-03-01,free,Ecommerce,11-50,direct,Canada,2,3,1,,0,0
U0310,2023-04-01,free,Ecommerce,11-50,direct,Canada,2,1,0,,0,0
U0310,2023-05-01,free,Ecommerce,11-50,direct,Canada,2,1,1,,0,0
U0310,2023-06-01,free,Ecommerce,11-50,direct,Canada,2,1,1,,0,0
U0310,2023-07-01,free,Ecommerce,11-50,direct,Canada,4,1,0,5.0,0,0
U0311,2023-01-01,starter,Retail,1-10,paid_search,USA,8,3,1,,29,0
U0311,2023-02-01,starter,Retail,1-10,paid_search,USA,4,2,0,,29,0
U0311,2023-03-01,starter,Retail,1-10,paid_search,USA,5,2,0,,29,0
U0311,2023-04-01,starter,Retail,1-10,paid_search,USA,11,1,2,,29,0
U0311,2023-05-01,starter,Retail,1-10,paid_search,USA,6,2,2,,29,0
U0311,2023-06-01,starter,Retail,1-10,paid_search,USA,8,4,0,,29,0
U0311,2023-07-01,starter,Retail,1-10,paid_search,USA,6,3,1,,29,0
U0311,2023-08-01,starter,Retail,1-10,paid_search,USA,5,3,1,,29,0
U0311,2023-09-01,starter,Retail,1-10,paid_search,USA,8,2,1,,29,0
U0311,2023-10-01,starter,Retail,1-10,paid_search,USA,4,1,3,,29,0
U0311,2023-11-01,starter,Retail,1-10,paid_search,USA,8,3,1,4.0,29,0
U0311,2023-12-01,starter,Retail,1-10,paid_search,USA,9,1,1,,29,0
U0312,2023-01-01,free,Ecommerce,1-10,paid_search,Other,3,1,1,,0,0
U0313,2023-01-01,free,Education,201-1000,organic,Canada,2,2,1,,0,0
U0313,2023-02-01,free,Education,201-1000,organic,Canada,4,1,0,,0,0
U0313,2023-03-01,free,Education,201-1000,organic,Canada,2,1,1,,0,0
U0314,2023-01-01,enterprise,Finance,1-10,referral,USA,21,10,0,,399,0
U0314,2023-02-01,enterprise,Finance,1-10,referral,USA,32,10,0,,399,0
U0314,2023-03-01,enterprise,Finance,1-10,referral,USA,24,10,0,6.0,399,0
U0314,2023-04-01,enterprise,Finance,1-10,referral,USA,26,10,1,,399,0
U0314,2023-05-01,enterprise,Finance,1-10,referral,USA,39,9,0,,399,0
U0314,2023-06-01,enterprise,Finance,1-10,referral,USA,22,10,1,,399,0
U0314,2023-07-01,enterprise,Finance,1-10,referral,USA,32,9,1,,399,0
U0314,2023-08-01,enterprise,Finance,1-10,referral,USA,39,10,0,,399,0
U0314,2023-09-01,enterprise,Finance,1-10,referral,USA,45,10,1,,399,0
U0314,2023-10-01,enterprise,Finance,1-10,referral,USA,20,10,1,6.0,399,0
U0314,2023-11-01,enterprise,Finance,1-10,referral,USA,27,10,0,,399,0
U0314,2023-12-01,enterprise,Finance,1-10,referral,USA,33,10,0,,399,0
U0315,2023-01-01,pro,SaaS,11-50,referral,India,9,8,0,,99,0
U0315,2023-02-01,pro,SaaS,11-50,referral,India,17,8,0,,99,0
U0315,2023-03-01,pro,SaaS,11-50,referral,India,27,4,1,,99,0
U0315,2023-04-01,pro,SaaS,11-50,referral,India,10,6,0,,99,0
U0315,2023-05-01,pro,SaaS,11-50,referral,India,23,7,1,,99,0
U0315,2023-06-01,pro,SaaS,11-50,referral,India,27,3,1,,99,0
U0315,2023-07-01,pro,SaaS,11-50,referral,India,12,4,1,,99,0
U0315,2023-08-01,pro,SaaS,11-50,referral,India,14,9,2,,99,0
U0315,2023-09-01,pro,SaaS,11-50,referral,India,8,7,1,,99,0
U0315,2023-10-01,pro,SaaS,11-50,referral,India,29,7,0,,99,0
U0315,2023-11-01,pro,SaaS,11-50,referral,India,23,4,0,6.0,99,0
U0315,2023-12-01,pro,SaaS,11-50,referral,India,22,5,0,,99,0
U0316,2023-01-01,starter,Healthcare,1-10,paid_search,USA,7,1,1,,29,0
U0316,2023-02-01,starter,Healthcare,1-10,paid_search,USA,9,4,0,5.0,29,0
U0316,2023-03-01,starter,Healthcare,1-10,paid_search,USA,4,3,0,,29,0
U0316,2023-04-01,starter,Healthcare,1-10,paid_search,USA,6,1,2,,29,0
U0316,2023-05-01,starter,Healthcare,1-10,paid_search,USA,7,1,1,,29,0
U0316,2023-06-01,starter,Healthcare,1-10,paid_search,USA,7,1,0,,29,0
U0317,2023-01-01,starter,Education,201-1000,organic,France,9,3,2,,29,0
U0317,2023-02-01,starter,Education,201-1000,organic,France,8,1,1,,29,0
U0317,2023-03-01,starter,Education,201-1000,organic,France,5,2,2,,29,0
U0317,2023-04-01,starter,Education,201-1000,organic,France,10,1,1,,29,0
U0317,2023-05-01,starter,Education,201-1000,organic,France,10,1,0,,29,0
U0317,2023-06-01,starter,Education,201-1000,organic,France,9,2,2,,29,0
U0317,2023-07-01,starter,Education,201-1000,organic,France,8,1,2,,29,0
U0317,2023-08-01,starter,Education,201-1000,organic,France,6,3,0,,29,0
U0317,2023-09-01,starter,Education,201-1000,organic,France,9,4,0,,29,0
U0317,2023-10-01,starter,Education,201-1000,organic,France,6,4,1,,29,0
U0317,2023-11-01,starter,Education,201-1000,organic,France,12,1,0,,29,0
U0317,2023-12-01,starter,Education,201-1000,organic,France,10,2,2,6.0,29,0
U0318,2023-01-01,free,SaaS,1-10,social,USA,2,1,0,,0,0
U0318,2023-02-01,free,SaaS,1-10,social,USA,2,1,0,,0,0
U0319,2023-01-01,free,Education,11-50,organic,Canada,2,1,0,,0,0
U0319,2023-02-01,free,Education,11-50,organic,Canada,3,1,0,,0,0
U0319,2023-03-01,free,Education,11-50,organic,Canada,3,1,1,,0,0
U0319,2023-04-01,free,Education,11-50,organic,Canada,4,2,0,,0,0
U0319,2023-05-01,free,Education,11-50,organic,Canada,3,1,1,,0,0
U0319,2023-06-01,free,Education,11-50,organic,Canada,3,2,0,,0,0
U0319,2023-07-01,free,Education,11-50,organic,Canada,3,1,0,,0,0
U0319,2023-08-01,free,Education,11-50,organic,Canada,3,1,0,,0,0
U0319,2023-09-01,free,Education,11-50,organic,Canada,5,1,2,,0,0
U0319,2023-10-01,free,Education,11-50,organic,Canada,2,1,1,,0,0
U0320,2023-01-01,free,Education,201-1000,referral,USA,4,1,0,,0,0
U0320,2023-02-01,free,Education,201-1000,referral,USA,1,1,2,,0,0
U0320,2023-03-01,free,Education,201-1000,referral,USA,2,2,1,,0,0
U0320,2023-04-01,free,Education,201-1000,referral,USA,3,1,1,,0,0
U0320,2023-05-01,free,Education,201-1000,referral,USA,1,1,0,6.0,0,0
U0320,2023-06-01,free,Education,201-1000,referral,USA,2,3,0,,0,0
U0320,2023-07-01,free,Education,201-1000,referral,USA,2,2,2,,0,0
U0320,2023-08-01,free,Education,201-1000,referral,USA,1,1,3,,0,0
U0321,2023-01-01,starter,Healthcare,201-1000,direct,UK,5,2,0,,29,0
U0321,2023-02-01,starter,Healthcare,201-1000,direct,UK,6,4,2,,29,0
U0321,2023-03-01,starter,Healthcare,201-1000,direct,UK,12,3,0,,29,0
U0321,2023-04-01,starter,Healthcare,201-1000,direct,UK,8,6,1,,29,0
U0321,2023-05-01,starter,Healthcare,201-1000,direct,UK,7,3,0,,29,0
U0321,2023-06-01,starter,Healthcare,201-1000,direct,UK,9,2,1,5.0,29,0
U0321,2023-07-01,starter,Healthcare,201-1000,direct,UK,9,3,1,,29,0
U0321,2023-08-01,starter,Healthcare,201-1000,direct,UK,10,1,1,,29,0
U0321,2023-09-01,starter,Healthcare,201-1000,direct,UK,5,2,4,,29,0
U0321,2023-10-01,starter,Healthcare,201-1000,direct,UK,5,2,0,,29,0
U0321,2023-11-01,starter,Healthcare,201-1000,direct,UK,5,2,0,,29,0
U0321,2023-12-01,starter,Healthcare,201-1000,direct,UK,5,3,1,,29,0
U0322,2023-01-01,pro,Finance,1-10,paid_search,Australia,16,8,1,,99,0
U0322,2023-02-01,pro,Finance,1-10,paid_search,Australia,16,5,1,,99,0
U0322,2023-03-01,pro,Finance,1-10,paid_search,Australia,24,4,1,8.0,99,0
U0322,2023-04-01,pro,Finance,1-10,paid_search,Australia,16,5,1,,99,0
U0322,2023-05-01,pro,Finance,1-10,paid_search,Australia,17,4,0,,99,0
U0322,2023-06-01,pro,Finance,1-10,paid_search,Australia,15,5,0,,99,0
U0322,2023-07-01,pro,Finance,1-10,paid_search,Australia,10,8,0,,99,0
U0322,2023-08-01,pro,Finance,1-10,paid_search,Australia,7,5,1,,99,0
U0322,2023-09-01,pro,Finance,1-10,paid_search,Australia,9,5,1,,99,0
U0322,2023-10-01,pro,Finance,1-10,paid_search,Australia,15,6,0,8.0,99,0
U0322,2023-11-01,pro,Finance,1-10,paid_search,Australia,25,8,1,,99,0
U0322,2023-12-01,pro,Finance,1-10,paid_search,Australia,20,4,0,,99,0
U0323,2023-01-01,starter,Ecommerce,201-1000,organic,Australia,14,1,1,8.0,29,0
U0323,2023-02-01,starter,Ecommerce,201-1000,organic,Australia,8,1,2,,29,0
U0323,2023-03-01,starter,Ecommerce,201-1000,organic,Australia,4,1,1,6.0,29,0
U0323,2023-04-01,starter,Ecommerce,201-1000,organic,Australia,8,3,1,,29,0
U0323,2023-05-01,starter,Ecommerce,201-1000,organic,Australia,10,1,1,,29,0
U0323,2023-06-01,starter,Ecommerce,201-1000,organic,Australia,6,2,2,,29,0
U0323,2023-07-01,starter,Ecommerce,201-1000,organic,Australia,10,2,3,,29,0
U0323,2023-08-01,starter,Ecommerce,201-1000,organic,Australia,5,1,1,8.0,29,0
U0323,2023-09-01,starter,Ecommerce,201-1000,organic,Australia,4,4,2,,29,0
U0323,2023-10-01,starter,Ecommerce,201-1000,organic,Australia,5,1,1,,29,0
U0323,2023-11-01,starter,Ecommerce,201-1000,organic,Australia,7,2,5,,29,0
U0323,2023-12-01,starter,Ecommerce,201-1000,organic,Australia,7,1,1,,29,0
U0325,2023-01-01,enterprise,Finance,11-50,social,USA,30,10,0,,399,0
U0325,2023-02-01,enterprise,Finance,11-50,social,USA,33,10,0,,399,0
U0325,2023-03-01,enterprise,Finance,11-50,social,USA,21,10,0,,399,0
U0325,2023-04-01,enterprise,Finance,11-50,social,USA,34,9,0,,399,0
U0325,2023-05-01,enterprise,Finance,11-50,social,USA,19,10,0,,399,0
U0325,2023-06-01,enterprise,Finance,11-50,social,USA,33,10,0,,399,0
U0325,2023-07-01,enterprise,Finance,11-50,social,USA,51,9,0,,399,0
U0325,2023-08-01,enterprise,Finance,11-50,social,USA,25,10,0,6.0,399,0
U0325,2023-09-01,enterprise,Finance,11-50,social,USA,18,9,0,,399,0
U0325,2023-10-01,enterprise,Finance,11-50,social,USA,38,10,0,,399,0
U0325,2023-11-01,enterprise,Finance,11-50,social,USA,48,9,0,,399,0
U0325,2023-12-01,enterprise,Finance,11-50,social,USA,26,10,0,,399,0
U0326,2023-01-01,pro,Retail,1-10,paid_search,Australia,22,8,2,,99,0
U0326,2023-02-01,pro,Retail,1-10,paid_search,Australia,4,6,0,,99,0
U0326,2023-03-01,pro,Retail,1-10,paid_search,Australia,15,7,0,,99,0
U0326,2023-04-01,pro,Retail,1-10,paid_search,Australia,17,4,3,,99,0
U0326,2023-05-01,pro,Retail,1-10,paid_search,Australia,22,6,1,,99,0
U0326,2023-06-01,pro,Retail,1-10,paid_search,Australia,6,6,4,,99,0
U0326,2023-07-01,pro,Retail,1-10,paid_search,Australia,23,7,1,,99,0
U0326,2023-08-01,pro,Retail,1-10,paid_search,Australia,17,6,3,5.0,99,0
U0326,2023-09-01,pro,Retail,1-10,paid_search,Australia,14,7,0,,99,0
U0326,2023-10-01,pro,Retail,1-10,paid_search,Australia,12,6,0,6.0,99,0
U0326,2023-11-01,pro,Retail,1-10,paid_search,Australia,19,8,2,,99,0
U0326,2023-12-01,pro,Retail,1-10,paid_search,Australia,15,4,1,,99,0
U0327,2023-01-01,starter,Healthcare,1-10,direct,Other,8,1,3,,29,0
U0327,2023-02-01,starter,Healthcare,1-10,direct,Other,10,4,0,,29,0
U0327,2023-03-01,starter,Healthcare,1-10,direct,Other,8,2,1,,29,0
U0328,2023-01-01,starter,Healthcare,51-200,organic,USA,13,3,1,,29,0
U0328,2023-02-01,starter,Healthcare,51-200,organic,USA,6,2,1,,29,0
U0328,2023-03-01,starter,Healthcare,51-200,organic,USA,10,2,2,,29,0
U0328,2023-04-01,starter,Healthcare,51-200,organic,USA,10,4,1,,29,0
U0328,2023-05-01,starter,Healthcare,51-200,organic,USA,6,2,0,,29,0
U0328,2023-06-01,starter,Healthcare,51-200,organic,USA,4,2,1,,29,0
U0328,2023-07-01,starter,Healthcare,51-200,organic,USA,9,2,0,,29,0
U0328,2023-08-01,starter,Healthcare,51-200,organic,USA,3,5,1,,29,0
U0329,2023-01-01,starter,Healthcare,11-50,paid_search,UK,8,2,1,,29,0
U0329,2023-02-01,starter,Healthcare,11-50,paid_search,UK,8,2,1,,29,0
U0329,2023-03-01,starter,Healthcare,11-50,paid_search,UK,11,2,2,,29,0
U0329,2023-04-01,starter,Healthcare,11-50,paid_search,UK,10,3,0,,29,0
U0329,2023-05-01,starter,Healthcare,11-50,paid_search,UK,6,2,1,,29,0
U0329,2023-06-01,starter,Healthcare,11-50,paid_search,UK,8,3,0,7.0,29,0
U0329,2023-07-01,starter,Healthcare,11-50,paid_search,UK,7,2,1,,29,0
U0329,2023-08-01,starter,Healthcare,11-50,paid_search,UK,5,3,0,,29,0
U0329,2023-09-01,starter,Healthcare,11-50,paid_search,UK,6,2,0,,29,0
U0329,2023-10-01,starter,Healthcare,11-50,paid_search,UK,12,4,1,4.0,29,0
U0329,2023-11-01,starter,Healthcare,11-50,paid_search,UK,7,4,2,,29,0
U0329,2023-12-01,starter,Healthcare,11-50,paid_search,UK,9,1,4,,29,0
U0330,2023-01-01,free,SaaS,11-50,referral,USA,2,1,0,,0,0
U0330,2023-02-01,free,SaaS,11-50,referral,USA,3,1,1,,0,0
U0330,2023-03-01,free,SaaS,11-50,referral,USA,3,1,2,,0,0
U0330,2023-04-01,free,SaaS,11-50,referral,USA,5,1,1,,0,0
U0330,2023-05-01,free,SaaS,11-50,referral,USA,2,1,2,,0,0
U0330,2023-06-01,free,SaaS,11-50,referral,USA,3,1,1,,0,0
U0331,2023-01-01,free,Retail,51-200,social,France,4,1,0,,0,0
U0331,2023-02-01,free,Retail,51-200,social,France,2,1,1,,0,0
U0331,2023-03-01,free,Retail,51-200,social,France,4,1,1,,0,0
U0331,2023-04-01,free,Retail,51-200,social,France,4,3,0,,0,0
U0331,2023-05-01,free,Retail,51-200,social,France,3,1,0,,0,0
U0331,2023-06-01,free,Retail,51-200,social,France,4,3,0,,0,0
U0331,2023-07-01,free,Retail,51-200,social,France,1,1,0,,0,0
U0331,2023-08-01,free,Retail,51-200,social,France,3,1,1,,0,0
U0331,2023-09-01,free,Retail,51-200,social,France,3,1,0,,0,0
U0331,2023-10-01,free,Retail,51-200,social,France,3,1,0,,0,0
U0331,2023-11-01,free,Retail,51-200,social,France,2,3,2,,0,0
U0331,2023-12-01,free,Retail,51-200,social,France,4,1,0,,0,0
U0332,2023-01-01,pro,Finance,51-200,organic,USA,16,3,0,,99,0
U0332,2023-02-01,pro,Finance,51-200,organic,USA,24,5,0,,99,0
U0332,2023-03-01,pro,Finance,51-200,organic,USA,17,5,2,,99,0
U0332,2023-04-01,pro,Finance,51-200,organic,USA,14,5,1,,99,0
U0332,2023-05-01,pro,Finance,51-200,organic,USA,23,7,0,,99,0
U0332,2023-06-01,pro,Finance,51-200,organic,USA,17,9,1,,99,0
U0332,2023-07-01,pro,Finance,51-200,organic,USA,16,6,0,,99,0
U0332,2023-08-01,pro,Finance,51-200,organic,USA,29,5,1,,99,0
U0332,2023-09-01,pro,Finance,51-200,organic,USA,11,6,3,,99,0
U0332,2023-10-01,pro,Finance,51-200,organic,USA,9,5,2,,99,0
U0332,2023-11-01,pro,Finance,51-200,organic,USA,16,6,1,,99,0
U0332,2023-12-01,pro,Finance,51-200,organic,USA,12,6,2,,99,0
U0333,2023-01-01,free,Finance,1-10,social,USA,3,1,0,,0,0
U0333,2023-02-01,free,Finance,1-10,social,USA,2,1,3,5.0,0,0
U0333,2023-03-01,free,Finance,1-10,social,USA,3,1,0,,0,0
U0333,2023-04-01,free,Finance,1-10,social,USA,2,1,0,,0,0
U0334,2023-01-01,free,Education,51-200,paid_search,India,2,1,0,,0,0
U0334,2023-02-01,free,Education,51-200,paid_search,India,2,1,3,7.0,0,0
U0334,2023-03-01,free,Education,51-200,paid_search,India,3,1,2,5.0,0,0
U0334,2023-04-01,free,Education,51-200,paid_search,India,4,2,2,,0,0
U0334,2023-05-01,free,Education,51-200,paid_search,India,3,1,2,,0,0
U0334,2023-06-01,free,Education,51-200,paid_search,India,2,3,0,,0,0
U0334,2023-07-01,free,Education,51-200,paid_search,India,2,1,1,,0,0
U0334,2023-08-01,free,Education,51-200,paid_search,India,2,2,0,,0,0
U0334,2023-09-01,free,Education,51-200,paid_search,India,2,1,0,,0,0
U0335,2023-01-01,free,Education,1-10,paid_search,USA,1,1,0,,0,0
U0335,2023-02-01,free,Education,1-10,paid_search,USA,3,1,0,,0,0
U0335,2023-03-01,free,Education,1-10,paid_search,USA,2,2,1,,0,0
U0335,2023-04-01,free,Education,1-10,paid_search,USA,2,5,0,,0,0
U0335,2023-05-01,free,Education,1-10,paid_search,USA,2,1,1,,0,0
U0335,2023-06-01,free,Education,1-10,paid_search,USA,3,1,2,,0,0
U0335,2023-07-01,free,Education,1-10,paid_search,USA,2,1,0,,0,0
U0335,2023-08-01,free,Education,1-10,paid_search,USA,2,1,1,,0,0
U0335,2023-09-01,free,Education,1-10,paid_search,USA,1,1,1,,0,0
U0335,2023-10-01,free,Education,1-10,paid_search,USA,3,1,0,7.0,0,0
U0335,2023-11-01,free,Education,1-10,paid_search,USA,3,3,1,,0,0
U0335,2023-12-01,free,Education,1-10,paid_search,USA,4,1,0,,0,0
U0336,2023-01-01,free,Education,51-200,organic,UK,2,1,2,,0,0
U0336,2023-02-01,free,Education,51-200,organic,UK,4,1,1,,0,0
U0336,2023-03-01,free,Education,51-200,organic,UK,2,1,1,,0,0
U0336,2023-04-01,free,Education,51-200,organic,UK,3,2,3,,0,0
U0336,2023-05-01,free,Education,51-200,organic,UK,3,1,0,,0,0
U0336,2023-06-01,free,Education,51-200,organic,UK,2,1,0,,0,0
U0336,2023-07-01,free,Education,51-200,organic,UK,3,1,2,,0,0
U0336,2023-08-01,free,Education,51-200,organic,UK,1,4,0,,0,0
U0336,2023-09-01,free,Education,51-200,organic,UK,3,1,1,,0,0
U0336,2023-10-01,free,Education,51-200,organic,UK,3,1,0,,0,0
U0337,2023-01-01,pro,Healthcare,51-200,social,UK,17,6,0,,99,0
U0338,2023-01-01,pro,Finance,1000+,organic,USA,19,6,1,,99,0
U0338,2023-02-01,pro,Finance,1000+,organic,USA,27,6,0,,99,0
U0338,2023-03-01,pro,Finance,1000+,organic,USA,18,7,0,,99,0
U0339,2023-01-01,starter,Retail,1-10,organic,USA,10,2,1,,29,0
U0339,2023-02-01,starter,Retail,1-10,organic,USA,5,3,0,,29,0
U0339,2023-03-01,starter,Retail,1-10,organic,USA,6,3,1,,29,0
U0339,2023-04-01,starter,Retail,1-10,organic,USA,7,3,1,,29,0
U0339,2023-05-01,starter,Retail,1-10,organic,USA,3,2,1,,29,0
U0339,2023-06-01,starter,Retail,1-10,organic,USA,7,4,1,,29,0
U0339,2023-07-01,starter,Retail,1-10,organic,USA,7,4,2,,29,0
U0339,2023-08-01,starter,Retail,1-10,organic,USA,10,3,0,,29,0
U0339,2023-09-01,starter,Retail,1-10,organic,USA,7,2,0,,29,0
U0339,2023-10-01,starter,Retail,1-10,organic,USA,7,3,0,,29,0
U0340,2023-01-01,free,Healthcare,1-10,organic,Canada,5,1,0,,0,0
U0340,2023-02-01,free,Healthcare,1-10,organic,Canada,2,1,0,,0,0
U0341,2023-01-01,starter,SaaS,1-10,social,USA,9,3,3,,29,0
U0341,2023-02-01,starter,SaaS,1-10,social,USA,10,2,0,,29,0
U0342,2023-01-01,starter,Education,1-10,referral,Canada,9,3,2,5.0,29,0
U0342,2023-02-01,starter,Education,1-10,referral,Canada,6,1,1,,29,0
U0342,2023-03-01,starter,Education,1-10,referral,Canada,7,2,1,,29,0
U0342,2023-04-01,starter,Education,1-10,referral,Canada,5,2,0,,29,0
U0342,2023-05-01,starter,Education,1-10,referral,Canada,8,4,0,,29,0
U0342,2023-06-01,starter,Education,1-10,referral,Canada,7,5,1,,29,0
U0342,2023-07-01,starter,Education,1-10,referral,Canada,10,3,1,,29,0
U0342,2023-08-01,starter,Education,1-10,referral,Canada,4,3,0,,29,0
U0342,2023-09-01,starter,Education,1-10,referral,Canada,10,2,0,,29,0
U0342,2023-10-01,starter,Education,1-10,referral,Canada,5,2,0,,29,0
U0342,2023-11-01,starter,Education,1-10,referral,Canada,7,1,1,5.0,29,0
U0342,2023-12-01,starter,Education,1-10,referral,Canada,8,1,0,,29,0
U0344,2023-01-01,starter,Healthcare,201-1000,organic,India,13,1,1,6.0,29,0
U0344,2023-02-01,starter,Healthcare,201-1000,organic,India,10,5,0,,29,0
U0345,2023-01-01,free,SaaS,1-10,referral,USA,4,2,7,8.0,0,0
U0345,2023-02-01,free,SaaS,1-10,referral,USA,2,3,1,,0,0
U0345,2023-03-01,free,SaaS,1-10,referral,USA,2,1,0,3.0,0,0
U0345,2023-04-01,free,SaaS,1-10,referral,USA,3,2,1,,0,0
U0345,2023-05-01,free,SaaS,1-10,referral,USA,3,1,3,,0,0
U0347,2023-01-01,starter,Finance,51-200,social,USA,7,3,2,,29,0
U0347,2023-02-01,starter,Finance,51-200,social,USA,6,3,1,,29,0
U0347,2023-03-01,starter,Finance,51-200,social,USA,7,1,0,,29,0
U0347,2023-04-01,starter,Finance,51-200,social,USA,6,1,0,,29,0
U0348,2023-01-01,free,Retail,11-50,social,USA,3,1,0,,0,0
U0348,2023-02-01,free,Retail,11-50,social,USA,4,2,1,,0,0
U0349,2023-01-01,free,Ecommerce,51-200,organic,UK,3,1,1,,0,0
U0349,2023-02-01,free,Ecommerce,51-200,organic,UK,1,2,2,,0,0
U0349,2023-03-01,free,Ecommerce,51-200,organic,UK,3,1,1,,0,0
U0350,2023-01-01,starter,Education,1-10,referral,Germany,7,3,3,,29,0
U0350,2023-02-01,starter,Education,1-10,referral,Germany,6,4,1,,29,0
U0350,2023-03-01,starter,Education,1-10,referral,Germany,7,1,1,,29,0
U0350,2023-04-01,starter,Education,1-10,referral,Germany,9,1,0,,29,0
U0350,2023-05-01,starter,Education,1-10,referral,Germany,8,3,0,,29,0
U0350,2023-06-01,starter,Education,1-10,referral,Germany,9,2,1,,29,0
U0350,2023-07-01,starter,Education,1-10,referral,Germany,7,2,0,,29,0
U0350,2023-08-01,starter,Education,1-10,referral,Germany,3,3,1,,29,0
U0350,2023-09-01,starter,Education,1-10,referral,Germany,11,3,0,,29,0
U0351,2023-01-01,starter,Healthcare,11-50,organic,USA,9,2,0,,29,0
U0351,2023-02-01,starter,Healthcare,11-50,organic,USA,8,2,2,,29,0
U0351,2023-03-01,starter,Healthcare,11-50,organic,USA,7,2,2,,29,0
U0352,2023-01-01,pro,SaaS,1-10,paid_search,USA,29,8,1,,99,0
U0352,2023-02-01,pro,SaaS,1-10,paid_search,USA,16,5,2,7.0,99,0
U0352,2023-03-01,pro,SaaS,1-10,paid_search,USA,20,3,1,,99,0
U0352,2023-04-01,pro,SaaS,1-10,paid_search,USA,28,5,0,,99,0
U0352,2023-05-01,pro,SaaS,1-10,paid_search,USA,15,6,1,,99,0
U0352,2023-06-01,pro,SaaS,1-10,paid_search,USA,15,5,0,,99,0
U0352,2023-07-01,pro,SaaS,1-10,paid_search,USA,24,9,1,,99,0
U0352,2023-08-01,pro,SaaS,1-10,paid_search,USA,19,4,0,,99,0
U0352,2023-09-01,pro,SaaS,1-10,paid_search,USA,26,5,0,,99,0
U0352,2023-10-01,pro,SaaS,1-10,paid_search,USA,24,8,0,,99,0
U0352,2023-11-01,pro,SaaS,1-10,paid_search,USA,13,6,0,,99,0
U0352,2023-12-01,pro,SaaS,1-10,paid_search,USA,16,6,1,,99,0
U0353,2023-01-01,starter,SaaS,1-10,organic,USA,6,3,2,6.0,29,0
U0353,2023-02-01,starter,SaaS,1-10,organic,USA,8,1,1,4.0,29,0
U0353,2023-03-01,starter,SaaS,1-10,organic,USA,7,2,2,4.0,29,0
U0353,2023-04-01,starter,SaaS,1-10,organic,USA,11,4,1,,29,0
U0354,2023-01-01,free,Finance,201-1000,organic,Germany,3,2,1,3.0,0,0
U0354,2023-02-01,free,Finance,201-1000,organic,Germany,3,3,1,,0,0
U0354,2023-03-01,free,Finance,201-1000,organic,Germany,2,1,0,,0,0
U0355,2023-01-01,free,Ecommerce,1-10,paid_search,USA,4,3,2,,0,0
U0355,2023-02-01,free,Ecommerce,1-10,paid_search,USA,2,1,1,5.0,0,0
U0355,2023-03-01,free,Ecommerce,1-10,paid_search,USA,1,1,2,,0,0
U0355,2023-04-01,free,Ecommerce,1-10,paid_search,USA,2,1,0,,0,0
U0355,2023-05-01,free,Ecommerce,1-10,paid_search,USA,2,2,1,,0,0
U0355,2023-06-01,free,Ecommerce,1-10,paid_search,USA,4,2,2,,0,0
U0355,2023-07-01,free,Ecommerce,1-10,paid_search,USA,4,2,1,,0,0
U0355,2023-08-01,free,Ecommerce,1-10,paid_search,USA,4,1,1,,0,0
U0355,2023-09-01,free,Ecommerce,1-10,paid_search,USA,2,2,3,,0,0
U0355,2023-10-01,free,Ecommerce,1-10,paid_search,USA,2,1,0,,0,0
U0355,2023-11-01,free,Ecommerce,1-10,paid_search,USA,3,1,1,,0,0
U0355,2023-12-01,free,Ecommerce,1-10,paid_search,USA,1,3,0,,0,0
U0356,2023-01-01,starter,Finance,11-50,referral,Germany,12,2,2,,29,0
U0357,2023-01-01,free,Healthcare,11-50,organic,USA,3,2,1,,0,0
U0357,2023-02-01,free,Healthcare,11-50,organic,USA,3,3,0,,0,0
U0357,2023-03-01,free,Healthcare,11-50,organic,USA,2,3,1,,0,0
U0357,2023-04-01,free,Healthcare,11-50,organic,USA,4,1,0,9.0,0,0
U0357,2023-05-01,free,Healthcare,11-50,organic,USA,4,3,3,,0,0
U0357,2023-06-01,free,Healthcare,11-50,organic,USA,3,3,2,,0,0
U0357,2023-07-01,free,Healthcare,11-50,organic,USA,3,1,1,,0,0
U0357,2023-08-01,free,Healthcare,11-50,organic,USA,2,2,1,,0,0
U0357,2023-09-01,free,Healthcare,11-50,organic,USA,2,3,1,,0,0
U0357,2023-10-01,free,Healthcare,11-50,organic,USA,1,1,3,,0,0
U0357,2023-11-01,free,Healthcare,11-50,organic,USA,3,1,0,,0,0
U0357,2023-12-01,free,Healthcare,11-50,organic,USA,3,2,1,,0,0
U0358,2023-01-01,starter,Finance,11-50,referral,France,7,1,1,,29,0
U0358,2023-02-01,starter,Finance,11-50,referral,France,13,2,0,,29,0
U0358,2023-03-01,starter,Finance,11-50,referral,France,11,5,1,8.0,29,0
U0358,2023-04-01,starter,Finance,11-50,referral,France,8,1,0,,29,0
U0359,2023-01-01,enterprise,Retail,201-1000,paid_search,France,24,10,0,,399,0
U0359,2023-02-01,enterprise,Retail,201-1000,paid_search,France,36,10,1,7.0,399,0
U0359,2023-03-01,enterprise,Retail,201-1000,paid_search,France,35,10,0,,399,0
U0359,2023-04-01,enterprise,Retail,201-1000,paid_search,France,40,8,0,,399,0
U0359,2023-05-01,enterprise,Retail,201-1000,paid_search,France,22,10,1,,399,0
U0359,2023-06-01,enterprise,Retail,201-1000,paid_search,France,23,9,0,,399,0
U0359,2023-07-01,enterprise,Retail,201-1000,paid_search,France,24,10,1,,399,0
U0359,2023-08-01,enterprise,Retail,201-1000,paid_search,France,43,10,0,,399,0
U0359,2023-09-01,enterprise,Retail,201-1000,paid_search,France,52,10,0,,399,0
U0359,2023-10-01,enterprise,Retail,201-1000,paid_search,France,23,10,0,,399,0
U0359,2023-11-01,enterprise,Retail,201-1000,paid_search,France,20,9,0,,399,0
U0359,2023-12-01,enterprise,Retail,201-1000,paid_search,France,34,10,1,,399,0
U0360,2023-01-01,starter,SaaS,1-10,organic,USA,7,4,1,,29,0
U0360,2023-02-01,starter,SaaS,1-10,organic,USA,6,3,0,,29,0
U0360,2023-03-01,starter,SaaS,1-10,organic,USA,9,1,1,,29,0
U0360,2023-04-01,starter,SaaS,1-10,organic,USA,6,2,0,5.0,29,0
U0360,2023-05-01,starter,SaaS,1-10,organic,USA,6,2,0,,29,0
U0360,2023-06-01,starter,SaaS,1-10,organic,USA,2,6,0,6.0,29,0
U0360,2023-07-01,starter,SaaS,1-10,organic,USA,8,3,0,,29,0
U0360,2023-08-01,starter,SaaS,1-10,organic,USA,5,3,0,,29,0
U0360,2023-09-01,starter,SaaS,1-10,organic,USA,8,1,0,,29,0
U0360,2023-10-01,starter,SaaS,1-10,organic,USA,5,3,2,,29,0
U0360,2023-11-01,starter,SaaS,1-10,organic,USA,8,2,1,,29,0
U0360,2023-12-01,starter,SaaS,1-10,organic,USA,9,4,0,7.0,29,0
U0361,2023-01-01,free,SaaS,51-200,referral,USA,2,1,2,,0,0
U0362,2023-01-01,starter,Education,1000+,organic,UK,12,3,1,6.0,29,0
U0362,2023-02-01,starter,Education,1000+,organic,UK,9,1,2,,29,0
U0362,2023-03-01,starter,Education,1000+,organic,UK,9,2,3,,29,0
U0362,2023-04-01,starter,Education,1000+,organic,UK,10,1,0,,29,0
U0362,2023-05-01,starter,Education,1000+,organic,UK,7,1,1,,29,0
U0362,2023-06-01,starter,Education,1000+,organic,UK,9,1,0,,29,0
U0363,2023-01-01,starter,Education,11-50,paid_search,USA,11,1,1,,29,0
U0363,2023-02-01,starter,Education,11-50,paid_search,USA,12,3,0,,29,0
U0363,2023-03-01,starter,Education,11-50,paid_search,USA,5,3,0,,29,0
U0363,2023-04-01,starter,Education,11-50,paid_search,USA,7,5,1,,29,0
U0363,2023-05-01,starter,Education,11-50,paid_search,USA,10,2,4,,29,0
U0363,2023-06-01,starter,Education,11-50,paid_search,USA,5,1,1,,29,0
U0364,2023-01-01,starter,Healthcare,201-1000,referral,Germany,4,1,1,,29,0
U0364,2023-02-01,starter,Healthcare,201-1000,referral,Germany,6,3,0,,29,0
U0364,2023-03-01,starter,Healthcare,201-1000,referral,Germany,8,4,3,,29,0
U0364,2023-04-01,starter,Healthcare,201-1000,referral,Germany,9,2,0,,29,0
U0364,2023-05-01,starter,Healthcare,201-1000,referral,Germany,10,3,1,,29,0
U0364,2023-06-01,starter,Healthcare,201-1000,referral,Germany,7,3,0,,29,0
U0366,2023-01-01,free,Ecommerce,11-50,organic,Germany,2,1,1,,0,0
U0367,2023-01-01,enterprise,Finance,1-10,paid_search,Australia,34,10,0,,399,0
U0367,2023-02-01,enterprise,Finance,1-10,paid_search,Australia,38,10,0,,399,0
U0367,2023-03-01,enterprise,Finance,1-10,paid_search,Australia,26,10,0,,399,0
U0367,2023-04-01,enterprise,Finance,1-10,paid_search,Australia,36,10,0,,399,0
U0367,2023-05-01,enterprise,Finance,1-10,paid_search,Australia,63,10,0,,399,0
U0367,2023-06-01,enterprise,Finance,1-10,paid_search,Australia,29,10,0,,399,0
U0367,2023-07-01,enterprise,Finance,1-10,paid_search,Australia,65,10,1,,399,0
U0367,2023-08-01,enterprise,Finance,1-10,paid_search,Australia,40,9,0,,399,0
U0367,2023-09-01,enterprise,Finance,1-10,paid_search,Australia,32,10,1,,399,0
U0367,2023-10-01,enterprise,Finance,1-10,paid_search,Australia,25,10,1,,399,0
U0367,2023-11-01,enterprise,Finance,1-10,paid_search,Australia,31,10,0,,399,0
U0367,2023-12-01,enterprise,Finance,1-10,paid_search,Australia,35,10,0,,399,0
U0368,2023-01-01,enterprise,Healthcare,51-200,direct,USA,34,10,0,,399,0
U0368,2023-02-01,enterprise,Healthcare,51-200,direct,USA,20,10,0,,399,0
U0368,2023-03-01,enterprise,Healthcare,51-200,direct,USA,39,10,0,,399,0
U0368,2023-04-01,enterprise,Healthcare,51-200,direct,USA,40,10,0,,399,0
U0368,2023-05-01,enterprise,Healthcare,51-200,direct,USA,32,9,1,,399,0
U0368,2023-06-01,enterprise,Healthcare,51-200,direct,USA,45,10,0,7.0,399,0
U0368,2023-07-01,enterprise,Healthcare,51-200,direct,USA,31,10,0,,399,0
U0368,2023-08-01,enterprise,Healthcare,51-200,direct,USA,29,10,0,,399,0
U0368,2023-09-01,enterprise,Healthcare,51-200,direct,USA,34,10,1,,399,0
U0368,2023-10-01,enterprise,Healthcare,51-200,direct,USA,32,10,0,,399,0
U0368,2023-11-01,enterprise,Healthcare,51-200,direct,USA,33,10,0,,399,0
U0368,2023-12-01,enterprise,Healthcare,51-200,direct,USA,27,10,0,,399,0
U0369,2023-01-01,free,Education,1000+,referral,USA,4,2,0,,0,0
U0369,2023-02-01,free,Education,1000+,referral,USA,2,1,4,,0,0
U0369,2023-03-01,free,Education,1000+,referral,USA,2,1,1,,0,0
U0369,2023-04-01,free,Education,1000+,referral,USA,3,1,0,,0,0
U0369,2023-05-01,free,Education,1000+,referral,USA,3,1,1,,0,0
U0372,2023-01-01,free,Finance,1-10,organic,Germany,4,1,0,,0,0
U0372,2023-02-01,free,Finance,1-10,organic,Germany,2,3,1,,0,0
U0373,2023-01-01,free,Ecommerce,11-50,paid_search,USA,4,2,0,,0,0
U0373,2023-02-01,free,Ecommerce,11-50,paid_search,USA,2,1,2,,0,0
U0374,2023-01-01,starter,Healthcare,11-50,referral,USA,9,3,1,,29,0
U0374,2023-02-01,starter,Healthcare,11-50,referral,USA,8,4,4,,29,0
U0374,2023-03-01,starter,Healthcare,11-50,referral,USA,4,2,1,,29,0
U0374,2023-04-01,starter,Healthcare,11-50,referral,USA,9,2,0,6.0,29,0
U0374,2023-05-01,starter,Healthcare,11-50,referral,USA,6,4,0,,29,0
U0374,2023-06-01,starter,Healthcare,11-50,referral,USA,5,1,1,,29,0
U0374,2023-07-01,starter,Healthcare,11-50,referral,USA,3,5,0,3.0,29,0
U0374,2023-08-01,starter,Healthcare,11-50,referral,USA,9,1,0,8.0,29,0
U0374,2023-09-01,starter,Healthcare,11-50,referral,USA,1,2,0,,29,0
U0374,2023-10-01,starter,Healthcare,11-50,referral,USA,8,3,1,,29,0
U0374,2023-11-01,starter,Healthcare,11-50,referral,USA,7,3,1,,29,0
U0374,2023-12-01,starter,Healthcare,11-50,referral,USA,6,1,1,,29,0
U0375,2023-01-01,free,Finance,1000+,organic,Other,3,2,2,,0,0
U0375,2023-02-01,free,Finance,1000+,organic,Other,1,2,1,,0,0
U0375,2023-03-01,free,Finance,1000+,organic,Other,2,1,2,,0,0
U0375,2023-04-01,free,Finance,1000+,organic,Other,3,2,2,,0,0
U0375,2023-05-01,free,Finance,1000+,organic,Other,3,1,0,,0,0
U0375,2023-06-01,free,Finance,1000+,organic,Other,2,1,0,5.0,0,0
U0375,2023-07-01,free,Finance,1000+,organic,Other,4,3,1,,0,0
U0375,2023-08-01,free,Finance,1000+,organic,Other,2,1,0,4.0,0,0
U0375,2023-09-01,free,Finance,1000+,organic,Other,2,2,0,,0,0
U0375,2023-10-01,free,Finance,1000+,organic,Other,2,1,1,,0,0
U0375,2023-11-01,free,Finance,1000+,organic,Other,3,1,0,,0,0
U0375,2023-12-01,free,Finance,1000+,organic,Other,3,2,1,,0,0
U0376,2023-01-01,free,Retail,51-200,organic,USA,3,1,0,,0,0
U0376,2023-02-01,free,Retail,51-200,organic,USA,3,1,1,,0,0
U0376,2023-03-01,free,Retail,51-200,organic,USA,2,1,2,5.0,0,0
U0376,2023-04-01,free,Retail,51-200,organic,USA,2,1,0,,0,0
U0376,2023-05-01,free,Retail,51-200,organic,USA,3,1,2,,0,0
U0376,2023-06-01,free,Retail,51-200,organic,USA,2,2,0,,0,0
U0376,2023-07-01,free,Retail,51-200,organic,USA,4,1,2,,0,0
U0376,2023-08-01,free,Retail,51-200,organic,USA,2,3,0,2.0,0,0
U0376,2023-09-01,free,Retail,51-200,organic,USA,1,1,2,,0,0
U0376,2023-10-01,free,Retail,51-200,organic,USA,2,1,3,,0,0
U0376,2023-11-01,free,Retail,51-200,organic,USA,3,1,1,,0,0
U0377,2023-01-01,pro,SaaS,11-50,organic,Other,10,4,3,,99,0
U0377,2023-02-01,pro,SaaS,11-50,organic,Other,19,5,0,,99,0
U0377,2023-03-01,pro,SaaS,11-50,organic,Other,20,3,2,9.0,99,0
U0377,2023-04-01,pro,SaaS,11-50,organic,Other,11,5,0,,99,0
U0377,2023-05-01,pro,SaaS,11-50,organic,Other,26,6,2,,99,0
U0377,2023-06-01,pro,SaaS,11-50,organic,Other,24,7,2,,99,0
U0377,2023-07-01,pro,SaaS,11-50,organic,Other,18,8,3,8.0,99,0
U0377,2023-08-01,pro,SaaS,11-50,organic,Other,23,6,0,,99,0
U0377,2023-09-01,pro,SaaS,11-50,organic,Other,13,4,0,,99,0
U0377,2023-10-01,pro,SaaS,11-50,organic,Other,23,6,1,,99,0
U0377,2023-11-01,pro,SaaS,11-50,organic,Other,19,6,0,,99,0
U0377,2023-12-01,pro,SaaS,11-50,organic,Other,19,5,1,,99,0
U0378,2023-01-01,free,Retail,1-10,paid_search,Other,4,3,2,,0,0
U0378,2023-02-01,free,Retail,1-10,paid_search,Other,2,1,1,,0,0
U0378,2023-03-01,free,Retail,1-10,paid_search,Other,2,1,1,,0,0
U0379,2023-01-01,pro,Retail,1-10,direct,India,21,7,0,,99,0
U0379,2023-02-01,pro,Retail,1-10,direct,India,8,6,0,,99,0
U0379,2023-03-01,pro,Retail,1-10,direct,India,23,7,1,,99,0
U0379,2023-04-01,pro,Retail,1-10,direct,India,5,4,0,,99,0
U0379,2023-05-01,pro,Retail,1-10,direct,India,13,6,1,8.0,99,0
U0379,2023-06-01,pro,Retail,1-10,direct,India,11,6,0,,99,0
U0379,2023-07-01,pro,Retail,1-10,direct,India,18,5,3,,99,0
U0379,2023-08-01,pro,Retail,1-10,direct,India,22,6,1,6.0,99,0
U0379,2023-09-01,pro,Retail,1-10,direct,India,22,7,0,,99,0
U0381,2023-01-01,free,Retail,1-10,paid_search,Canada,2,1,0,,0,0
U0381,2023-02-01,free,Retail,1-10,paid_search,Canada,3,1,1,,0,0
U0381,2023-03-01,free,Retail,1-10,paid_search,Canada,1,2,2,,0,0
U0381,2023-04-01,free,Retail,1-10,paid_search,Canada,2,2,0,,0,0
U0381,2023-05-01,free,Retail,1-10,paid_search,Canada,2,1,0,,0,0
U0381,2023-06-01,free,Retail,1-10,paid_search,Canada,3,2,1,7.0,0,0
U0381,2023-07-01,free,Retail,1-10,paid_search,Canada,2,1,0,7.0,0,0
U0381,2023-08-01,free,Retail,1-10,paid_search,Canada,3,2,1,,0,0
U0381,2023-09-01,free,Retail,1-10,paid_search,Canada,3,2,1,,0,0
U0381,2023-10-01,free,Retail,1-10,paid_search,Canada,2,1,2,4.0,0,0
U0381,2023-11-01,free,Retail,1-10,paid_search,Canada,1,1,1,4.0,0,0
U0381,2023-12-01,free,Retail,1-10,paid_search,Canada,3,1,0,,0,0
U0382,2023-01-01,starter,Finance,201-1000,organic,Australia,5,5,1,,29,0
U0382,2023-02-01,starter,Finance,201-1000,organic,Australia,7,4,1,,29,0
U0382,2023-03-01,starter,Finance,201-1000,organic,Australia,9,1,1,,29,0
U0383,2023-01-01,starter,Finance,11-50,direct,USA,3,2,0,,29,0
U0383,2023-02-01,starter,Finance,11-50,direct,USA,8,1,1,,29,0
U0383,2023-03-01,starter,Finance,11-50,direct,USA,2,5,3,4.0,29,0
U0383,2023-04-01,starter,Finance,11-50,direct,USA,13,3,2,,29,0
U0383,2023-05-01,starter,Finance,11-50,direct,USA,6,2,0,,29,0
U0383,2023-06-01,starter,Finance,11-50,direct,USA,6,3,0,,29,0
U0383,2023-07-01,starter,Finance,11-50,direct,USA,4,2,1,,29,0
U0383,2023-08-01,starter,Finance,11-50,direct,USA,8,1,2,,29,0
U0383,2023-09-01,starter,Finance,11-50,direct,USA,8,3,1,,29,0
U0383,2023-10-01,starter,Finance,11-50,direct,USA,9,3,1,,29,0
U0383,2023-11-01,starter,Finance,11-50,direct,USA,7,3,3,,29,0
U0383,2023-12-01,starter,Finance,11-50,direct,USA,8,1,1,,29,0
U0384,2023-01-01,pro,Finance,11-50,organic,UK,15,7,1,,99,0
U0384,2023-02-01,pro,Finance,11-50,organic,UK,9,8,0,,99,0
U0384,2023-03-01,pro,Finance,11-50,organic,UK,23,6,0,10.0,99,0
U0384,2023-04-01,pro,Finance,11-50,organic,UK,16,4,0,,99,0
U0384,2023-05-01,pro,Finance,11-50,organic,UK,13,7,0,,99,0
U0384,2023-06-01,pro,Finance,11-50,organic,UK,25,5,2,,99,0
U0384,2023-07-01,pro,Finance,11-50,organic,UK,19,4,0,,99,0
U0384,2023-08-01,pro,Finance,11-50,organic,UK,20,2,1,7.0,99,0
U0384,2023-09-01,pro,Finance,11-50,organic,UK,8,4,0,,99,0
U0384,2023-10-01,pro,Finance,11-50,organic,UK,17,7,0,7.0,99,0
U0384,2023-11-01,pro,Finance,11-50,organic,UK,13,2,1,,99,0
U0384,2023-12-01,pro,Finance,11-50,organic,UK,17,8,1,,99,0
U0385,2023-01-01,pro,SaaS,1-10,paid_search,Canada,16,7,0,,99,0
U0385,2023-02-01,pro,SaaS,1-10,paid_search,Canada,19,4,1,7.0,99,0
U0385,2023-03-01,pro,SaaS,1-10,paid_search,Canada,17,4,0,,99,0
U0385,2023-04-01,pro,SaaS,1-10,paid_search,Canada,14,5,2,9.0,99,0
U0385,2023-05-01,pro,SaaS,1-10,paid_search,Canada,19,6,1,,99,0
U0385,2023-06-01,pro,SaaS,1-10,paid_search,Canada,26,6,1,,99,0
U0385,2023-07-01,pro,SaaS,1-10,paid_search,Canada,16,7,0,,99,0
U0385,2023-08-01,pro,SaaS,1-10,paid_search,Canada,16,5,1,,99,0
U0385,2023-09-01,pro,SaaS,1-10,paid_search,Canada,22,5,0,,99,0
U0385,2023-10-01,pro,SaaS,1-10,paid_search,Canada,15,6,0,,99,0
U0385,2023-11-01,pro,SaaS,1-10,paid_search,Canada,17,6,0,7.0,99,0
U0385,2023-12-01,pro,SaaS,1-10,paid_search,Canada,19,6,1,,99,0
U0386,2023-01-01,pro,Retail,201-1000,referral,UK,12,5,1,,99,0
U0386,2023-02-01,pro,Retail,201-1000,referral,UK,24,8,0,,99,0
U0386,2023-03-01,pro,Retail,201-1000,referral,UK,18,8,2,,99,0
U0386,2023-04-01,pro,Retail,201-1000,referral,UK,14,6,2,,99,0
U0386,2023-05-01,pro,Retail,201-1000,referral,UK,11,5,0,,99,0
U0386,2023-06-01,pro,Retail,201-1000,referral,UK,7,8,0,5.0,99,0
U0388,2023-01-01,free,Finance,1-10,paid_search,USA,3,1,0,,0,0
U0389,2023-01-01,pro,Retail,51-200,organic,Canada,13,4,2,,99,0
U0389,2023-02-01,pro,Retail,51-200,organic,Canada,18,5,0,,99,0
U0389,2023-03-01,pro,Retail,51-200,organic,Canada,19,7,1,,99,0
U0389,2023-04-01,pro,Retail,51-200,organic,Canada,20,4,1,,99,0
U0389,2023-05-01,pro,Retail,51-200,organic,Canada,17,3,2,,99,0
U0389,2023-06-01,pro,Retail,51-200,organic,Canada,18,7,2,,99,0
U0389,2023-07-01,pro,Retail,51-200,organic,Canada,16,10,0,6.0,99,0
U0389,2023-08-01,pro,Retail,51-200,organic,Canada,21,6,1,,99,0
U0389,2023-09-01,pro,Retail,51-200,organic,Canada,18,5,1,10.0,99,0
U0389,2023-10-01,pro,Retail,51-200,organic,Canada,13,5,4,,99,0
U0389,2023-11-01,pro,Retail,51-200,organic,Canada,16,2,1,8.0,99,0
U0389,2023-12-01,pro,Retail,51-200,organic,Canada,13,7,2,,99,0
U0390,2023-01-01,pro,Retail,11-50,paid_search,Australia,14,5,0,,99,0
U0390,2023-02-01,pro,Retail,11-50,paid_search,Australia,16,6,1,,99,0
U0390,2023-03-01,pro,Retail,11-50,paid_search,Australia,23,5,0,9.0,99,0
U0391,2023-01-01,enterprise,Education,1-10,organic,USA,32,10,0,,399,0
U0391,2023-02-01,enterprise,Education,1-10,organic,USA,36,10,0,,399,0
U0391,2023-03-01,enterprise,Education,1-10,organic,USA,26,10,1,,399,0
U0391,2023-04-01,enterprise,Education,1-10,organic,USA,43,10,1,,399,0
U0391,2023-05-01,enterprise,Education,1-10,organic,USA,49,8,0,,399,0
U0391,2023-06-01,enterprise,Education,1-10,organic,USA,44,10,0,,399,0
U0391,2023-07-01,enterprise,Education,1-10,organic,USA,29,10,0,,399,0
U0391,2023-08-01,enterprise,Education,1-10,organic,USA,36,10,0,,399,0
U0391,2023-09-01,enterprise,Education,1-10,organic,USA,27,10,0,,399,0
U0391,2023-10-01,enterprise,Education,1-10,organic,USA,33,10,0,,399,0
U0391,2023-11-01,enterprise,Education,1-10,organic,USA,38,10,0,,399,0
U0391,2023-12-01,enterprise,Education,1-10,organic,USA,44,10,0,,399,0
U0392,2023-01-01,starter,Education,11-50,organic,Other,7,3,1,,29,0
U0392,2023-02-01,starter,Education,11-50,organic,Other,5,3,0,,29,0
U0392,2023-03-01,starter,Education,11-50,organic,Other,7,5,0,,29,0
U0392,2023-04-01,starter,Education,11-50,organic,Other,5,2,2,,29,0
U0392,2023-05-01,starter,Education,11-50,organic,Other,8,1,2,,29,0
U0392,2023-06-01,starter,Education,11-50,organic,Other,8,3,1,,29,0
U0392,2023-07-01,starter,Education,11-50,organic,Other,7,1,1,5.0,29,0
U0392,2023-08-01,starter,Education,11-50,organic,Other,6,1,1,,29,0
U0392,2023-09-01,starter,Education,11-50,organic,Other,7,1,2,,29,0
U0393,2023-01-01,free,Ecommerce,11-50,paid_search,Germany,2,1,1,,0,0
U0393,2023-02-01,free,Ecommerce,11-50,paid_search,Germany,4,1,2,8.0,0,0
U0393,2023-03-01,free,Ecommerce,11-50,paid_search,Germany,1,1,1,,0,0
U0393,2023-04-01,free,Ecommerce,11-50,paid_search,Germany,3,1,0,,0,0
U0393,2023-05-01,free,Ecommerce,11-50,paid_search,Germany,3,1,0,,0,0
U0394,2023-01-01,pro,Healthcare,1-10,organic,Australia,14,5,1,,99,0
U0394,2023-02-01,pro,Healthcare,1-10,organic,Australia,19,9,1,,99,0
U0394,2023-03-01,pro,Healthcare,1-10,organic,Australia,12,6,0,9.0,99,0
U0394,2023-04-01,pro,Healthcare,1-10,organic,Australia,18,6,1,,99,0
U0395,2023-01-01,free,Education,201-1000,organic,Canada,4,1,2,,0,0
U0395,2023-02-01,free,Education,201-1000,organic,Canada,3,1,0,,0,0
U0395,2023-03-01,free,Education,201-1000,organic,Canada,1,2,0,,0,0
U0396,2023-01-01,enterprise,SaaS,201-1000,referral,India,36,10,0,,399,0
U0396,2023-02-01,enterprise,SaaS,201-1000,referral,India,51,10,0,,399,0
U0396,2023-03-01,enterprise,SaaS,201-1000,referral,India,30,10,1,,399,0
U0396,2023-04-01,enterprise,SaaS,201-1000,referral,India,36,10,0,,399,0
U0396,2023-05-01,enterprise,SaaS,201-1000,referral,India,27,10,0,,399,0
U0396,2023-06-01,enterprise,SaaS,201-1000,referral,India,40,10,0,,399,0
U0396,2023-07-01,enterprise,SaaS,201-1000,referral,India,32,10,0,,399,0
U0396,2023-08-01,enterprise,SaaS,201-1000,referral,India,48,10,1,,399,0
U0396,2023-09-01,enterprise,SaaS,201-1000,referral,India,47,10,0,,399,0
U0396,2023-10-01,enterprise,SaaS,201-1000,referral,India,29,10,0,9.0,399,0
U0396,2023-11-01,enterprise,SaaS,201-1000,referral,India,38,10,0,8.0,399,0
U0396,2023-12-01,enterprise,SaaS,201-1000,referral,India,34,10,0,,399,0
U0397,2023-01-01,pro,Education,51-200,direct,USA,22,4,1,,99,0
U0397,2023-02-01,pro,Education,51-200,direct,USA,14,4,1,,99,0
U0397,2023-03-01,pro,Education,51-200,direct,USA,12,7,1,,99,0
U0397,2023-04-01,pro,Education,51-200,direct,USA,20,7,0,,99,0
U0397,2023-05-01,pro,Education,51-200,direct,USA,11,5,1,,99,0
U0397,2023-06-01,pro,Education,51-200,direct,USA,13,6,1,,99,0
U0397,2023-07-01,pro,Education,51-200,direct,USA,10,7,0,,99,0
U0397,2023-08-01,pro,Education,51-200,direct,USA,24,4,1,,99,0
U0397,2023-09-01,pro,Education,51-200,direct,USA,19,2,1,,99,0
U0397,2023-10-01,pro,Education,51-200,direct,USA,11,4,2,,99,0
U0397,2023-11-01,pro,Education,51-200,direct,USA,20,6,3,6.0,99,0
U0397,2023-12-01,pro,Education,51-200,direct,USA,17,3,2,,99,0
U0398,2023-01-01,starter,Ecommerce,11-50,referral,Australia,9,3,0,,29,0
U0398,2023-02-01,starter,Ecommerce,11-50,referral,Australia,8,3,0,,29,0
U0398,2023-03-01,starter,Ecommerce,11-50,referral,Australia,9,2,0,,29,0
U0398,2023-04-01,starter,Ecommerce,11-50,referral,Australia,7,3,0,,29,0
U0398,2023-05-01,starter,Ecommerce,11-50,referral,Australia,11,2,0,,29,0
U0398,2023-06-01,starter,Ecommerce,11-50,referral,Australia,5,3,0,,29,0
U0398,2023-07-01,starter,Ecommerce,11-50,referral,Australia,9,4,1,,29,0
U0398,2023-08-01,starter,Ecommerce,11-50,referral,Australia,5,4,0,,29,0
U0398,2023-09-01,starter,Ecommerce,11-50,referral,Australia,7,3,0,,29,0
U0398,2023-10-01,starter,Ecommerce,11-50,referral,Australia,5,1,0,,29,0
U0398,2023-11-01,starter,Ecommerce,11-50,referral,Australia,10,4,3,8.0,29,0
U0398,2023-12-01,starter,Ecommerce,11-50,referral,Australia,8,1,1,,29,0
U0399,2023-01-01,pro,Retail,11-50,organic,USA,11,4,0,,99,0
U0399,2023-02-01,pro,Retail,11-50,organic,USA,22,4,1,,99,0
U0399,2023-03-01,pro,Retail,11-50,organic,USA,6,6,0,,99,0
U0399,2023-04-01,pro,Retail,11-50,organic,USA,17,5,1,,99,0
U0399,2023-05-01,pro,Retail,11-50,organic,USA,9,5,0,,99,0
U0399,2023-06-01,pro,Retail,11-50,organic,USA,16,5,0,,99,0
U0399,2023-07-01,pro,Retail,11-50,organic,USA,21,7,3,,99,0
U0399,2023-08-01,pro,Retail,11-50,organic,USA,31,6,0,,99,0
U0399,2023-09-01,pro,Retail,11-50,organic,USA,10,6,0,,99,0
U0399,2023-10-01,pro,Retail,11-50,organic,USA,9,5,0,,99,0
U0399,2023-11-01,pro,Retail,11-50,organic,USA,18,6,0,,99,0
U0399,2023-12-01,pro,Retail,11-50,organic,USA,15,7,3,,99,0
U0400,2023-01-01,pro,Ecommerce,51-200,organic,France,12,6,0,,99,0
U0400,2023-02-01,pro,Ecommerce,51-200,organic,France,10,4,0,,99,0
U0400,2023-03-01,pro,Ecommerce,51-200,organic,France,17,7,0,,99,0
U0400,2023-04-01,pro,Ecommerce,51-200,organic,France,16,8,0,,99,0
U0400,2023-05-01,pro,Ecommerce,51-200,organic,France,28,4,1,9.0,99,0
U0401,2023-01-01,free,Retail,11-50,direct,Other,2,1,0,,0,0
U0401,2023-02-01,free,Retail,11-50,direct,Other,3,1,0,,0,0
U0401,2023-03-01,free,Retail,11-50,direct,Other,1,2,1,,0,0
U0401,2023-04-01,free,Retail,11-50,direct,Other,1,1,0,,0,0
U0402,2023-01-01,enterprise,Retail,1-10,organic,USA,23,10,0,,399,0
U0402,2023-02-01,enterprise,Retail,1-10,organic,USA,34,8,0,,399,0
U0402,2023-03-01,enterprise,Retail,1-10,organic,USA,41,9,0,,399,0
U0402,2023-04-01,enterprise,Retail,1-10,organic,USA,30,10,0,,399,0
U0402,2023-05-01,enterprise,Retail,1-10,organic,USA,41,10,0,,399,0
U0402,2023-06-01,enterprise,Retail,1-10,organic,USA,43,10,0,,399,0
U0402,2023-07-01,enterprise,Retail,1-10,organic,USA,39,10,0,7.0,399,0
U0402,2023-08-01,enterprise,Retail,1-10,organic,USA,44,10,0,,399,0
U0402,2023-09-01,enterprise,Retail,1-10,organic,USA,33,10,1,6.0,399,0
U0402,2023-10-01,enterprise,Retail,1-10,organic,USA,46,10,0,,399,0
U0402,2023-11-01,enterprise,Retail,1-10,organic,USA,20,10,1,,399,0
U0402,2023-12-01,enterprise,Retail,1-10,organic,USA,51,10,0,,399,0
U0403,2023-01-01,starter,Healthcare,11-50,organic,USA,8,3,0,,29,0
U0403,2023-02-01,starter,Healthcare,11-50,organic,USA,11,2,1,,29,0
U0403,2023-03-01,starter,Healthcare,11-50,organic,USA,4,3,1,,29,0
U0403,2023-04-01,starter,Healthcare,11-50,organic,USA,8,1,1,6.0,29,0
U0403,2023-05-01,starter,Healthcare,11-50,organic,USA,6,3,0,,29,0
U0403,2023-06-01,starter,Healthcare,11-50,organic,USA,9,4,2,,29,0
U0403,2023-07-01,starter,Healthcare,11-50,organic,USA,11,1,0,6.0,29,0
U0403,2023-08-01,starter,Healthcare,11-50,organic,USA,5,3,1,,29,0
U0403,2023-09-01,starter,Healthcare,11-50,organic,USA,5,2,3,,29,0
U0403,2023-10-01,starter,Healthcare,11-50,organic,USA,9,2,2,,29,0
U0403,2023-11-01,starter,Healthcare,11-50,organic,USA,8,5,3,,29,0
U0403,2023-12-01,starter,Healthcare,11-50,organic,USA,6,1,0,,29,0
U0404,2023-01-01,pro,Education,201-1000,paid_search,India,29,6,2,,99,0
U0404,2023-02-01,pro,Education,201-1000,paid_search,India,16,8,1,,99,0
U0404,2023-03-01,pro,Education,201-1000,paid_search,India,13,5,1,,99,0
U0404,2023-04-01,pro,Education,201-1000,paid_search,India,27,9,2,,99,0
U0404,2023-05-01,pro,Education,201-1000,paid_search,India,27,4,4,,99,0
U0404,2023-06-01,pro,Education,201-1000,paid_search,India,19,6,1,6.0,99,0
U0404,2023-07-01,pro,Education,201-1000,paid_search,India,11,5,0,,99,0
U0404,2023-08-01,pro,Education,201-1000,paid_search,India,13,7,2,,99,0
U0404,2023-09-01,pro,Education,201-1000,paid_search,India,14,3,1,,99,0
U0404,2023-10-01,pro,Education,201-1000,paid_search,India,21,8,1,,99,0
U0404,2023-11-01,pro,Education,201-1000,paid_search,India,25,7,0,,99,0
U0404,2023-12-01,pro,Education,201-1000,paid_search,India,7,7,0,,99,0
U0405,2023-01-01,free,SaaS,11-50,referral,USA,3,1,1,,0,0
U0405,2023-02-01,free,SaaS,11-50,referral,USA,2,1,0,,0,0
U0405,2023-03-01,free,SaaS,11-50,referral,USA,1,1,0,,0,0
U0406,2023-01-01,pro,SaaS,1-10,referral,Australia,14,6,0,,99,0
U0406,2023-02-01,pro,SaaS,1-10,referral,Australia,7,7,0,,99,0
U0406,2023-03-01,pro,SaaS,1-10,referral,Australia,18,9,0,,99,0
U0406,2023-04-01,pro,SaaS,1-10,referral,Australia,29,5,3,5.0,99,0
U0406,2023-05-01,pro,SaaS,1-10,referral,Australia,18,8,0,,99,0
U0406,2023-06-01,pro,SaaS,1-10,referral,Australia,19,3,0,,99,0
U0406,2023-07-01,pro,SaaS,1-10,referral,Australia,15,6,0,,99,0
U0406,2023-08-01,pro,SaaS,1-10,referral,Australia,28,6,1,,99,0
U0406,2023-09-01,pro,SaaS,1-10,referral,Australia,19,4,2,,99,0
U0406,2023-10-01,pro,SaaS,1-10,referral,Australia,14,9,2,,99,0
U0406,2023-11-01,pro,SaaS,1-10,referral,Australia,13,5,1,,99,0
U0406,2023-12-01,pro,SaaS,1-10,referral,Australia,28,5,0,,99,0
U0407,2023-01-01,free,Finance,51-200,organic,USA,3,1,2,,0,0
U0407,2023-02-01,free,Finance,51-200,organic,USA,1,1,0,,0,0
U0408,2023-01-01,free,Retail,1-10,organic,USA,3,1,0,,0,0
U0408,2023-02-01,free,Retail,1-10,organic,USA,3,1,0,8.0,0,0
U0408,2023-03-01,free,Retail,1-10,organic,USA,3,1,1,,0,0
U0408,2023-04-01,free,Retail,1-10,organic,USA,3,1,4,5.0,0,0
U0408,2023-05-01,free,Retail,1-10,organic,USA,2,1,5,,0,0
U0408,2023-06-01,free,Retail,1-10,organic,USA,2,2,1,,0,0
U0408,2023-07-01,free,Retail,1-10,organic,USA,2,1,0,,0,0
U0408,2023-08-01,free,Retail,1-10,organic,USA,3,2,1,,0,0
U0408,2023-09-01,free,Retail,1-10,organic,USA,3,1,1,,0,0
U0408,2023-10-01,free,Retail,1-10,organic,USA,3,1,1,5.0,0,0
U0408,2023-11-01,free,Retail,1-10,organic,USA,3,1,0,5.0,0,0
U0408,2023-12-01,free,Retail,1-10,organic,USA,2,1,0,,0,0
U0409,2023-01-01,enterprise,SaaS,1-10,direct,Other,30,9,0,,399,0
U0409,2023-02-01,enterprise,SaaS,1-10,direct,Other,52,9,0,,399,0
U0409,2023-03-01,enterprise,SaaS,1-10,direct,Other,47,10,0,,399,0
U0409,2023-04-01,enterprise,SaaS,1-10,direct,Other,36,10,1,,399,0
U0409,2023-05-01,enterprise,SaaS,1-10,direct,Other,30,10,0,,399,0
U0409,2023-06-01,enterprise,SaaS,1-10,direct,Other,26,10,0,,399,0
U0409,2023-07-01,enterprise,SaaS,1-10,direct,Other,31,10,1,,399,0
U0409,2023-08-01,enterprise,SaaS,1-10,direct,Other,31,10,1,,399,0
U0409,2023-09-01,enterprise,SaaS,1-10,direct,Other,42,10,0,,399,0
U0409,2023-10-01,enterprise,SaaS,1-10,direct,Other,38,10,0,,399,0
U0409,2023-11-01,enterprise,SaaS,1-10,direct,Other,26,10,2,,399,0
U0409,2023-12-01,enterprise,SaaS,1-10,direct,Other,29,10,0,,399,0
U0411,2023-01-01,free,Retail,11-50,referral,Australia,2,3,0,,0,0
U0411,2023-02-01,free,Retail,11-50,referral,Australia,2,1,1,,0,0
U0411,2023-03-01,free,Retail,11-50,referral,Australia,3,1,0,,0,0
U0412,2023-01-01,enterprise,Healthcare,51-200,referral,USA,47,10,0,,399,0
U0412,2023-02-01,enterprise,Healthcare,51-200,referral,USA,32,10,1,,399,0
U0412,2023-03-01,enterprise,Healthcare,51-200,referral,USA,23,10,0,,399,0
U0412,2023-04-01,enterprise,Healthcare,51-200,referral,USA,32,10,1,8.0,399,0
U0412,2023-05-01,enterprise,Healthcare,51-200,referral,USA,33,10,1,,399,0
U0412,2023-06-01,enterprise,Healthcare,51-200,referral,USA,35,10,1,,399,0
U0412,2023-07-01,enterprise,Healthcare,51-200,referral,USA,28,10,0,,399,0
U0412,2023-08-01,enterprise,Healthcare,51-200,referral,USA,23,10,0,,399,0
U0412,2023-09-01,enterprise,Healthcare,51-200,referral,USA,14,8,0,,399,0
U0412,2023-10-01,enterprise,Healthcare,51-200,referral,USA,21,10,0,,399,0
U0412,2023-11-01,enterprise,Healthcare,51-200,referral,USA,22,10,0,,399,0
U0412,2023-12-01,enterprise,Healthcare,51-200,referral,USA,41,10,0,5.0,399,0
U0413,2023-01-01,enterprise,SaaS,11-50,referral,Germany,34,10,1,7.0,399,0
U0413,2023-02-01,enterprise,SaaS,11-50,referral,Germany,20,10,0,,399,0
U0413,2023-03-01,enterprise,SaaS,11-50,referral,Germany,41,9,0,,399,0
U0413,2023-04-01,enterprise,SaaS,11-50,referral,Germany,37,10,0,,399,0
U0413,2023-05-01,enterprise,SaaS,11-50,referral,Germany,39,9,0,,399,0
U0413,2023-06-01,enterprise,SaaS,11-50,referral,Germany,25,10,0,,399,0
U0413,2023-07-01,enterprise,SaaS,11-50,referral,Germany,41,10,0,,399,0
U0413,2023-08-01,enterprise,SaaS,11-50,referral,Germany,24,10,1,,399,0
U0413,2023-09-01,enterprise,SaaS,11-50,referral,Germany,19,10,0,,399,0
U0413,2023-10-01,enterprise,SaaS,11-50,referral,Germany,42,10,0,,399,0
U0413,2023-11-01,enterprise,SaaS,11-50,referral,Germany,26,10,0,,399,0
U0413,2023-12-01,enterprise,SaaS,11-50,referral,Germany,40,10,0,,399,0
U0414,2023-01-01,starter,SaaS,1-10,organic,Canada,8,1,0,,29,0
U0414,2023-02-01,starter,SaaS,1-10,organic,Canada,7,3,4,,29,0
U0414,2023-03-01,starter,SaaS,1-10,organic,Canada,9,4,1,3.0,29,0
U0414,2023-04-01,starter,SaaS,1-10,organic,Canada,8,2,1,5.0,29,0
U0414,2023-05-01,starter,SaaS,1-10,organic,Canada,7,1,0,,29,0
U0415,2023-01-01,starter,Finance,201-1000,organic,Canada,8,1,0,,29,0
U0415,2023-02-01,starter,Finance,201-1000,organic,Canada,15,5,2,,29,0
U0415,2023-03-01,starter,Finance,201-1000,organic,Canada,9,4,1,,29,0
U0415,2023-04-01,starter,Finance,201-1000,organic,Canada,8,3,0,,29,0
U0415,2023-05-01,starter,Finance,201-1000,organic,Canada,10,4,0,,29,0
U0415,2023-06-01,starter,Finance,201-1000,organic,Canada,7,3,0,,29,0
U0415,2023-07-01,starter,Finance,201-1000,organic,Canada,9,3,0,,29,0
U0415,2023-08-01,starter,Finance,201-1000,organic,Canada,8,2,0,7.0,29,0
U0415,2023-09-01,starter,Finance,201-1000,organic,Canada,10,3,1,,29,0
U0415,2023-10-01,starter,Finance,201-1000,organic,Canada,12,2,0,,29,0
U0415,2023-11-01,starter,Finance,201-1000,organic,Canada,4,1,0,,29,0
U0415,2023-12-01,starter,Finance,201-1000,organic,Canada,6,1,4,,29,0
U0416,2023-01-01,starter,SaaS,201-1000,paid_search,Germany,11,3,0,,29,0
U0416,2023-02-01,starter,SaaS,201-1000,paid_search,Germany,11,2,0,,29,0
U0416,2023-03-01,starter,SaaS,201-1000,paid_search,Germany,6,3,0,,29,0
U0416,2023-04-01,starter,SaaS,201-1000,paid_search,Germany,10,1,1,,29,0
U0416,2023-05-01,starter,SaaS,201-1000,paid_search,Germany,7,1,2,,29,0
U0416,2023-06-01,starter,SaaS,201-1000,paid_search,Germany,7,3,0,,29,0
U0416,2023-07-01,starter,SaaS,201-1000,paid_search,Germany,10,4,0,,29,0
U0416,2023-08-01,starter,SaaS,201-1000,paid_search,Germany,8,4,0,5.0,29,0
U0416,2023-09-01,starter,SaaS,201-1000,paid_search,Germany,14,4,0,,29,0
U0416,2023-10-01,starter,SaaS,201-1000,paid_search,Germany,7,1,1,,29,0
U0416,2023-11-01,starter,SaaS,201-1000,paid_search,Germany,5,3,0,,29,0
U0416,2023-12-01,starter,SaaS,201-1000,paid_search,Germany,9,3,0,,29,0
U0418,2023-01-01,free,Retail,1-10,direct,UK,2,1,1,7.0,0,0
U0419,2023-01-01,starter,Retail,11-50,organic,USA,6,5,1,,29,0
U0419,2023-02-01,starter,Retail,11-50,organic,USA,9,4,1,3.0,29,0
U0419,2023-03-01,starter,Retail,11-50,organic,USA,7,2,0,,29,0
U0419,2023-04-01,starter,Retail,11-50,organic,USA,4,2,1,6.0,29,0
U0419,2023-05-01,starter,Retail,11-50,organic,USA,6,4,1,,29,0
U0419,2023-06-01,starter,Retail,11-50,organic,USA,8,2,0,,29,0
U0419,2023-07-01,starter,Retail,11-50,organic,USA,7,3,1,,29,0
U0419,2023-08-01,starter,Retail,11-50,organic,USA,4,3,1,7.0,29,0
U0419,2023-09-01,starter,Retail,11-50,organic,USA,8,1,1,,29,0
U0420,2023-01-01,pro,Finance,1000+,organic,India,14,4,1,,99,0
U0420,2023-02-01,pro,Finance,1000+,organic,India,26,7,0,,99,0
U0420,2023-03-01,pro,Finance,1000+,organic,India,16,7,1,,99,0
U0420,2023-04-01,pro,Finance,1000+,organic,India,12,4,0,,99,0
U0420,2023-05-01,pro,Finance,1000+,organic,India,18,4,1,,99,0
U0420,2023-06-01,pro,Finance,1000+,organic,India,18,9,0,,99,0
U0420,2023-07-01,pro,Finance,1000+,organic,India,23,5,2,,99,0
U0420,2023-08-01,pro,Finance,1000+,organic,India,17,5,2,,99,0
U0420,2023-09-01,pro,Finance,1000+,organic,India,18,5,2,,99,0
U0420,2023-10-01,pro,Finance,1000+,organic,India,16,5,2,7.0,99,0
U0420,2023-11-01,pro,Finance,1000+,organic,India,14,7,1,,99,0
U0420,2023-12-01,pro,Finance,1000+,organic,India,18,3,0,,99,0
U0421,2023-01-01,pro,Finance,51-200,direct,USA,15,5,1,,99,0
U0421,2023-02-01,pro,Finance,51-200,direct,USA,15,6,0,,99,0
U0421,2023-03-01,pro,Finance,51-200,direct,USA,25,6,0,10.0,99,0
U0421,2023-04-01,pro,Finance,51-200,direct,USA,17,5,0,,99,0
U0421,2023-05-01,pro,Finance,51-200,direct,USA,14,9,0,,99,0
U0421,2023-06-01,pro,Finance,51-200,direct,USA,17,6,1,9.0,99,0
U0421,2023-07-01,pro,Finance,51-200,direct,USA,15,3,0,,99,0
U0421,2023-08-01,pro,Finance,51-200,direct,USA,20,3,0,,99,0
U0421,2023-09-01,pro,Finance,51-200,direct,USA,18,5,1,,99,0
U0421,2023-10-01,pro,Finance,51-200,direct,USA,24,7,1,,99,0
U0421,2023-11-01,pro,Finance,51-200,direct,USA,22,7,2,,99,0
U0421,2023-12-01,pro,Finance,51-200,direct,USA,30,5,3,,99,0
U0422,2023-01-01,pro,SaaS,1-10,referral,Germany,10,6,1,,99,0
U0422,2023-02-01,pro,SaaS,1-10,referral,Germany,16,2,1,,99,0
U0423,2023-01-01,free,Ecommerce,1-10,social,USA,2,1,0,,0,0
U0423,2023-02-01,free,Ecommerce,1-10,social,USA,3,1,2,,0,0
U0424,2023-01-01,starter,Ecommerce,11-50,organic,Germany,10,2,1,6.0,29,0
U0424,2023-02-01,starter,Ecommerce,11-50,organic,Germany,7,3,1,,29,0
U0424,2023-03-01,starter,Ecommerce,11-50,organic,Germany,6,1,1,8.0,29,0
U0424,2023-04-01,starter,Ecommerce,11-50,organic,Germany,13,2,2,,29,0
U0424,2023-05-01,starter,Ecommerce,11-50,organic,Germany,9,5,0,4.0,29,0
U0424,2023-06-01,starter,Ecommerce,11-50,organic,Germany,9,3,0,,29,0
U0425,2023-01-01,free,Finance,201-1000,paid_search,India,4,1,3,,0,0
U0425,2023-02-01,free,Finance,201-1000,paid_search,India,4,1,1,,0,0
U0425,2023-03-01,free,Finance,201-1000,paid_search,India,2,3,3,,0,0
U0425,2023-04-01,free,Finance,201-1000,paid_search,India,2,1,0,,0,0
U0425,2023-05-01,free,Finance,201-1000,paid_search,India,1,1,1,,0,0
U0426,2023-01-01,starter,SaaS,11-50,referral,USA,11,1,1,7.0,29,0
U0426,2023-02-01,starter,SaaS,11-50,referral,USA,4,3,1,,29,0
U0426,2023-03-01,starter,SaaS,11-50,referral,USA,6,2,3,,29,0
U0426,2023-04-01,starter,SaaS,11-50,referral,USA,8,4,0,5.0,29,0
U0426,2023-05-01,starter,SaaS,11-50,referral,USA,8,3,1,8.0,29,0
U0426,2023-06-01,starter,SaaS,11-50,referral,USA,6,2,0,,29,0
U0426,2023-07-01,starter,SaaS,11-50,referral,USA,5,1,0,,29,0
U0426,2023-08-01,starter,SaaS,11-50,referral,USA,8,4,0,,29,0
U0426,2023-09-01,starter,SaaS,11-50,referral,USA,5,3,0,,29,0
U0426,2023-10-01,starter,SaaS,11-50,referral,USA,13,1,0,,29,0
U0426,2023-11-01,starter,SaaS,11-50,referral,USA,8,1,1,,29,0
U0426,2023-12-01,starter,SaaS,11-50,referral,USA,5,1,1,,29,0
U0427,2023-01-01,starter,Ecommerce,11-50,referral,USA,10,3,1,,29,0
U0428,2023-01-01,pro,SaaS,1-10,paid_search,USA,12,6,0,,99,0
U0428,2023-02-01,pro,SaaS,1-10,paid_search,USA,25,5,1,,99,0
U0428,2023-03-01,pro,SaaS,1-10,paid_search,USA,12,7,0,,99,0
U0428,2023-04-01,pro,SaaS,1-10,paid_search,USA,13,8,1,,99,0
U0428,2023-05-01,pro,SaaS,1-10,paid_search,USA,16,4,0,,99,0
U0428,2023-06-01,pro,SaaS,1-10,paid_search,USA,19,4,0,,99,0
U0428,2023-07-01,pro,SaaS,1-10,paid_search,USA,18,8,0,8.0,99,0
U0428,2023-08-01,pro,SaaS,1-10,paid_search,USA,15,5,1,,99,0
U0428,2023-09-01,pro,SaaS,1-10,paid_search,USA,25,5,1,,99,0
U0428,2023-10-01,pro,SaaS,1-10,paid_search,USA,15,7,1,,99,0
U0428,2023-11-01,pro,SaaS,1-10,paid_search,USA,14,4,0,,99,0
U0428,2023-12-01,pro,SaaS,1-10,paid_search,USA,23,6,1,4.0,99,0
U0429,2023-01-01,free,SaaS,51-200,organic,Canada,3,4,0,,0,0
U0429,2023-02-01,free,SaaS,51-200,organic,Canada,2,2,2,,0,0
U0429,2023-03-01,free,SaaS,51-200,organic,Canada,1,1,1,6.0,0,0
U0429,2023-04-01,free,SaaS,51-200,organic,Canada,1,1,1,,0,0
U0429,2023-05-01,free,SaaS,51-200,organic,Canada,3,1,0,,0,0
U0429,2023-06-01,free,SaaS,51-200,organic,Canada,2,1,0,,0,0
U0429,2023-07-01,free,SaaS,51-200,organic,Canada,4,1,0,,0,0
U0429,2023-08-01,free,SaaS,51-200,organic,Canada,1,1,1,,0,0
U0430,2023-01-01,free,SaaS,201-1000,paid_search,Australia,2,2,1,,0,0
U0430,2023-02-01,free,SaaS,201-1000,paid_search,Australia,3,1,3,,0,0
U0430,2023-03-01,free,SaaS,201-1000,paid_search,Australia,4,1,0,1.0,0,0
U0430,2023-04-01,free,SaaS,201-1000,paid_search,Australia,2,1,0,,0,0
U0430,2023-05-01,free,SaaS,201-1000,paid_search,Australia,2,1,0,,0,0
U0430,2023-06-01,free,SaaS,201-1000,paid_search,Australia,2,1,1,,0,0
U0430,2023-07-01,free,SaaS,201-1000,paid_search,Australia,2,1,1,8.0,0,0
U0430,2023-08-01,free,SaaS,201-1000,paid_search,Australia,3,2,0,,0,0
U0430,2023-09-01,free,SaaS,201-1000,paid_search,Australia,3,1,0,,0,0
U0430,2023-10-01,free,SaaS,201-1000,paid_search,Australia,2,1,2,,0,0
U0430,2023-11-01,free,SaaS,201-1000,paid_search,Australia,2,1,0,,0,0
U0430,2023-12-01,free,SaaS,201-1000,paid_search,Australia,3,2,1,,0,0
U0431,2023-01-01,free,Education,11-50,organic,USA,2,1,1,,0,0
U0431,2023-02-01,free,Education,11-50,organic,USA,4,2,0,,0,0
U0431,2023-03-01,free,Education,11-50,organic,USA,1,2,1,5.0,0,0
U0431,2023-04-01,free,Education,11-50,organic,USA,4,3,0,,0,0
U0431,2023-05-01,free,Education,11-50,organic,USA,3,1,1,,0,0
U0431,2023-06-01,free,Education,11-50,organic,USA,4,2,0,,0,0
U0431,2023-07-01,free,Education,11-50,organic,USA,2,1,0,,0,0
U0431,2023-08-01,free,Education,11-50,organic,USA,2,1,2,,0,0
U0431,2023-09-01,free,Education,11-50,organic,USA,2,3,1,,0,0
U0431,2023-10-01,free,Education,11-50,organic,USA,3,1,1,,0,0
U0432,2023-01-01,pro,Retail,51-200,paid_search,India,17,5,0,,99,0
U0432,2023-02-01,pro,Retail,51-200,paid_search,India,25,4,0,,99,0
U0432,2023-03-01,pro,Retail,51-200,paid_search,India,11,2,1,,99,0
U0432,2023-04-01,pro,Retail,51-200,paid_search,India,13,5,0,,99,0
U0432,2023-05-01,pro,Retail,51-200,paid_search,India,15,6,2,,99,0
U0432,2023-06-01,pro,Retail,51-200,paid_search,India,13,7,2,,99,0
U0432,2023-07-01,pro,Retail,51-200,paid_search,India,17,6,0,7.0,99,0
U0432,2023-08-01,pro,Retail,51-200,paid_search,India,26,8,0,,99,0
U0432,2023-09-01,pro,Retail,51-200,paid_search,India,18,7,2,,99,0
U0432,2023-10-01,pro,Retail,51-200,paid_search,India,12,5,0,,99,0
U0432,2023-11-01,pro,Retail,51-200,paid_search,India,18,7,1,,99,0
U0432,2023-12-01,pro,Retail,51-200,paid_search,India,17,8,2,,99,0
U0433,2023-01-01,starter,SaaS,1000+,direct,USA,11,1,3,5.0,29,0
U0433,2023-02-01,starter,SaaS,1000+,direct,USA,7,2,2,,29,0
U0433,2023-03-01,starter,SaaS,1000+,direct,USA,13,4,0,,29,0
U0433,2023-04-01,starter,SaaS,1000+,direct,USA,7,1,0,,29,0
U0433,2023-05-01,starter,SaaS,1000+,direct,USA,8,1,2,,29,0
U0433,2023-06-01,starter,SaaS,1000+,direct,USA,10,7,0,,29,0
U0433,2023-07-01,starter,SaaS,1000+,direct,USA,6,3,0,6.0,29,0
U0433,2023-08-01,starter,SaaS,1000+,direct,USA,7,3,0,,29,0
U0433,2023-09-01,starter,SaaS,1000+,direct,USA,6,1,1,7.0,29,0
U0433,2023-10-01,starter,SaaS,1000+,direct,USA,7,2,0,,29,0
U0433,2023-11-01,starter,SaaS,1000+,direct,USA,9,6,2,,29,0
U0433,2023-12-01,starter,SaaS,1000+,direct,USA,9,3,1,,29,0
U0434,2023-01-01,free,Education,1-10,paid_search,UK,1,1,0,,0,0
U0434,2023-02-01,free,Education,1-10,paid_search,UK,2,1,0,,0,0
U0434,2023-03-01,free,Education,1-10,paid_search,UK,3,1,0,,0,0
U0434,2023-04-01,free,Education,1-10,paid_search,UK,3,1,1,,0,0
U0434,2023-05-01,free,Education,1-10,paid_search,UK,4,2,0,,0,0
U0434,2023-06-01,free,Education,1-10,paid_search,UK,1,1,1,5.0,0,0
U0434,2023-07-01,free,Education,1-10,paid_search,UK,3,2,1,,0,0
U0435,2023-01-01,free,Finance,11-50,social,France,2,3,0,,0,0
U0435,2023-02-01,free,Finance,11-50,social,France,2,1,1,5.0,0,0
U0435,2023-03-01,free,Finance,11-50,social,France,3,1,0,,0,0
U0435,2023-04-01,free,Finance,11-50,social,France,2,3,0,,0,0
U0435,2023-05-01,free,Finance,11-50,social,France,2,1,1,,0,0
U0435,2023-06-01,free,Finance,11-50,social,France,1,3,0,,0,0
U0435,2023-07-01,free,Finance,11-50,social,France,1,1,2,,0,0
U0435,2023-08-01,free,Finance,11-50,social,France,2,1,1,,0,0
U0435,2023-09-01,free,Finance,11-50,social,France,3,2,0,,0,0
U0435,2023-10-01,free,Finance,11-50,social,France,3,3,0,,0,0
U0435,2023-11-01,free,Finance,11-50,social,France,2,1,1,,0,0
U0435,2023-12-01,free,Finance,11-50,social,France,1,2,0,,0,0
U0436,2023-01-01,pro,Ecommerce,1-10,organic,USA,13,6,0,,99,0
U0436,2023-02-01,pro,Ecommerce,1-10,organic,USA,19,5,1,,99,0
U0436,2023-03-01,pro,Ecommerce,1-10,organic,USA,26,8,1,,99,0
U0436,2023-04-01,pro,Ecommerce,1-10,organic,USA,18,5,1,,99,0
U0436,2023-05-01,pro,Ecommerce,1-10,organic,USA,9,2,2,8.0,99,0
U0436,2023-06-01,pro,Ecommerce,1-10,organic,USA,16,5,0,,99,0
U0436,2023-07-01,pro,Ecommerce,1-10,organic,USA,20,6,0,,99,0
U0436,2023-08-01,pro,Ecommerce,1-10,organic,USA,20,7,0,,99,0
U0436,2023-09-01,pro,Ecommerce,1-10,organic,USA,30,6,1,,99,0
U0436,2023-10-01,pro,Ecommerce,1-10,organic,USA,28,5,0,,99,0
U0436,2023-11-01,pro,Ecommerce,1-10,organic,USA,19,5,0,,99,0
U0436,2023-12-01,pro,Ecommerce,1-10,organic,USA,23,5,0,5.0,99,0
U0437,2023-01-01,free,Retail,51-200,referral,UK,1,1,1,,0,0
U0437,2023-02-01,free,Retail,51-200,referral,UK,2,1,3,,0,0
U0437,2023-03-01,free,Retail,51-200,referral,UK,2,1,1,7.0,0,0
U0437,2023-04-01,free,Retail,51-200,referral,UK,2,1,0,,0,0
U0437,2023-05-01,free,Retail,51-200,referral,UK,2,1,0,,0,0
U0437,2023-06-01,free,Retail,51-200,referral,UK,1,1,1,,0,0
U0437,2023-07-01,free,Retail,51-200,referral,UK,3,1,3,,0,0
U0438,2023-01-01,pro,Ecommerce,11-50,direct,USA,20,8,0,,99,0
U0438,2023-02-01,pro,Ecommerce,11-50,direct,USA,13,4,1,,99,0
U0438,2023-03-01,pro,Ecommerce,11-50,direct,USA,16,7,0,6.0,99,0
U0438,2023-04-01,pro,Ecommerce,11-50,direct,USA,25,7,0,,99,0
U0438,2023-05-01,pro,Ecommerce,11-50,direct,USA,16,6,3,,99,0
U0438,2023-06-01,pro,Ecommerce,11-50,direct,USA,18,4,0,,99,0
U0438,2023-07-01,pro,Ecommerce,11-50,direct,USA,23,5,0,,99,0
U0438,2023-08-01,pro,Ecommerce,11-50,direct,USA,23,6,2,7.0,99,0
U0438,2023-09-01,pro,Ecommerce,11-50,direct,USA,5,5,0,,99,0
U0439,2023-01-01,pro,Retail,51-200,organic,USA,24,5,0,,99,0
U0439,2023-02-01,pro,Retail,51-200,organic,USA,18,3,2,,99,0
U0439,2023-03-01,pro,Retail,51-200,organic,USA,16,3,0,,99,0
U0439,2023-04-01,pro,Retail,51-200,organic,USA,18,7,0,,99,0
U0439,2023-05-01,pro,Retail,51-200,organic,USA,12,3,0,8.0,99,0
U0439,2023-06-01,pro,Retail,51-200,organic,USA,11,6,1,,99,0
U0440,2023-01-01,free,Ecommerce,51-200,organic,USA,4,1,0,,0,0
U0441,2023-01-01,free,Retail,11-50,paid_search,USA,3,4,3,,0,0
U0441,2023-02-01,free,Retail,11-50,paid_search,USA,2,2,2,,0,0
U0441,2023-03-01,free,Retail,11-50,paid_search,USA,3,3,0,,0,0
U0441,2023-04-01,free,Retail,11-50,paid_search,USA,2,1,0,,0,0
U0441,2023-05-01,free,Retail,11-50,paid_search,USA,2,1,0,,0,0
U0441,2023-06-01,free,Retail,11-50,paid_search,USA,3,1,1,,0,0
U0441,2023-07-01,free,Retail,11-50,paid_search,USA,3,1,0,,0,0
U0441,2023-08-01,free,Retail,11-50,paid_search,USA,2,1,0,2.0,0,0
U0441,2023-09-01,free,Retail,11-50,paid_search,USA,4,2,2,,0,0
U0442,2023-01-01,enterprise,Ecommerce,201-1000,organic,Germany,33,10,0,,399,0
U0442,2023-02-01,enterprise,Ecommerce,201-1000,organic,Germany,43,8,0,,399,0
U0442,2023-03-01,enterprise,Ecommerce,201-1000,organic,Germany,48,10,0,,399,0
U0442,2023-04-01,enterprise,Ecommerce,201-1000,organic,Germany,30,10,0,,399,0
U0442,2023-05-01,enterprise,Ecommerce,201-1000,organic,Germany,32,10,0,,399,0
U0442,2023-06-01,enterprise,Ecommerce,201-1000,organic,Germany,30,10,0,,399,0
U0442,2023-07-01,enterprise,Ecommerce,201-1000,organic,Germany,39,8,1,,399,0
U0442,2023-08-01,enterprise,Ecommerce,201-1000,organic,Germany,30,10,1,,399,0
U0442,2023-09-01,enterprise,Ecommerce,201-1000,organic,Germany,12,10,0,,399,0
U0442,2023-10-01,enterprise,Ecommerce,201-1000,organic,Germany,38,10,0,,399,0
U0442,2023-11-01,enterprise,Ecommerce,201-1000,organic,Germany,41,10,0,,399,0
U0442,2023-12-01,enterprise,Ecommerce,201-1000,organic,Germany,37,9,1,,399,0
U0443,2023-01-01,free,Ecommerce,11-50,referral,UK,3,1,0,,0,0
U0443,2023-02-01,free,Ecommerce,11-50,referral,UK,2,2,3,6.0,0,0
U0443,2023-03-01,free,Ecommerce,11-50,referral,UK,3,1,0,,0,0
U0443,2023-04-01,free,Ecommerce,11-50,referral,UK,3,4,1,,0,0
U0443,2023-05-01,free,Ecommerce,11-50,referral,UK,2,2,0,,0,0
U0444,2023-01-01,free,Ecommerce,1-10,social,Canada,3,1,0,,0,0
U0444,2023-02-01,free,Ecommerce,1-10,social,Canada,1,1,2,8.0,0,0
U0444,2023-03-01,free,Ecommerce,1-10,social,Canada,4,3,0,,0,0
U0444,2023-04-01,free,Ecommerce,1-10,social,Canada,3,1,0,,0,0
U0445,2023-01-01,pro,Ecommerce,51-200,paid_search,USA,21,7,0,,99,0
U0445,2023-02-01,pro,Ecommerce,51-200,paid_search,USA,11,6,0,,99,0
U0445,2023-03-01,pro,Ecommerce,51-200,paid_search,USA,6,7,2,,99,0
U0445,2023-04-01,pro,Ecommerce,51-200,paid_search,USA,12,4,1,,99,0
U0445,2023-05-01,pro,Ecommerce,51-200,paid_search,USA,16,4,0,,99,0
U0445,2023-06-01,pro,Ecommerce,51-200,paid_search,USA,14,6,1,,99,0
U0445,2023-07-01,pro,Ecommerce,51-200,paid_search,USA,21,5,0,,99,0
U0445,2023-08-01,pro,Ecommerce,51-200,paid_search,USA,21,7,0,,99,0
U0445,2023-09-01,pro,Ecommerce,51-200,paid_search,USA,29,7,1,,99,0
U0445,2023-10-01,pro,Ecommerce,51-200,paid_search,USA,23,5,0,,99,0
U0445,2023-11-01,pro,Ecommerce,51-200,paid_search,USA,13,6,2,,99,0
U0445,2023-12-01,pro,Ecommerce,51-200,paid_search,USA,8,7,2,,99,0
U0446,2023-01-01,enterprise,Finance,51-200,organic,USA,42,10,0,,399,0
U0446,2023-02-01,enterprise,Finance,51-200,organic,USA,27,10,0,,399,0
U0446,2023-03-01,enterprise,Finance,51-200,organic,USA,35,10,1,,399,0
U0446,2023-04-01,enterprise,Finance,51-200,organic,USA,32,10,2,,399,0
U0446,2023-05-01,enterprise,Finance,51-200,organic,USA,49,10,0,,399,0
U0446,2023-06-01,enterprise,Finance,51-200,organic,USA,34,10,0,,399,0
U0446,2023-07-01,enterprise,Finance,51-200,organic,USA,28,10,0,,399,0
U0446,2023-08-01,enterprise,Finance,51-200,organic,USA,27,10,1,,399,0
U0446,2023-09-01,enterprise,Finance,51-200,organic,USA,30,10,0,,399,0
U0446,2023-10-01,enterprise,Finance,51-200,organic,USA,42,10,0,,399,0
U0446,2023-11-01,enterprise,Finance,51-200,organic,USA,29,9,0,,399,0
U0446,2023-12-01,enterprise,Finance,51-200,organic,USA,51,10,0,,399,0
U0447,2023-01-01,enterprise,SaaS,11-50,paid_search,Germany,58,10,0,,399,0
U0447,2023-02-01,enterprise,SaaS,11-50,paid_search,Germany,5,10,0,,399,0
U0447,2023-03-01,enterprise,SaaS,11-50,paid_search,Germany,42,10,0,,399,0
U0447,2023-04-01,enterprise,SaaS,11-50,paid_search,Germany,25,10,0,,399,0
U0447,2023-05-01,enterprise,SaaS,11-50,paid_search,Germany,28,10,0,,399,0
U0447,2023-06-01,enterprise,SaaS,11-50,paid_search,Germany,32,10,0,,399,0
U0447,2023-07-01,enterprise,SaaS,11-50,paid_search,Germany,8,10,0,,399,0
U0447,2023-08-01,enterprise,SaaS,11-50,paid_search,Germany,37,10,1,,399,0
U0447,2023-09-01,enterprise,SaaS,11-50,paid_search,Germany,47,10,2,,399,0
U0447,2023-10-01,enterprise,SaaS,11-50,paid_search,Germany,34,10,0,,399,0
U0447,2023-11-01,enterprise,SaaS,11-50,paid_search,Germany,43,10,0,,399,0
U0447,2023-12-01,enterprise,SaaS,11-50,paid_search,Germany,29,10,0,,399,0
U0448,2023-01-01,pro,Healthcare,201-1000,referral,Other,13,4,0,,99,0
U0448,2023-02-01,pro,Healthcare,201-1000,referral,Other,23,5,1,,99,0
U0448,2023-03-01,pro,Healthcare,201-1000,referral,Other,21,4,2,,99,0
U0448,2023-04-01,pro,Healthcare,201-1000,referral,Other,16,5,1,,99,0
U0448,2023-05-01,pro,Healthcare,201-1000,referral,Other,27,5,1,9.0,99,0
U0448,2023-06-01,pro,Healthcare,201-1000,referral,Other,19,4,2,,99,0
U0448,2023-07-01,pro,Healthcare,201-1000,referral,Other,16,7,0,,99,0
U0448,2023-08-01,pro,Healthcare,201-1000,referral,Other,18,7,0,,99,0
U0448,2023-09-01,pro,Healthcare,201-1000,referral,Other,10,4,3,,99,0
U0449,2023-01-01,free,Education,201-1000,organic,USA,3,1,0,,0,0
U0449,2023-02-01,free,Education,201-1000,organic,USA,3,1,1,,0,0
U0449,2023-03-01,free,Education,201-1000,organic,USA,2,1,1,,0,0
U0449,2023-04-01,free,Education,201-1000,organic,USA,2,1,0,,0,0
U0449,2023-05-01,free,Education,201-1000,organic,USA,3,1,1,6.0,0,0
U0450,2023-01-01,free,Healthcare,1-10,paid_search,France,3,1,1,,0,0
U0450,2023-02-01,free,Healthcare,1-10,paid_search,France,4,1,1,,0,0
U0450,2023-03-01,free,Healthcare,1-10,paid_search,France,3,1,1,,0,0
U0450,2023-04-01,free,Healthcare,1-10,paid_search,France,4,1,1,,0,0
U0450,2023-05-01,free,Healthcare,1-10,paid_search,France,3,1,2,,0,0
U0450,2023-06-01,free,Healthcare,1-10,paid_search,France,3,2,0,,0,0
U0450,2023-07-01,free,Healthcare,1-10,paid_search,France,3,1,0,,0,0
U0450,2023-08-01,free,Healthcare,1-10,paid_search,France,2,1,0,,0,0
U0450,2023-09-01,free,Healthcare,1-10,paid_search,France,3,1,1,,0,0
U0450,2023-10-01,free,Healthcare,1-10,paid_search,France,4,1,0,,0,0
U0451,2023-01-01,pro,Healthcare,1000+,referral,Canada,19,5,1,6.0,99,0
U0451,2023-02-01,pro,Healthcare,1000+,referral,Canada,15,6,2,,99,0
U0451,2023-03-01,pro,Healthcare,1000+,referral,Canada,18,9,2,,99,0
U0451,2023-04-01,pro,Healthcare,1000+,referral,Canada,17,5,2,,99,0
U0451,2023-05-01,pro,Healthcare,1000+,referral,Canada,22,4,3,,99,0
U0451,2023-06-01,pro,Healthcare,1000+,referral,Canada,20,8,0,,99,0
U0451,2023-07-01,pro,Healthcare,1000+,referral,Canada,23,5,0,10.0,99,0
U0451,2023-08-01,pro,Healthcare,1000+,referral,Canada,16,6,1,4.0,99,0
U0451,2023-09-01,pro,Healthcare,1000+,referral,Canada,20,7,1,,99,0
U0451,2023-10-01,pro,Healthcare,1000+,referral,Canada,23,5,1,,99,0
U0451,2023-11-01,pro,Healthcare,1000+,referral,Canada,18,5,0,6.0,99,0
U0451,2023-12-01,pro,Healthcare,1000+,referral,Canada,8,4,0,,99,0
U0452,2023-01-01,starter,Retail,1-10,referral,Canada,9,2,1,,29,0
U0452,2023-02-01,starter,Retail,1-10,referral,Canada,7,1,0,,29,0
U0452,2023-03-01,starter,Retail,1-10,referral,Canada,9,1,1,,29,0
U0452,2023-04-01,starter,Retail,1-10,referral,Canada,8,3,1,,29,0
U0452,2023-05-01,starter,Retail,1-10,referral,Canada,8,2,1,,29,0
U0452,2023-06-01,starter,Retail,1-10,referral,Canada,7,2,1,,29,0
U0452,2023-07-01,starter,Retail,1-10,referral,Canada,7,1,1,,29,0
U0452,2023-08-01,starter,Retail,1-10,referral,Canada,11,1,2,,29,0
U0452,2023-09-01,starter,Retail,1-10,referral,Canada,6,2,0,,29,0
U0452,2023-10-01,starter,Retail,1-10,referral,Canada,4,4,2,,29,0
U0452,2023-11-01,starter,Retail,1-10,referral,Canada,10,2,0,,29,0
U0452,2023-12-01,starter,Retail,1-10,referral,Canada,12,2,0,,29,0
U0453,2023-01-01,starter,SaaS,1-10,organic,UK,10,1,0,,29,0
U0453,2023-02-01,starter,SaaS,1-10,organic,UK,6,3,1,,29,0
U0453,2023-03-01,starter,SaaS,1-10,organic,UK,9,1,2,,29,0
U0453,2023-04-01,starter,SaaS,1-10,organic,UK,7,1,0,,29,0
U0453,2023-05-01,starter,SaaS,1-10,organic,UK,9,1,0,,29,0
U0454,2023-01-01,enterprise,Retail,1-10,referral,USA,33,10,0,,399,0
U0454,2023-02-01,enterprise,Retail,1-10,referral,USA,51,9,1,,399,0
U0454,2023-03-01,enterprise,Retail,1-10,referral,USA,42,10,0,,399,0
U0454,2023-04-01,enterprise,Retail,1-10,referral,USA,32,10,0,,399,0
U0454,2023-05-01,enterprise,Retail,1-10,referral,USA,53,10,0,,399,0
U0454,2023-06-01,enterprise,Retail,1-10,referral,USA,20,10,0,,399,0
U0454,2023-07-01,enterprise,Retail,1-10,referral,USA,40,10,0,9.0,399,0
U0454,2023-08-01,enterprise,Retail,1-10,referral,USA,38,10,1,,399,0
U0454,2023-09-01,enterprise,Retail,1-10,referral,USA,21,10,0,9.0,399,0
U0454,2023-10-01,enterprise,Retail,1-10,referral,USA,33,10,0,,399,0
U0454,2023-11-01,enterprise,Retail,1-10,referral,USA,43,10,0,,399,0
U0454,2023-12-01,enterprise,Retail,1-10,referral,USA,55,10,0,5.0,399,0
U0455,2023-01-01,free,SaaS,201-1000,organic,USA,2,1,0,,0,0
U0455,2023-02-01,free,SaaS,201-1000,organic,USA,2,1,4,,0,0
U0455,2023-03-01,free,SaaS,201-1000,organic,USA,1,1,0,,0,0
U0455,2023-04-01,free,SaaS,201-1000,organic,USA,4,1,0,,0,0
U0455,2023-05-01,free,SaaS,201-1000,organic,USA,3,1,0,,0,0
U0455,2023-06-01,free,SaaS,201-1000,organic,USA,2,1,0,,0,0
U0455,2023-07-01,free,SaaS,201-1000,organic,USA,3,1,1,,0,0
U0455,2023-08-01,free,SaaS,201-1000,organic,USA,4,1,0,,0,0
U0459,2023-01-01,free,Ecommerce,51-200,organic,UK,3,1,0,,0,0
U0459,2023-02-01,free,Ecommerce,51-200,organic,UK,3,1,0,,0,0
U0459,2023-03-01,free,Ecommerce,51-200,organic,UK,4,1,0,,0,0
U0459,2023-04-01,free,Ecommerce,51-200,organic,UK,2,1,0,,0,0
U0459,2023-05-01,free,Ecommerce,51-200,organic,UK,3,3,2,,0,0
U0459,2023-06-01,free,Ecommerce,51-200,organic,UK,3,1,1,,0,0
U0459,2023-07-01,free,Ecommerce,51-200,organic,UK,2,1,0,,0,0
U0459,2023-08-01,free,Ecommerce,51-200,organic,UK,3,1,1,,0,0
U0460,2023-01-01,free,Finance,1-10,organic,USA,2,1,0,,0,0
U0460,2023-02-01,free,Finance,1-10,organic,USA,1,1,0,,0,0
U0460,2023-03-01,free,Finance,1-10,organic,USA,3,2,0,,0,0
U0460,2023-04-01,free,Finance,1-10,organic,USA,3,3,0,,0,0
U0461,2023-01-01,free,Retail,201-1000,organic,India,2,3,0,,0,0
U0461,2023-02-01,free,Retail,201-1000,organic,India,2,1,1,,0,0
U0461,2023-03-01,free,Retail,201-1000,organic,India,2,2,1,,0,0
U0461,2023-04-01,free,Retail,201-1000,organic,India,3,1,0,,0,0
U0462,2023-01-01,starter,Finance,201-1000,organic,USA,9,1,0,,29,0
U0462,2023-02-01,starter,Finance,201-1000,organic,USA,2,3,0,,29,0
U0462,2023-03-01,starter,Finance,201-1000,organic,USA,2,5,2,,29,0
U0462,2023-04-01,starter,Finance,201-1000,organic,USA,7,1,1,,29,0
U0462,2023-05-01,starter,Finance,201-1000,organic,USA,4,2,0,,29,0
U0462,2023-06-01,starter,Finance,201-1000,organic,USA,3,2,4,5.0,29,0
U0462,2023-07-01,starter,Finance,201-1000,organic,USA,3,1,1,4.0,29,0
U0462,2023-08-01,starter,Finance,201-1000,organic,USA,6,3,1,,29,0
U0462,2023-09-01,starter,Finance,201-1000,organic,USA,12,2,4,,29,0
U0462,2023-10-01,starter,Finance,201-1000,organic,USA,9,1,1,,29,0
U0462,2023-11-01,starter,Finance,201-1000,organic,USA,9,4,2,,29,0
U0462,2023-12-01,starter,Finance,201-1000,organic,USA,9,4,1,,29,0
U0463,2023-01-01,pro,Retail,11-50,organic,Canada,24,2,1,,99,0
U0463,2023-02-01,pro,Retail,11-50,organic,Canada,6,6,1,8.0,99,0
U0463,2023-03-01,pro,Retail,11-50,organic,Canada,24,5,3,,99,0
U0463,2023-04-01,pro,Retail,11-50,organic,Canada,12,4,3,,99,0
U0463,2023-05-01,pro,Retail,11-50,organic,Canada,19,1,0,,99,0
U0463,2023-06-01,pro,Retail,11-50,organic,Canada,19,6,0,6.0,99,0
U0463,2023-07-01,pro,Retail,11-50,organic,Canada,18,6,0,,99,0
U0463,2023-08-01,pro,Retail,11-50,organic,Canada,13,5,0,,99,0
U0463,2023-09-01,pro,Retail,11-50,organic,Canada,21,3,1,,99,0
U0463,2023-10-01,pro,Retail,11-50,organic,Canada,25,5,1,7.0,99,0
U0463,2023-11-01,pro,Retail,11-50,organic,Canada,26,6,0,9.0,99,0
U0463,2023-12-01,pro,Retail,11-50,organic,Canada,17,6,0,,99,0
U0464,2023-01-01,starter,Healthcare,1000+,organic,Germany,10,2,1,3.0,29,0
U0465,2023-01-01,enterprise,Healthcare,11-50,paid_search,France,30,10,0,,399,0
U0465,2023-02-01,enterprise,Healthcare,11-50,paid_search,France,33,10,0,,399,0
U0466,2023-01-01,free,Finance,1000+,referral,India,3,1,1,,0,0
U0466,2023-02-01,free,Finance,1000+,referral,India,2,1,0,,0,0
U0466,2023-03-01,free,Finance,1000+,referral,India,3,1,0,,0,0
U0467,2023-01-01,free,Finance,51-200,referral,Germany,1,2,0,,0,0
U0467,2023-02-01,free,Finance,51-200,referral,Germany,3,1,1,,0,0
U0468,2023-01-01,pro,Retail,51-200,referral,Germany,22,5,0,,99,0
U0468,2023-02-01,pro,Retail,51-200,referral,Germany,18,8,0,,99,0
U0468,2023-03-01,pro,Retail,51-200,referral,Germany,23,6,0,,99,0
U0468,2023-04-01,pro,Retail,51-200,referral,Germany,23,4,2,7.0,99,0
U0468,2023-05-01,pro,Retail,51-200,referral,Germany,13,6,5,7.0,99,0
U0468,2023-06-01,pro,Retail,51-200,referral,Germany,11,7,1,7.0,99,0
U0468,2023-07-01,pro,Retail,51-200,referral,Germany,22,6,1,,99,0
U0468,2023-08-01,pro,Retail,51-200,referral,Germany,7,7,1,7.0,99,0
U0468,2023-09-01,pro,Retail,51-200,referral,Germany,17,5,1,,99,0
U0468,2023-10-01,pro,Retail,51-200,referral,Germany,19,7,1,,99,0
U0468,2023-11-01,pro,Retail,51-200,referral,Germany,8,6,1,,99,0
U0468,2023-12-01,pro,Retail,51-200,referral,Germany,22,7,0,5.0,99,0
U0469,2023-01-01,free,Ecommerce,1-10,organic,Other,4,2,1,,0,0
U0469,2023-02-01,free,Ecommerce,1-10,organic,Other,3,1,0,,0,0
U0470,2023-01-01,enterprise,Retail,201-1000,direct,USA,23,10,1,,399,0
U0470,2023-02-01,enterprise,Retail,201-1000,direct,USA,46,10,0,,399,0
U0470,2023-03-01,enterprise,Retail,201-1000,direct,USA,50,10,0,8.0,399,0
U0470,2023-04-01,enterprise,Retail,201-1000,direct,USA,25,9,1,,399,0
U0470,2023-05-01,enterprise,Retail,201-1000,direct,USA,43,10,0,,399,0
U0470,2023-06-01,enterprise,Retail,201-1000,direct,USA,43,8,0,,399,0
U0470,2023-07-01,enterprise,Retail,201-1000,direct,USA,36,10,0,,399,0
U0470,2023-08-01,enterprise,Retail,201-1000,direct,USA,14,10,0,,399,0
U0470,2023-09-01,enterprise,Retail,201-1000,direct,USA,47,10,1,,399,0
U0470,2023-10-01,enterprise,Retail,201-1000,direct,USA,39,10,0,,399,0
U0470,2023-11-01,enterprise,Retail,201-1000,direct,USA,41,10,1,,399,0
U0470,2023-12-01,enterprise,Retail,201-1000,direct,USA,43,10,0,,399,0
U0471,2023-01-01,free,Ecommerce,11-50,social,USA,2,1,2,,0,0
U0471,2023-02-01,free,Ecommerce,11-50,social,USA,1,1,1,7.0,0,0
U0471,2023-03-01,free,Ecommerce,11-50,social,USA,2,1,1,,0,0
U0471,2023-04-01,free,Ecommerce,11-50,social,USA,2,1,0,,0,0
U0471,2023-05-01,free,Ecommerce,11-50,social,USA,4,2,1,,0,0
U0471,2023-06-01,free,Ecommerce,11-50,social,USA,1,4,2,,0,0
U0471,2023-07-01,free,Ecommerce,11-50,social,USA,3,1,0,,0,0
U0471,2023-08-01,free,Ecommerce,11-50,social,USA,4,1,0,,0,0
U0471,2023-09-01,free,Ecommerce,11-50,social,USA,3,1,1,,0,0
U0471,2023-10-01,free,Ecommerce,11-50,social,USA,2,1,1,,0,0
U0471,2023-11-01,free,Ecommerce,11-50,social,USA,2,1,1,,0,0
U0471,2023-12-01,free,Ecommerce,11-50,social,USA,3,1,0,,0,0
U0472,2023-01-01,enterprise,Healthcare,1-10,social,USA,55,10,1,,399,0
U0472,2023-02-01,enterprise,Healthcare,1-10,social,USA,39,10,0,,399,0
U0472,2023-03-01,enterprise,Healthcare,1-10,social,USA,11,10,0,,399,0
U0472,2023-04-01,enterprise,Healthcare,1-10,social,USA,35,10,0,,399,0
U0472,2023-05-01,enterprise,Healthcare,1-10,social,USA,40,10,0,,399,0
U0472,2023-06-01,enterprise,Healthcare,1-10,social,USA,29,10,0,,399,0
U0472,2023-07-01,enterprise,Healthcare,1-10,social,USA,38,9,1,10.0,399,0
U0472,2023-08-01,enterprise,Healthcare,1-10,social,USA,54,10,0,,399,0
U0472,2023-09-01,enterprise,Healthcare,1-10,social,USA,31,10,1,,399,0
U0472,2023-10-01,enterprise,Healthcare,1-10,social,USA,47,10,1,,399,0
U0472,2023-11-01,enterprise,Healthcare,1-10,social,USA,45,9,0,,399,0
U0472,2023-12-01,enterprise,Healthcare,1-10,social,USA,20,10,0,,399,0
U0473,2023-01-01,free,SaaS,1-10,social,USA,4,1,0,,0,0
U0473,2023-02-01,free,SaaS,1-10,social,USA,2,2,1,,0,0
U0473,2023-03-01,free,SaaS,1-10,social,USA,2,1,0,,0,0
U0473,2023-04-01,free,SaaS,1-10,social,USA,2,1,1,,0,0
U0473,2023-05-01,free,SaaS,1-10,social,USA,2,1,1,6.0,0,0
U0473,2023-06-01,free,SaaS,1-10,social,USA,2,1,1,3.0,0,0
U0473,2023-07-01,free,SaaS,1-10,social,USA,2,1,1,,0,0
U0474,2023-01-01,pro,Finance,11-50,direct,Germany,16,6,0,,99,0
U0474,2023-02-01,pro,Finance,11-50,direct,Germany,18,7,0,,99,0
U0474,2023-03-01,pro,Finance,11-50,direct,Germany,16,5,1,,99,0
U0474,2023-04-01,pro,Finance,11-50,direct,Germany,21,4,2,,99,0
U0474,2023-05-01,pro,Finance,11-50,direct,Germany,16,4,0,,99,0
U0474,2023-06-01,pro,Finance,11-50,direct,Germany,18,4,1,5.0,99,0
U0474,2023-07-01,pro,Finance,11-50,direct,Germany,23,7,2,,99,0
U0474,2023-08-01,pro,Finance,11-50,direct,Germany,12,6,0,,99,0
U0474,2023-09-01,pro,Finance,11-50,direct,Germany,21,6,1,,99,0
U0474,2023-10-01,pro,Finance,11-50,direct,Germany,13,6,1,,99,0
U0474,2023-11-01,pro,Finance,11-50,direct,Germany,16,6,1,,99,0
U0474,2023-12-01,pro,Finance,11-50,direct,Germany,12,5,0,7.0,99,0
U0475,2023-01-01,starter,Ecommerce,11-50,paid_search,Germany,6,1,1,,29,0
U0475,2023-02-01,starter,Ecommerce,11-50,paid_search,Germany,9,1,0,6.0,29,0
U0475,2023-03-01,starter,Ecommerce,11-50,paid_search,Germany,10,1,2,5.0,29,0
U0475,2023-04-01,starter,Ecommerce,11-50,paid_search,Germany,7,2,1,,29,0
U0475,2023-05-01,starter,Ecommerce,11-50,paid_search,Germany,5,1,2,,29,0
U0476,2023-01-01,enterprise,Retail,51-200,organic,Canada,37,10,0,,399,0
U0476,2023-02-01,enterprise,Retail,51-200,organic,Canada,23,10,1,6.0,399,0
U0476,2023-03-01,enterprise,Retail,51-200,organic,Canada,54,10,0,8.0,399,0
U0476,2023-04-01,enterprise,Retail,51-200,organic,Canada,34,10,0,,399,0
U0476,2023-05-01,enterprise,Retail,51-200,organic,Canada,38,10,1,,399,0
U0476,2023-06-01,enterprise,Retail,51-200,organic,Canada,29,10,1,,399,0
U0476,2023-07-01,enterprise,Retail,51-200,organic,Canada,23,9,0,,399,0
U0477,2023-01-01,free,Healthcare,201-1000,referral,USA,3,1,1,,0,0
U0477,2023-02-01,free,Healthcare,201-1000,referral,USA,3,1,2,,0,0
U0477,2023-03-01,free,Healthcare,201-1000,referral,USA,4,1,1,5.0,0,0
U0477,2023-04-01,free,Healthcare,201-1000,referral,USA,1,1,0,,0,0
U0477,2023-05-01,free,Healthcare,201-1000,referral,USA,3,1,1,,0,0
U0477,2023-06-01,free,Healthcare,201-1000,referral,USA,2,1,2,,0,0
U0477,2023-07-01,free,Healthcare,201-1000,referral,USA,2,1,1,,0,0
U0477,2023-08-01,free,Healthcare,201-1000,referral,USA,3,1,0,7.0,0,0
U0477,2023-09-01,free,Healthcare,201-1000,referral,USA,2,1,1,,0,0
U0477,2023-10-01,free,Healthcare,201-1000,referral,USA,1,1,1,,0,0
U0477,2023-11-01,free,Healthcare,201-1000,referral,USA,2,2,0,5.0,0,0
U0477,2023-12-01,free,Healthcare,201-1000,referral,USA,2,2,0,,0,0
U0478,2023-01-01,starter,Ecommerce,1-10,referral,India,10,2,0,,29,0
U0478,2023-02-01,starter,Ecommerce,1-10,referral,India,6,5,0,,29,0
U0478,2023-03-01,starter,Ecommerce,1-10,referral,India,7,2,0,,29,0
U0478,2023-04-01,starter,Ecommerce,1-10,referral,India,7,1,1,,29,0
U0478,2023-05-01,starter,Ecommerce,1-10,referral,India,11,5,1,,29,0
U0478,2023-06-01,starter,Ecommerce,1-10,referral,India,9,2,1,,29,0
U0478,2023-07-01,starter,Ecommerce,1-10,referral,India,10,2,1,,29,0
U0478,2023-08-01,starter,Ecommerce,1-10,referral,India,8,4,1,,29,0
U0478,2023-09-01,starter,Ecommerce,1-10,referral,India,6,3,1,4.0,29,0
U0478,2023-10-01,starter,Ecommerce,1-10,referral,India,5,4,1,,29,0
U0478,2023-11-01,starter,Ecommerce,1-10,referral,India,4,2,1,,29,0
U0478,2023-12-01,starter,Ecommerce,1-10,referral,India,4,2,1,5.0,29,0
U0479,2023-01-01,enterprise,Retail,51-200,referral,USA,30,9,0,,399,0
U0479,2023-02-01,enterprise,Retail,51-200,referral,USA,51,10,1,,399,0
U0479,2023-03-01,enterprise,Retail,51-200,referral,USA,43,9,1,,399,0
U0479,2023-04-01,enterprise,Retail,51-200,referral,USA,25,10,0,,399,0
U0479,2023-05-01,enterprise,Retail,51-200,referral,USA,29,10,0,,399,0
U0479,2023-06-01,enterprise,Retail,51-200,referral,USA,33,10,0,,399,0
U0479,2023-07-01,enterprise,Retail,51-200,referral,USA,31,10,0,,399,0
U0479,2023-08-01,enterprise,Retail,51-200,referral,USA,44,7,1,,399,0
U0479,2023-09-01,enterprise,Retail,51-200,referral,USA,28,10,2,,399,0
U0479,2023-10-01,enterprise,Retail,51-200,referral,USA,46,10,0,,399,0
U0479,2023-11-01,enterprise,Retail,51-200,referral,USA,41,10,1,,399,0
U0479,2023-12-01,enterprise,Retail,51-200,referral,USA,34,10,0,,399,0
U0480,2023-01-01,starter,Finance,1-10,paid_search,Germany,11,4,2,,29,0
U0480,2023-02-01,starter,Finance,1-10,paid_search,Germany,11,4,0,,29,0
U0480,2023-03-01,starter,Finance,1-10,paid_search,Germany,10,3,0,,29,0
U0480,2023-04-01,starter,Finance,1-10,paid_search,Germany,6,5,0,,29,0
U0480,2023-05-01,starter,Finance,1-10,paid_search,Germany,9,3,0,5.0,29,0
U0480,2023-06-01,starter,Finance,1-10,paid_search,Germany,9,1,0,9.0,29,0
U0480,2023-07-01,starter,Finance,1-10,paid_search,Germany,9,3,2,,29,0
U0481,2023-01-01,starter,Finance,201-1000,organic,Canada,6,3,0,,29,0
U0481,2023-02-01,starter,Finance,201-1000,organic,Canada,4,2,3,,29,0
U0481,2023-03-01,starter,Finance,201-1000,organic,Canada,8,1,0,,29,0
U0481,2023-04-01,starter,Finance,201-1000,organic,Canada,8,2,0,,29,0
U0481,2023-05-01,starter,Finance,201-1000,organic,Canada,5,1,0,,29,0
U0482,2023-01-01,starter,Education,201-1000,paid_search,USA,12,4,2,,29,0
U0482,2023-02-01,starter,Education,201-1000,paid_search,USA,5,4,0,,29,0
U0482,2023-03-01,starter,Education,201-1000,paid_search,USA,10,3,0,3.0,29,0
U0482,2023-04-01,starter,Education,201-1000,paid_search,USA,8,1,0,,29,0
U0482,2023-05-01,starter,Education,201-1000,paid_search,USA,9,1,0,3.0,29,0
U0482,2023-06-01,starter,Education,201-1000,paid_search,USA,3,2,2,,29,0
U0482,2023-07-01,starter,Education,201-1000,paid_search,USA,8,1,1,5.0,29,0
U0482,2023-08-01,starter,Education,201-1000,paid_search,USA,5,3,0,,29,0
U0482,2023-09-01,starter,Education,201-1000,paid_search,USA,5,1,1,,29,0
U0482,2023-10-01,starter,Education,201-1000,paid_search,USA,5,2,2,,29,0
U0482,2023-11-01,starter,Education,201-1000,paid_search,USA,6,1,0,,29,0
U0482,2023-12-01,starter,Education,201-1000,paid_search,USA,7,1,2,,29,0
U0483,2023-01-01,starter,SaaS,11-50,direct,USA,8,2,0,,29,0
U0483,2023-02-01,starter,SaaS,11-50,direct,USA,13,4,2,,29,0
U0484,2023-01-01,starter,Education,51-200,paid_search,USA,9,1,0,4.0,29,0
U0484,2023-02-01,starter,Education,51-200,paid_search,USA,7,2,1,,29,0
U0484,2023-03-01,starter,Education,51-200,paid_search,USA,7,5,0,,29,0
U0484,2023-04-01,starter,Education,51-200,paid_search,USA,4,3,1,,29,0
U0484,2023-05-01,starter,Education,51-200,paid_search,USA,4,2,1,,29,0
U0484,2023-06-01,starter,Education,51-200,paid_search,USA,4,1,1,,29,0
U0484,2023-07-01,starter,Education,51-200,paid_search,USA,11,3,1,,29,0
U0484,2023-08-01,starter,Education,51-200,paid_search,USA,5,1,0,,29,0
U0484,2023-09-01,starter,Education,51-200,paid_search,USA,7,1,0,,29,0
U0484,2023-10-01,starter,Education,51-200,paid_search,USA,3,2,1,,29,0
U0484,2023-11-01,starter,Education,51-200,paid_search,USA,8,3,0,,29,0
U0484,2023-12-01,starter,Education,51-200,paid_search,USA,9,3,0,,29,0
U0485,2023-01-01,starter,Healthcare,11-50,paid_search,Australia,5,3,0,,29,0
U0485,2023-02-01,starter,Healthcare,11-50,paid_search,Australia,6,1,2,,29,0
U0485,2023-03-01,starter,Healthcare,11-50,paid_search,Australia,7,1,2,,29,0
U0485,2023-04-01,starter,Healthcare,11-50,paid_search,Australia,9,1,0,,29,0
U0485,2023-05-01,starter,Healthcare,11-50,paid_search,Australia,7,1,2,4.0,29,0
U0485,2023-06-01,starter,Healthcare,11-50,paid_search,Australia,11,5,0,,29,0
U0485,2023-07-01,starter,Healthcare,11-50,paid_search,Australia,8,5,0,,29,0
U0485,2023-08-01,starter,Healthcare,11-50,paid_search,Australia,7,3,0,,29,0
U0485,2023-09-01,starter,Healthcare,11-50,paid_search,Australia,5,2,2,,29,0
U0485,2023-10-01,starter,Healthcare,11-50,paid_search,Australia,8,6,1,,29,0
U0486,2023-01-01,enterprise,Ecommerce,11-50,organic,France,43,10,0,,399,0
U0486,2023-02-01,enterprise,Ecommerce,11-50,organic,France,39,10,0,,399,0
U0486,2023-03-01,enterprise,Ecommerce,11-50,organic,France,30,10,0,,399,0
U0486,2023-04-01,enterprise,Ecommerce,11-50,organic,France,36,10,0,,399,0
U0486,2023-05-01,enterprise,Ecommerce,11-50,organic,France,1,10,0,,399,0
U0486,2023-06-01,enterprise,Ecommerce,11-50,organic,France,25,10,0,,399,0
U0486,2023-07-01,enterprise,Ecommerce,11-50,organic,France,38,10,1,,399,0
U0486,2023-08-01,enterprise,Ecommerce,11-50,organic,France,21,10,0,,399,0
U0486,2023-09-01,enterprise,Ecommerce,11-50,organic,France,27,10,0,,399,0
U0486,2023-10-01,enterprise,Ecommerce,11-50,organic,France,36,10,0,10.0,399,0
U0486,2023-11-01,enterprise,Ecommerce,11-50,organic,France,15,10,0,,399,0
U0486,2023-12-01,enterprise,Ecommerce,11-50,organic,France,16,10,1,,399,0
U0487,2023-01-01,free,Healthcare,201-1000,paid_search,Germany,2,1,0,,0,0
U0487,2023-02-01,free,Healthcare,201-1000,paid_search,Germany,1,2,0,,0,0
U0487,2023-03-01,free,Healthcare,201-1000,paid_search,Germany,3,2,0,,0,0
U0487,2023-04-01,free,Healthcare,201-1000,paid_search,Germany,3,1,0,,0,0
U0487,2023-05-01,free,Healthcare,201-1000,paid_search,Germany,3,1,0,,0,0
U0487,2023-06-01,free,Healthcare,201-1000,paid_search,Germany,3,2,2,,0,0
U0487,2023-07-01,free,Healthcare,201-1000,paid_search,Germany,3,3,0,,0,0
U0487,2023-08-01,free,Healthcare,201-1000,paid_search,Germany,2,1,1,3.0,0,0
U0487,2023-09-01,free,Healthcare,201-1000,paid_search,Germany,2,1,0,5.0,0,0
U0487,2023-10-01,free,Healthcare,201-1000,paid_search,Germany,1,3,2,,0,0
U0487,2023-11-01,free,Healthcare,201-1000,paid_search,Germany,3,2,0,8.0,0,0
U0487,2023-12-01,free,Healthcare,201-1000,paid_search,Germany,2,1,1,,0,0
U0488,2023-01-01,free,Retail,11-50,social,USA,1,4,1,,0,0
U0489,2023-01-01,enterprise,Finance,11-50,referral,UK,26,10,0,,399,0
U0489,2023-02-01,enterprise,Finance,11-50,referral,UK,56,10,0,,399,0
U0489,2023-03-01,enterprise,Finance,11-50,referral,UK,32,10,0,7.0,399,0
U0489,2023-04-01,enterprise,Finance,11-50,referral,UK,50,10,0,,399,0
U0489,2023-05-01,enterprise,Finance,11-50,referral,UK,40,8,0,,399,0
U0489,2023-06-01,enterprise,Finance,11-50,referral,UK,34,10,0,,399,0
U0489,2023-07-01,enterprise,Finance,11-50,referral,UK,41,10,0,,399,0
U0489,2023-08-01,enterprise,Finance,11-50,referral,UK,26,10,0,,399,0
U0489,2023-09-01,enterprise,Finance,11-50,referral,UK,27,8,0,,399,0
U0489,2023-10-01,enterprise,Finance,11-50,referral,UK,31,10,1,,399,0
U0489,2023-11-01,enterprise,Finance,11-50,referral,UK,46,10,0,,399,0
U0489,2023-12-01,enterprise,Finance,11-50,referral,UK,31,10,0,7.0,399,0
U0490,2023-01-01,pro,Education,11-50,referral,India,20,4,2,,99,0
U0490,2023-02-01,pro,Education,11-50,referral,India,16,4,2,,99,0
U0490,2023-03-01,pro,Education,11-50,referral,India,22,5,1,8.0,99,0
U0490,2023-04-01,pro,Education,11-50,referral,India,16,4,1,,99,0
U0490,2023-05-01,pro,Education,11-50,referral,India,31,6,0,,99,0
U0490,2023-06-01,pro,Education,11-50,referral,India,22,7,2,8.0,99,0
U0490,2023-07-01,pro,Education,11-50,referral,India,22,4,1,,99,0
U0490,2023-08-01,pro,Education,11-50,referral,India,20,5,0,7.0,99,0
U0490,2023-09-01,pro,Education,11-50,referral,India,16,6,1,,99,0
U0490,2023-10-01,pro,Education,11-50,referral,India,25,6,2,,99,0
U0490,2023-11-01,pro,Education,11-50,referral,India,13,4,0,,99,0
U0490,2023-12-01,pro,Education,11-50,referral,India,16,7,0,,99,0
U0491,2023-01-01,starter,Education,201-1000,paid_search,India,7,2,1,,29,0
U0491,2023-02-01,starter,Education,201-1000,paid_search,India,10,2,1,,29,0
U0491,2023-03-01,starter,Education,201-1000,paid_search,India,8,3,0,,29,0
U0491,2023-04-01,starter,Education,201-1000,paid_search,India,6,2,0,,29,0
U0491,2023-05-01,starter,Education,201-1000,paid_search,India,11,3,0,,29,0
U0491,2023-06-01,starter,Education,201-1000,paid_search,India,4,8,0,,29,0
U0491,2023-07-01,starter,Education,201-1000,paid_search,India,8,1,0,,29,0
U0491,2023-08-01,starter,Education,201-1000,paid_search,India,10,2,1,,29,0
U0491,2023-09-01,starter,Education,201-1000,paid_search,India,5,2,0,,29,0
U0491,2023-10-01,starter,Education,201-1000,paid_search,India,7,2,0,,29,0
U0491,2023-11-01,starter,Education,201-1000,paid_search,India,4,3,0,,29,0
U0491,2023-12-01,starter,Education,201-1000,paid_search,India,9,1,2,6.0,29,0
U0492,2023-01-01,starter,Education,11-50,referral,USA,3,1,1,,29,0
U0492,2023-02-01,starter,Education,11-50,referral,USA,4,1,2,5.0,29,0
U0492,2023-03-01,starter,Education,11-50,referral,USA,5,4,0,,29,0
U0492,2023-04-01,starter,Education,11-50,referral,USA,9,6,1,6.0,29,0
U0492,2023-05-01,starter,Education,11-50,referral,USA,5,2,0,,29,0
U0492,2023-06-01,starter,Education,11-50,referral,USA,9,1,0,,29,0
U0492,2023-07-01,starter,Education,11-50,referral,USA,11,2,0,,29,0
U0492,2023-08-01,starter,Education,11-50,referral,USA,5,1,0,,29,0
U0492,2023-09-01,starter,Education,11-50,referral,USA,7,1,0,,29,0
U0492,2023-10-01,starter,Education,11-50,referral,USA,4,3,3,,29,0
U0492,2023-11-01,starter,Education,11-50,referral,USA,4,1,2,,29,0
U0492,2023-12-01,starter,Education,11-50,referral,USA,10,4,1,,29,0
U0493,2023-01-01,free,Healthcare,1-10,organic,USA,1,1,0,,0,0
U0493,2023-02-01,free,Healthcare,1-10,organic,USA,2,2,4,6.0,0,0
U0493,2023-03-01,free,Healthcare,1-10,organic,USA,3,1,1,,0,0
U0493,2023-04-01,free,Healthcare,1-10,organic,USA,3,1,1,,0,0
U0494,2023-01-01,free,Finance,51-200,referral,India,3,1,0,,0,0
U0494,2023-02-01,free,Finance,51-200,referral,India,4,1,0,,0,0
U0494,2023-03-01,free,Finance,51-200,referral,India,4,1,1,,0,0
U0494,2023-04-01,free,Finance,51-200,referral,India,2,2,1,,0,0
U0494,2023-05-01,free,Finance,51-200,referral,India,1,2,1,,0,0
U0494,2023-06-01,free,Finance,51-200,referral,India,2,1,0,,0,0
U0494,2023-07-01,free,Finance,51-200,referral,India,2,1,4,,0,0
U0494,2023-08-01,free,Finance,51-200,referral,India,4,2,1,,0,0
U0494,2023-09-01,free,Finance,51-200,referral,India,4,3,3,,0,0
U0494,2023-10-01,free,Finance,51-200,referral,India,2,1,0,,0,0
U0494,2023-11-01,free,Finance,51-200,referral,India,3,3,1,,0,0
U0494,2023-12-01,free,Finance,51-200,referral,India,2,1,0,,0,0
U0495,2023-01-01,starter,Ecommerce,201-1000,paid_search,USA,10,2,0,8.0,29,0
U0495,2023-02-01,starter,Ecommerce,201-1000,paid_search,USA,7,4,1,,29,0
U0496,2023-01-01,free,Retail,1-10,paid_search,USA,4,1,1,,0,0
U0496,2023-02-01,free,Retail,1-10,paid_search,USA,1,1,1,,0,0
U0496,2023-03-01,free,Retail,1-10,paid_search,USA,3,3,1,,0,0
U0496,2023-04-01,free,Retail,1-10,paid_search,USA,2,1,1,,0,0
U0496,2023-05-01,free,Retail,1-10,paid_search,USA,1,1,0,,0,0
U0496,2023-06-01,free,Retail,1-10,paid_search,USA,2,3,1,5.0,0,0
U0496,2023-07-01,free,Retail,1-10,paid_search,USA,3,1,3,,0,0
U0496,2023-08-01,free,Retail,1-10,paid_search,USA,2,1,1,7.0,0,0
U0497,2023-01-01,starter,Ecommerce,1-10,referral,USA,9,2,1,,29,0
U0498,2023-01-01,free,Healthcare,1-10,direct,Canada,2,1,0,,0,0
U0498,2023-02-01,free,Healthcare,1-10,direct,Canada,3,2,0,,0,0
U0498,2023-03-01,free,Healthcare,1-10,direct,Canada,2,1,0,,0,0
U0498,2023-04-01,free,Healthcare,1-10,direct,Canada,4,1,0,5.0,0,0
U0498,2023-05-01,free,Healthcare,1-10,direct,Canada,2,1,1,4.0,0,0
U0498,2023-06-01,free,Healthcare,1-10,direct,Canada,1,1,2,,0,0
U0498,2023-07-01,free,Healthcare,1-10,direct,Canada,2,1,1,,0,0
U0498,2023-08-01,free,Healthcare,1-10,direct,Canada,5,2,1,,0,0
U0498,2023-09-01,free,Healthcare,1-10,direct,Canada,3,2,0,,0,0
U0499,2023-01-01,enterprise,Retail,11-50,organic,Australia,22,10,0,6.0,399,0
U0499,2023-02-01,enterprise,Retail,11-50,organic,Australia,25,10,0,,399,0
U0499,2023-03-01,enterprise,Retail,11-50,organic,Australia,38,10,0,6.0,399,0
U0499,2023-04-01,enterprise,Retail,11-50,organic,Australia,30,9,0,,399,0
U0499,2023-05-01,enterprise,Retail,11-50,organic,Australia,47,10,1,,399,0
U0500,2023-01-01,enterprise,Education,11-50,social,Other,26,10,0,,399,0
U0500,2023-02-01,enterprise,Education,11-50,social,Other,42,8,1,8.0,399,0
U0500,2023-03-01,enterprise,Education,11-50,social,Other,31,10,2,,399,0
U0500,2023-04-01,enterprise,Education,11-50,social,Other,13,9,0,,399,0
U0500,2023-05-01,enterprise,Education,11-50,social,Other,35,10,1,,399,0
U0500,2023-06-01,enterprise,Education,11-50,social,Other,46,10,0,,399,0
U0500,2023-07-01,enterprise,Education,11-50,social,Other,33,10,0,,399,0
U0500,2023-08-01,enterprise,Education,11-50,social,Other,26,10,1,,399,0
U0500,2023-09-01,enterprise,Education,11-50,social,Other,27,10,0,,399,0
U0500,2023-10-01,enterprise,Education,11-50,social,Other,33,10,0,,399,0
U0500,2023-11-01,enterprise,Education,11-50,social,Other,36,10,1,,399,0
U0500,2023-12-01,enterprise,Education,11-50,social,Other,21,10,1,,399,0
U0501,2023-01-01,starter,SaaS,51-200,organic,Canada,8,2,0,,29,0
U0501,2023-02-01,starter,SaaS,51-200,organic,Canada,7,3,2,,29,0
U0501,2023-03-01,starter,SaaS,51-200,organic,Canada,7,2,0,,29,0
U0501,2023-04-01,starter,SaaS,51-200,organic,Canada,7,6,1,,29,0
U0501,2023-05-01,starter,SaaS,51-200,organic,Canada,4,2,0,4.0,29,0
U0501,2023-06-01,starter,SaaS,51-200,organic,Canada,5,2,0,9.0,29,0
U0501,2023-07-01,starter,SaaS,51-200,organic,Canada,7,3,0,,29,0
U0501,2023-08-01,starter,SaaS,51-200,organic,Canada,5,1,1,,29,0
U0501,2023-09-01,starter,SaaS,51-200,organic,Canada,6,4,0,,29,0
U0501,2023-10-01,starter,SaaS,51-200,organic,Canada,9,1,1,6.0,29,0
U0501,2023-11-01,starter,SaaS,51-200,organic,Canada,7,2,1,,29,0
U0502,2023-01-01,starter,Healthcare,51-200,paid_search,UK,3,1,1,9.0,29,0
U0502,2023-02-01,starter,Healthcare,51-200,paid_search,UK,4,1,1,,29,0
U0502,2023-03-01,starter,Healthcare,51-200,paid_search,UK,8,1,1,6.0,29,0
U0502,2023-04-01,starter,Healthcare,51-200,paid_search,UK,4,4,0,,29,0
U0502,2023-05-01,starter,Healthcare,51-200,paid_search,UK,5,3,2,,29,0
U0505,2023-01-01,starter,Ecommerce,201-1000,paid_search,USA,7,1,1,,29,0
U0506,2023-01-01,free,Healthcare,11-50,organic,Canada,3,1,0,,0,0
U0506,2023-02-01,free,Healthcare,11-50,organic,Canada,1,2,0,,0,0
U0507,2023-01-01,enterprise,Healthcare,1000+,paid_search,USA,47,10,0,,399,0
U0507,2023-02-01,enterprise,Healthcare,1000+,paid_search,USA,36,10,2,,399,0
U0507,2023-03-01,enterprise,Healthcare,1000+,paid_search,USA,31,10,0,,399,0
U0507,2023-04-01,enterprise,Healthcare,1000+,paid_search,USA,43,8,0,,399,0
U0507,2023-05-01,enterprise,Healthcare,1000+,paid_search,USA,35,9,0,,399,0
U0507,2023-06-01,enterprise,Healthcare,1000+,paid_search,USA,32,10,0,,399,0
U0507,2023-07-01,enterprise,Healthcare,1000+,paid_search,USA,57,10,1,,399,0
U0507,2023-08-01,enterprise,Healthcare,1000+,paid_search,USA,21,10,0,,399,0
U0507,2023-09-01,enterprise,Healthcare,1000+,paid_search,USA,22,10,0,,399,0
U0507,2023-10-01,enterprise,Healthcare,1000+,paid_search,USA,23,10,0,,399,0
U0507,2023-11-01,enterprise,Healthcare,1000+,paid_search,USA,42,10,0,7.0,399,0
U0507,2023-12-01,enterprise,Healthcare,1000+,paid_search,USA,28,10,1,,399,0
U0508,2023-01-01,pro,Education,51-200,direct,USA,23,6,1,,99,0
U0508,2023-02-01,pro,Education,51-200,direct,USA,15,4,2,,99,0
U0508,2023-03-01,pro,Education,51-200,direct,USA,17,3,0,,99,0
U0508,2023-04-01,pro,Education,51-200,direct,USA,13,6,3,,99,0
U0508,2023-05-01,pro,Education,51-200,direct,USA,22,6,1,,99,0
U0508,2023-06-01,pro,Education,51-200,direct,USA,27,2,0,,99,0
U0508,2023-07-01,pro,Education,51-200,direct,USA,10,6,3,,99,0
U0508,2023-08-01,pro,Education,51-200,direct,USA,13,5,0,,99,0
U0508,2023-09-01,pro,Education,51-200,direct,USA,8,6,1,,99,0
U0509,2023-01-01,enterprise,Education,1-10,organic,USA,51,10,0,,399,0
U0509,2023-02-01,enterprise,Education,1-10,organic,USA,37,9,0,7.0,399,0
U0509,2023-03-01,enterprise,Education,1-10,organic,USA,26,10,0,,399,0
U0509,2023-04-01,enterprise,Education,1-10,organic,USA,13,9,0,,399,0
U0509,2023-05-01,enterprise,Education,1-10,organic,USA,54,9,0,,399,0
U0509,2023-06-01,enterprise,Education,1-10,organic,USA,22,10,1,,399,0
U0509,2023-07-01,enterprise,Education,1-10,organic,USA,34,10,0,6.0,399,0
U0509,2023-08-01,enterprise,Education,1-10,organic,USA,30,10,0,,399,0
U0510,2023-01-01,pro,Retail,51-200,referral,USA,20,8,2,,99,0
U0510,2023-02-01,pro,Retail,51-200,referral,USA,17,6,1,5.0,99,0
U0510,2023-03-01,pro,Retail,51-200,referral,USA,19,7,0,,99,0
U0510,2023-04-01,pro,Retail,51-200,referral,USA,8,7,0,,99,0
U0510,2023-05-01,pro,Retail,51-200,referral,USA,19,2,0,,99,0
U0510,2023-06-01,pro,Retail,51-200,referral,USA,27,5,1,,99,0
U0510,2023-07-01,pro,Retail,51-200,referral,USA,26,6,1,,99,0
U0510,2023-08-01,pro,Retail,51-200,referral,USA,27,7,2,,99,0
U0510,2023-09-01,pro,Retail,51-200,referral,USA,21,6,2,,99,0
U0510,2023-10-01,pro,Retail,51-200,referral,USA,25,5,1,,99,0
U0510,2023-11-01,pro,Retail,51-200,referral,USA,13,3,1,,99,0
U0510,2023-12-01,pro,Retail,51-200,referral,USA,19,3,0,,99,0
U0511,2023-01-01,starter,SaaS,11-50,paid_search,USA,5,3,1,,29,0
U0511,2023-02-01,starter,SaaS,11-50,paid_search,USA,9,3,0,,29,0
U0511,2023-03-01,starter,SaaS,11-50,paid_search,USA,4,1,0,8.0,29,0
U0511,2023-04-01,starter,SaaS,11-50,paid_search,USA,10,3,1,,29,0
U0511,2023-05-01,starter,SaaS,11-50,paid_search,USA,8,4,0,3.0,29,0
U0511,2023-06-01,starter,SaaS,11-50,paid_search,USA,5,1,0,,29,0
U0511,2023-07-01,starter,SaaS,11-50,paid_search,USA,6,4,2,6.0,29,0
U0511,2023-08-01,starter,SaaS,11-50,paid_search,USA,6,1,0,5.0,29,0
U0511,2023-09-01,starter,SaaS,11-50,paid_search,USA,7,4,1,,29,0
U0511,2023-10-01,starter,SaaS,11-50,paid_search,USA,13,2,1,,29,0
U0511,2023-11-01,starter,SaaS,11-50,paid_search,USA,3,3,1,,29,0
U0511,2023-12-01,starter,SaaS,11-50,paid_search,USA,12,5,0,,29,0
U0512,2023-01-01,starter,Finance,51-200,referral,USA,9,2,3,,29,0
U0512,2023-02-01,starter,Finance,51-200,referral,USA,6,1,0,,29,0
U0512,2023-03-01,starter,Finance,51-200,referral,USA,7,3,1,,29,0
U0513,2023-01-01,enterprise,SaaS,1-10,organic,Other,42,10,0,,399,0
U0513,2023-02-01,enterprise,SaaS,1-10,organic,Other,35,10,0,,399,0
U0513,2023-03-01,enterprise,SaaS,1-10,organic,Other,50,9,0,,399,0
U0513,2023-04-01,enterprise,SaaS,1-10,organic,Other,29,10,0,,399,0
U0513,2023-05-01,enterprise,SaaS,1-10,organic,Other,32,10,1,,399,0
U0513,2023-06-01,enterprise,SaaS,1-10,organic,Other,26,9,0,,399,0
U0513,2023-07-01,enterprise,SaaS,1-10,organic,Other,23,10,0,,399,0
U0513,2023-08-01,enterprise,SaaS,1-10,organic,Other,26,10,1,,399,0
U0513,2023-09-01,enterprise,SaaS,1-10,organic,Other,37,10,0,,399,0
U0513,2023-10-01,enterprise,SaaS,1-10,organic,Other,47,10,0,,399,0
U0513,2023-11-01,enterprise,SaaS,1-10,organic,Other,54,9,0,,399,0
U0513,2023-12-01,enterprise,SaaS,1-10,organic,Other,35,10,0,,399,0
U0514,2023-01-01,pro,Retail,1-10,organic,UK,14,6,3,7.0,99,0
U0514,2023-02-01,pro,Retail,1-10,organic,UK,12,5,1,,99,0
U0514,2023-03-01,pro,Retail,1-10,organic,UK,17,6,1,,99,0
U0514,2023-04-01,pro,Retail,1-10,organic,UK,14,7,0,,99,0
U0514,2023-05-01,pro,Retail,1-10,organic,UK,25,9,2,,99,0
U0514,2023-06-01,pro,Retail,1-10,organic,UK,17,4,1,,99,0
U0515,2023-01-01,free,Education,201-1000,organic,Canada,2,3,0,,0,0
U0515,2023-02-01,free,Education,201-1000,organic,Canada,3,1,2,,0,0
U0515,2023-03-01,free,Education,201-1000,organic,Canada,3,2,0,7.0,0,0
U0516,2023-01-01,free,Ecommerce,1-10,organic,France,5,1,1,,0,0
U0516,2023-02-01,free,Ecommerce,1-10,organic,France,3,1,1,,0,0
U0517,2023-01-01,free,Education,201-1000,organic,Other,3,1,1,,0,0
U0517,2023-02-01,free,Education,201-1000,organic,Other,2,3,3,,0,0
U0517,2023-03-01,free,Education,201-1000,organic,Other,3,3,0,,0,0
U0517,2023-04-01,free,Education,201-1000,organic,Other,3,1,0,,0,0
U0517,2023-05-01,free,Education,201-1000,organic,Other,1,1,2,,0,0
U0517,2023-06-01,free,Education,201-1000,organic,Other,1,1,0,,0,0
U0517,2023-07-01,free,Education,201-1000,organic,Other,2,1,0,,0,0
U0517,2023-08-01,free,Education,201-1000,organic,Other,3,1,0,,0,0
U0517,2023-09-01,free,Education,201-1000,organic,Other,2,1,0,,0,0
U0517,2023-10-01,free,Education,201-1000,organic,Other,3,1,2,,0,0
U0517,2023-11-01,free,Education,201-1000,organic,Other,2,1,1,4.0,0,0
U0517,2023-12-01,free,Education,201-1000,organic,Other,1,1,0,5.0,0,0
U0518,2023-01-01,pro,Finance,1-10,referral,Canada,19,5,0,,99,0
U0518,2023-02-01,pro,Finance,1-10,referral,Canada,14,4,2,,99,0
U0518,2023-03-01,pro,Finance,1-10,referral,Canada,19,5,0,,99,0
U0518,2023-04-01,pro,Finance,1-10,referral,Canada,20,6,2,7.0,99,0
U0518,2023-05-01,pro,Finance,1-10,referral,Canada,17,4,1,,99,0
U0518,2023-06-01,pro,Finance,1-10,referral,Canada,15,3,1,,99,0
U0518,2023-07-01,pro,Finance,1-10,referral,Canada,30,7,2,,99,0
U0518,2023-08-01,pro,Finance,1-10,referral,Canada,9,5,0,,99,0
U0518,2023-09-01,pro,Finance,1-10,referral,Canada,24,4,0,,99,0
U0518,2023-10-01,pro,Finance,1-10,referral,Canada,12,4,1,,99,0
U0518,2023-11-01,pro,Finance,1-10,referral,Canada,24,2,3,,99,0
U0518,2023-12-01,pro,Finance,1-10,referral,Canada,19,7,0,,99,0
U0519,2023-01-01,enterprise,Education,51-200,social,Australia,33,10,1,,399,0
U0519,2023-02-01,enterprise,Education,51-200,social,Australia,32,10,2,7.0,399,0
U0519,2023-03-01,enterprise,Education,51-200,social,Australia,34,10,0,,399,0
U0519,2023-04-01,enterprise,Education,51-200,social,Australia,41,10,0,7.0,399,0
U0519,2023-05-01,enterprise,Education,51-200,social,Australia,35,10,0,7.0,399,0
U0519,2023-06-01,enterprise,Education,51-200,social,Australia,31,9,1,,399,0
U0519,2023-07-01,enterprise,Education,51-200,social,Australia,25,10,0,,399,0
U0519,2023-08-01,enterprise,Education,51-200,social,Australia,29,9,1,,399,0
U0519,2023-09-01,enterprise,Education,51-200,social,Australia,27,10,0,,399,0
U0519,2023-10-01,enterprise,Education,51-200,social,Australia,29,10,0,,399,0
U0519,2023-11-01,enterprise,Education,51-200,social,Australia,19,10,0,,399,0
U0519,2023-12-01,enterprise,Education,51-200,social,Australia,39,9,0,,399,0
U0520,2023-01-01,free,Finance,51-200,social,USA,1,2,0,,0,0
U0520,2023-02-01,free,Finance,51-200,social,USA,2,3,1,4.0,0,0
U0520,2023-03-01,free,Finance,51-200,social,USA,3,1,2,,0,0
U0520,2023-04-01,free,Finance,51-200,social,USA,1,1,1,,0,0
U0520,2023-05-01,free,Finance,51-200,social,USA,2,1,1,,0,0
U0520,2023-06-01,free,Finance,51-200,social,USA,2,1,2,,0,0
U0520,2023-07-01,free,Finance,51-200,social,USA,2,2,0,,0,0
U0520,2023-08-01,free,Finance,51-200,social,USA,3,1,1,,0,0
U0521,2023-01-01,starter,Finance,11-50,referral,USA,8,3,1,3.0,29,0
U0521,2023-02-01,starter,Finance,11-50,referral,USA,7,4,0,,29,0
U0521,2023-03-01,starter,Finance,11-50,referral,USA,3,1,3,,29,0
U0521,2023-04-01,starter,Finance,11-50,referral,USA,9,4,1,,29,0
U0521,2023-05-01,starter,Finance,11-50,referral,USA,10,1,3,,29,0
U0521,2023-06-01,starter,Finance,11-50,referral,USA,5,1,0,4.0,29,0
U0522,2023-01-01,free,Finance,11-50,organic,UK,3,1,0,,0,0
U0522,2023-02-01,free,Finance,11-50,organic,UK,2,1,0,,0,0
U0522,2023-03-01,free,Finance,11-50,organic,UK,2,1,1,,0,0
U0522,2023-04-01,free,Finance,11-50,organic,UK,1,1,1,7.0,0,0
U0523,2023-01-01,enterprise,Retail,1-10,organic,Germany,40,10,0,,399,0
U0523,2023-02-01,enterprise,Retail,1-10,organic,Germany,34,10,2,,399,0
U0523,2023-03-01,enterprise,Retail,1-10,organic,Germany,45,10,0,,399,0
U0523,2023-04-01,enterprise,Retail,1-10,organic,Germany,24,10,1,,399,0
U0523,2023-05-01,enterprise,Retail,1-10,organic,Germany,18,10,0,,399,0
U0524,2023-01-01,pro,Finance,1-10,organic,Germany,20,6,3,,99,0
U0524,2023-02-01,pro,Finance,1-10,organic,Germany,6,5,0,,99,0
U0524,2023-03-01,pro,Finance,1-10,organic,Germany,23,9,1,,99,0
U0524,2023-04-01,pro,Finance,1-10,organic,Germany,19,4,0,9.0,99,0
U0524,2023-05-01,pro,Finance,1-10,organic,Germany,14,4,2,,99,0
U0524,2023-06-01,pro,Finance,1-10,organic,Germany,15,6,2,,99,0
U0524,2023-07-01,pro,Finance,1-10,organic,Germany,19,7,0,,99,0
U0524,2023-08-01,pro,Finance,1-10,organic,Germany,20,4,1,5.0,99,0
U0524,2023-09-01,pro,Finance,1-10,organic,Germany,16,5,0,,99,0
U0524,2023-10-01,pro,Finance,1-10,organic,Germany,7,5,3,,99,0
U0524,2023-11-01,pro,Finance,1-10,organic,Germany,18,7,1,,99,0
U0524,2023-12-01,pro,Finance,1-10,organic,Germany,17,6,5,,99,0
U0525,2023-01-01,pro,Finance,11-50,organic,USA,12,5,1,,99,0
U0525,2023-02-01,pro,Finance,11-50,organic,USA,9,9,1,10.0,99,0
U0525,2023-03-01,pro,Finance,11-50,organic,USA,14,4,0,,99,0
U0525,2023-04-01,pro,Finance,11-50,organic,USA,12,3,0,7.0,99,0
U0525,2023-05-01,pro,Finance,11-50,organic,USA,19,5,0,,99,0
U0525,2023-06-01,pro,Finance,11-50,organic,USA,9,7,0,,99,0
U0525,2023-07-01,pro,Finance,11-50,organic,USA,22,5,1,,99,0
U0525,2023-08-01,pro,Finance,11-50,organic,USA,24,5,0,,99,0
U0525,2023-09-01,pro,Finance,11-50,organic,USA,15,5,0,,99,0
U0525,2023-10-01,pro,Finance,11-50,organic,USA,10,5,2,,99,0
U0526,2023-01-01,starter,Ecommerce,51-200,paid_search,USA,5,1,1,,29,0
U0526,2023-02-01,starter,Ecommerce,51-200,paid_search,USA,9,2,2,,29,0
U0526,2023-03-01,starter,Ecommerce,51-200,paid_search,USA,5,1,0,,29,0
U0526,2023-04-01,starter,Ecommerce,51-200,paid_search,USA,8,1,1,,29,0
U0526,2023-05-01,starter,Ecommerce,51-200,paid_search,USA,9,2,1,,29,0
U0526,2023-06-01,starter,Ecommerce,51-200,paid_search,USA,12,3,0,,29,0
U0526,2023-07-01,starter,Ecommerce,51-200,paid_search,USA,7,5,1,5.0,29,0
U0526,2023-08-01,starter,Ecommerce,51-200,paid_search,USA,9,2,0,,29,0
U0526,2023-09-01,starter,Ecommerce,51-200,paid_search,USA,5,3,1,,29,0
U0526,2023-10-01,starter,Ecommerce,51-200,paid_search,USA,9,5,0,,29,0
U0526,2023-11-01,starter,Ecommerce,51-200,paid_search,USA,7,1,1,,29,0
U0526,2023-12-01,starter,Ecommerce,51-200,paid_search,USA,6,2,1,,29,0
U0527,2023-01-01,starter,SaaS,201-1000,paid_search,Germany,10,5,3,7.0,29,0
U0527,2023-02-01,starter,SaaS,201-1000,paid_search,Germany,9,1,1,,29,0
U0527,2023-03-01,starter,SaaS,201-1000,paid_search,Germany,8,1,3,,29,0
U0527,2023-04-01,starter,SaaS,201-1000,paid_search,Germany,10,3,2,,29,0
U0529,2023-01-01,free,SaaS,51-200,paid_search,Canada,3,1,0,,0,0
U0529,2023-02-01,free,SaaS,51-200,paid_search,Canada,2,1,2,8.0,0,0
U0529,2023-03-01,free,SaaS,51-200,paid_search,Canada,4,1,0,,0,0
U0529,2023-04-01,free,SaaS,51-200,paid_search,Canada,2,1,0,8.0,0,0
U0529,2023-05-01,free,SaaS,51-200,paid_search,Canada,3,2,0,7.0,0,0
U0529,2023-06-01,free,SaaS,51-200,paid_search,Canada,2,1,0,,0,0
U0529,2023-07-01,free,SaaS,51-200,paid_search,Canada,1,1,0,,0,0
U0529,2023-08-01,free,SaaS,51-200,paid_search,Canada,3,1,1,,0,0
U0530,2023-01-01,pro,Finance,51-200,social,Germany,24,6,0,,99,0
U0530,2023-02-01,pro,Finance,51-200,social,Germany,14,7,0,,99,0
U0530,2023-03-01,pro,Finance,51-200,social,Germany,13,5,0,,99,0
U0530,2023-04-01,pro,Finance,51-200,social,Germany,20,3,0,,99,0
U0530,2023-05-01,pro,Finance,51-200,social,Germany,22,2,2,7.0,99,0
U0530,2023-06-01,pro,Finance,51-200,social,Germany,27,5,1,,99,0
U0530,2023-07-01,pro,Finance,51-200,social,Germany,25,3,0,,99,0
U0530,2023-08-01,pro,Finance,51-200,social,Germany,18,3,1,,99,0
U0530,2023-09-01,pro,Finance,51-200,social,Germany,11,6,3,,99,0
U0530,2023-10-01,pro,Finance,51-200,social,Germany,19,5,0,,99,0
U0530,2023-11-01,pro,Finance,51-200,social,Germany,18,6,1,,99,0
U0530,2023-12-01,pro,Finance,51-200,social,Germany,15,6,0,,99,0
U0531,2023-01-01,pro,Ecommerce,51-200,referral,India,25,5,0,,99,0
U0531,2023-02-01,pro,Ecommerce,51-200,referral,India,18,5,2,,99,0
U0531,2023-03-01,pro,Ecommerce,51-200,referral,India,26,6,0,8.0,99,0
U0531,2023-04-01,pro,Ecommerce,51-200,referral,India,22,8,2,,99,0
U0531,2023-05-01,pro,Ecommerce,51-200,referral,India,17,7,1,,99,0
U0531,2023-06-01,pro,Ecommerce,51-200,referral,India,14,5,1,,99,0
U0531,2023-07-01,pro,Ecommerce,51-200,referral,India,17,6,2,6.0,99,0
U0531,2023-08-01,pro,Ecommerce,51-200,referral,India,13,4,3,,99,0
U0532,2023-01-01,enterprise,Education,1-10,organic,India,23,10,1,,399,0
U0532,2023-02-01,enterprise,Education,1-10,organic,India,17,10,1,,399,0
U0532,2023-03-01,enterprise,Education,1-10,organic,India,37,10,0,,399,0
U0532,2023-04-01,enterprise,Education,1-10,organic,India,51,10,0,,399,0
U0532,2023-05-01,enterprise,Education,1-10,organic,India,36,10,0,,399,0
U0532,2023-06-01,enterprise,Education,1-10,organic,India,30,9,0,,399,0
U0532,2023-07-01,enterprise,Education,1-10,organic,India,41,10,0,,399,0
U0532,2023-08-01,enterprise,Education,1-10,organic,India,26,10,0,5.0,399,0
U0532,2023-09-01,enterprise,Education,1-10,organic,India,28,10,0,,399,0
U0532,2023-10-01,enterprise,Education,1-10,organic,India,38,9,2,6.0,399,0
U0532,2023-11-01,enterprise,Education,1-10,organic,India,23,9,0,,399,0
U0532,2023-12-01,enterprise,Education,1-10,organic,India,37,10,0,8.0,399,0
U0533,2023-01-01,enterprise,Ecommerce,201-1000,social,France,39,10,2,,399,0
U0533,2023-02-01,enterprise,Ecommerce,201-1000,social,France,41,10,0,,399,0
U0533,2023-03-01,enterprise,Ecommerce,201-1000,social,France,34,10,0,,399,0
U0533,2023-04-01,enterprise,Ecommerce,201-1000,social,France,36,10,0,,399,0
U0533,2023-05-01,enterprise,Ecommerce,201-1000,social,France,50,10,0,8.0,399,0
U0533,2023-06-01,enterprise,Ecommerce,201-1000,social,France,19,10,0,,399,0
U0533,2023-07-01,enterprise,Ecommerce,201-1000,social,France,41,10,0,,399,0
U0533,2023-08-01,enterprise,Ecommerce,201-1000,social,France,21,10,1,,399,0
U0533,2023-09-01,enterprise,Ecommerce,201-1000,social,France,30,8,0,,399,0
U0533,2023-10-01,enterprise,Ecommerce,201-1000,social,France,26,10,1,,399,0
U0533,2023-11-01,enterprise,Ecommerce,201-1000,social,France,20,10,0,,399,0
U0533,2023-12-01,enterprise,Ecommerce,201-1000,social,France,23,10,0,,399,0
U0534,2023-01-01,starter,Finance,51-200,direct,UK,9,1,1,,29,0
U0534,2023-02-01,starter,Finance,51-200,direct,UK,4,3,0,,29,0
U0534,2023-03-01,starter,Finance,51-200,direct,UK,8,4,0,,29,0
U0534,2023-04-01,starter,Finance,51-200,direct,UK,9,1,0,,29,0
U0534,2023-05-01,starter,Finance,51-200,direct,UK,9,2,0,,29,0
U0535,2023-01-01,pro,Ecommerce,11-50,organic,India,26,7,1,,99,0
U0535,2023-02-01,pro,Ecommerce,11-50,organic,India,20,4,2,,99,0
U0535,2023-03-01,pro,Ecommerce,11-50,organic,India,20,4,1,,99,0
U0535,2023-04-01,pro,Ecommerce,11-50,organic,India,33,6,3,,99,0
U0535,2023-05-01,pro,Ecommerce,11-50,organic,India,19,6,0,,99,0
U0535,2023-06-01,pro,Ecommerce,11-50,organic,India,19,5,0,,99,0
U0535,2023-07-01,pro,Ecommerce,11-50,organic,India,12,6,0,,99,0
U0535,2023-08-01,pro,Ecommerce,11-50,organic,India,28,2,0,,99,0
U0535,2023-09-01,pro,Ecommerce,11-50,organic,India,15,5,0,5.0,99,0
U0535,2023-10-01,pro,Ecommerce,11-50,organic,India,24,6,0,,99,0
U0535,2023-11-01,pro,Ecommerce,11-50,organic,India,12,3,1,,99,0
U0535,2023-12-01,pro,Ecommerce,11-50,organic,India,21,6,1,7.0,99,0
U0536,2023-01-01,enterprise,Ecommerce,1-10,paid_search,Canada,18,10,0,,399,0
U0536,2023-02-01,enterprise,Ecommerce,1-10,paid_search,Canada,55,10,1,6.0,399,0
U0536,2023-03-01,enterprise,Ecommerce,1-10,paid_search,Canada,46,10,0,8.0,399,0
U0536,2023-04-01,enterprise,Ecommerce,1-10,paid_search,Canada,39,10,0,,399,0
U0536,2023-05-01,enterprise,Ecommerce,1-10,paid_search,Canada,36,10,0,,399,0
U0536,2023-06-01,enterprise,Ecommerce,1-10,paid_search,Canada,52,10,0,,399,0
U0536,2023-07-01,enterprise,Ecommerce,1-10,paid_search,Canada,54,10,1,,399,0
U0536,2023-08-01,enterprise,Ecommerce,1-10,paid_search,Canada,34,10,0,7.0,399,0
U0536,2023-09-01,enterprise,Ecommerce,1-10,paid_search,Canada,40,10,0,,399,0
U0536,2023-10-01,enterprise,Ecommerce,1-10,paid_search,Canada,43,10,0,,399,0
U0536,2023-11-01,enterprise,Ecommerce,1-10,paid_search,Canada,35,7,0,,399,0
U0536,2023-12-01,enterprise,Ecommerce,1-10,paid_search,Canada,35,10,0,,399,0
U0537,2023-01-01,pro,Finance,11-50,paid_search,USA,14,6,1,8.0,99,0
U0537,2023-02-01,pro,Finance,11-50,paid_search,USA,14,4,0,,99,0
U0537,2023-03-01,pro,Finance,11-50,paid_search,USA,16,3,0,,99,0
U0537,2023-04-01,pro,Finance,11-50,paid_search,USA,24,5,0,,99,0
U0537,2023-05-01,pro,Finance,11-50,paid_search,USA,16,5,0,,99,0
U0537,2023-06-01,pro,Finance,11-50,paid_search,USA,22,5,0,,99,0
U0537,2023-07-01,pro,Finance,11-50,paid_search,USA,22,7,0,,99,0
U0537,2023-08-01,pro,Finance,11-50,paid_search,USA,15,5,1,,99,0
U0537,2023-09-01,pro,Finance,11-50,paid_search,USA,10,6,1,,99,0
U0537,2023-10-01,pro,Finance,11-50,paid_search,USA,24,3,0,,99,0
U0537,2023-11-01,pro,Finance,11-50,paid_search,USA,25,3,3,,99,0
U0537,2023-12-01,pro,Finance,11-50,paid_search,USA,16,6,1,,99,0
U0538,2023-01-01,free,Retail,11-50,direct,USA,4,1,0,,0,0
U0538,2023-02-01,free,Retail,11-50,direct,USA,2,2,2,,0,0
U0538,2023-03-01,free,Retail,11-50,direct,USA,3,1,1,,0,0
U0538,2023-04-01,free,Retail,11-50,direct,USA,2,1,1,,0,0
U0538,2023-05-01,free,Retail,11-50,direct,USA,1,2,1,,0,0
U0538,2023-06-01,free,Retail,11-50,direct,USA,2,2,1,,0,0
U0538,2023-07-01,free,Retail,11-50,direct,USA,4,4,0,,0,0
U0538,2023-08-01,free,Retail,11-50,direct,USA,2,3,2,,0,0
U0538,2023-09-01,free,Retail,11-50,direct,USA,2,1,0,,0,0
U0538,2023-10-01,free,Retail,11-50,direct,USA,2,1,1,,0,0
U0538,2023-11-01,free,Retail,11-50,direct,USA,2,1,0,,0,0
U0538,2023-12-01,free,Retail,11-50,direct,USA,3,2,2,,0,0
U0539,2023-01-01,starter,Ecommerce,201-1000,social,USA,9,2,1,4.0,29,0
U0539,2023-02-01,starter,Ecommerce,201-1000,social,USA,10,1,3,,29,0
U0539,2023-03-01,starter,Ecommerce,201-1000,social,USA,8,2,0,,29,0
U0539,2023-04-01,starter,Ecommerce,201-1000,social,USA,8,1,2,8.0,29,0
U0539,2023-05-01,starter,Ecommerce,201-1000,social,USA,7,2,1,,29,0
U0539,2023-06-01,starter,Ecommerce,201-1000,social,USA,6,2,1,,29,0
U0539,2023-07-01,starter,Ecommerce,201-1000,social,USA,7,2,0,7.0,29,0
U0539,2023-08-01,starter,Ecommerce,201-1000,social,USA,12,3,0,,29,0
U0539,2023-09-01,starter,Ecommerce,201-1000,social,USA,8,2,1,,29,0
U0539,2023-10-01,starter,Ecommerce,201-1000,social,USA,7,1,0,,29,0
U0539,2023-11-01,starter,Ecommerce,201-1000,social,USA,11,5,1,,29,0
U0540,2023-01-01,free,Healthcare,11-50,organic,UK,2,1,3,,0,0
U0541,2023-01-01,enterprise,Healthcare,11-50,paid_search,Canada,49,10,1,,399,0
U0541,2023-02-01,enterprise,Healthcare,11-50,paid_search,Canada,46,10,0,,399,0
U0541,2023-03-01,enterprise,Healthcare,11-50,paid_search,Canada,44,10,0,,399,0
U0541,2023-04-01,enterprise,Healthcare,11-50,paid_search,Canada,37,10,0,,399,0
U0541,2023-05-01,enterprise,Healthcare,11-50,paid_search,Canada,71,10,0,,399,0
U0541,2023-06-01,enterprise,Healthcare,11-50,paid_search,Canada,28,10,0,,399,0
U0541,2023-07-01,enterprise,Healthcare,11-50,paid_search,Canada,30,10,0,,399,0
U0541,2023-08-01,enterprise,Healthcare,11-50,paid_search,Canada,39,10,0,6.0,399,0
U0541,2023-09-01,enterprise,Healthcare,11-50,paid_search,Canada,31,10,0,,399,0
U0541,2023-10-01,enterprise,Healthcare,11-50,paid_search,Canada,18,10,0,9.0,399,0
U0541,2023-11-01,enterprise,Healthcare,11-50,paid_search,Canada,44,10,0,,399,0
U0541,2023-12-01,enterprise,Healthcare,11-50,paid_search,Canada,29,10,0,5.0,399,0
U0542,2023-01-01,starter,Ecommerce,1000+,paid_search,Australia,10,4,2,,29,0
U0542,2023-02-01,starter,Ecommerce,1000+,paid_search,Australia,8,1,0,,29,0
U0542,2023-03-01,starter,Ecommerce,1000+,paid_search,Australia,10,1,2,,29,0
U0542,2023-04-01,starter,Ecommerce,1000+,paid_search,Australia,11,4,1,,29,0
U0542,2023-05-01,starter,Ecommerce,1000+,paid_search,Australia,8,1,3,3.0,29,0
U0542,2023-06-01,starter,Ecommerce,1000+,paid_search,Australia,5,3,1,,29,0
U0542,2023-07-01,starter,Ecommerce,1000+,paid_search,Australia,10,5,1,,29,0
U0542,2023-08-01,starter,Ecommerce,1000+,paid_search,Australia,5,3,1,8.0,29,0
U0542,2023-09-01,starter,Ecommerce,1000+,paid_search,Australia,7,1,0,,29,0
U0542,2023-10-01,starter,Ecommerce,1000+,paid_search,Australia,6,2,1,,29,0
U0542,2023-11-01,starter,Ecommerce,1000+,paid_search,Australia,5,2,1,,29,0
U0542,2023-12-01,starter,Ecommerce,1000+,paid_search,Australia,7,3,1,4.0,29,0
U0543,2023-01-01,free,Retail,1-10,paid_search,USA,3,1,0,,0,0
U0543,2023-02-01,free,Retail,1-10,paid_search,USA,2,2,1,,0,0
U0543,2023-03-01,free,Retail,1-10,paid_search,USA,3,1,1,,0,0
U0543,2023-04-01,free,Retail,1-10,paid_search,USA,2,1,0,,0,0
U0543,2023-05-01,free,Retail,1-10,paid_search,USA,3,1,1,,0,0
U0543,2023-06-01,free,Retail,1-10,paid_search,USA,2,1,1,,0,0
U0543,2023-07-01,free,Retail,1-10,paid_search,USA,3,1,2,6.0,0,0
U0543,2023-08-01,free,Retail,1-10,paid_search,USA,2,2,0,,0,0
U0543,2023-09-01,free,Retail,1-10,paid_search,USA,2,1,2,,0,0
U0544,2023-01-01,starter,Education,11-50,organic,USA,6,3,0,,29,0
U0544,2023-02-01,starter,Education,11-50,organic,USA,1,3,1,7.0,29,0
U0544,2023-03-01,starter,Education,11-50,organic,USA,8,3,0,,29,0
U0544,2023-04-01,starter,Education,11-50,organic,USA,6,2,0,4.0,29,0
U0544,2023-05-01,starter,Education,11-50,organic,USA,7,1,0,8.0,29,0
U0544,2023-06-01,starter,Education,11-50,organic,USA,9,1,1,,29,0
U0544,2023-07-01,starter,Education,11-50,organic,USA,7,1,0,,29,0
U0544,2023-08-01,starter,Education,11-50,organic,USA,10,5,0,6.0,29,0
U0544,2023-09-01,starter,Education,11-50,organic,USA,8,4,2,,29,0
U0544,2023-10-01,starter,Education,11-50,organic,USA,10,1,1,,29,0
U0544,2023-11-01,starter,Education,11-50,organic,USA,10,1,0,,29,0
U0544,2023-12-01,starter,Education,11-50,organic,USA,9,2,2,3.0,29,0
U0545,2023-01-01,starter,Finance,1-10,social,Other,8,1,1,4.0,29,0
U0545,2023-02-01,starter,Finance,1-10,social,Other,7,4,0,,29,0
U0545,2023-03-01,starter,Finance,1-10,social,Other,6,2,2,,29,0
U0545,2023-04-01,starter,Finance,1-10,social,Other,10,1,1,,29,0
U0545,2023-05-01,starter,Finance,1-10,social,Other,7,1,1,,29,0
U0545,2023-06-01,starter,Finance,1-10,social,Other,8,1,2,,29,0
U0545,2023-07-01,starter,Finance,1-10,social,Other,9,1,0,,29,0
U0545,2023-08-01,starter,Finance,1-10,social,Other,8,1,1,,29,0
U0545,2023-09-01,starter,Finance,1-10,social,Other,9,1,1,,29,0
U0545,2023-10-01,starter,Finance,1-10,social,Other,5,5,1,5.0,29,0
U0545,2023-11-01,starter,Finance,1-10,social,Other,3,1,2,,29,0
U0545,2023-12-01,starter,Finance,1-10,social,Other,6,2,1,,29,0
U0546,2023-01-01,free,Healthcare,51-200,referral,USA,3,2,0,,0,0
U0546,2023-02-01,free,Healthcare,51-200,referral,USA,4,1,3,,0,0
U0546,2023-03-01,free,Healthcare,51-200,referral,USA,2,1,1,3.0,0,0
U0546,2023-04-01,free,Healthcare,51-200,referral,USA,3,1,1,,0,0
U0546,2023-05-01,free,Healthcare,51-200,referral,USA,4,1,0,3.0,0,0
U0547,2023-01-01,free,Education,201-1000,social,UK,2,1,0,,0,0
U0547,2023-02-01,free,Education,201-1000,social,UK,1,4,1,,0,0
U0547,2023-03-01,free,Education,201-1000,social,UK,3,3,0,,0,0
U0548,2023-01-01,starter,Ecommerce,1-10,social,Canada,5,2,1,,29,0
U0548,2023-02-01,starter,Ecommerce,1-10,social,Canada,8,3,0,,29,0
U0548,2023-03-01,starter,Ecommerce,1-10,social,Canada,7,4,2,,29,0
U0548,2023-04-01,starter,Ecommerce,1-10,social,Canada,11,1,0,9.0,29,0
U0548,2023-05-01,starter,Ecommerce,1-10,social,Canada,6,2,0,,29,0
U0548,2023-06-01,starter,Ecommerce,1-10,social,Canada,7,4,2,,29,0
U0548,2023-07-01,starter,Ecommerce,1-10,social,Canada,7,4,0,,29,0
U0548,2023-08-01,starter,Ecommerce,1-10,social,Canada,9,2,0,,29,0
U0548,2023-09-01,starter,Ecommerce,1-10,social,Canada,9,1,0,3.0,29,0
U0548,2023-10-01,starter,Ecommerce,1-10,social,Canada,6,3,0,,29,0
U0548,2023-11-01,starter,Ecommerce,1-10,social,Canada,7,1,1,,29,0
U0548,2023-12-01,starter,Ecommerce,1-10,social,Canada,8,2,0,,29,0
U0549,2023-01-01,starter,Education,201-1000,referral,Canada,8,3,0,,29,0
U0549,2023-02-01,starter,Education,201-1000,referral,Canada,8,1,1,,29,0
U0549,2023-03-01,starter,Education,201-1000,referral,Canada,5,1,0,3.0,29,0
U0549,2023-04-01,starter,Education,201-1000,referral,Canada,10,1,0,,29,0
U0549,2023-05-01,starter,Education,201-1000,referral,Canada,7,4,0,,29,0
U0549,2023-06-01,starter,Education,201-1000,referral,Canada,12,5,0,,29,0
U0549,2023-07-01,starter,Education,201-1000,referral,Canada,5,2,1,,29,0
U0549,2023-08-01,starter,Education,201-1000,referral,Canada,7,4,0,,29,0
U0549,2023-09-01,starter,Education,201-1000,referral,Canada,5,1,0,,29,0
U0550,2023-01-01,pro,SaaS,1-10,paid_search,USA,13,8,0,,99,0
U0550,2023-02-01,pro,SaaS,1-10,paid_search,USA,19,6,0,,99,0
U0551,2023-01-01,starter,Healthcare,201-1000,referral,USA,10,3,0,,29,0
U0551,2023-02-01,starter,Healthcare,201-1000,referral,USA,8,3,0,,29,0
U0551,2023-03-01,starter,Healthcare,201-1000,referral,USA,12,2,0,,29,0
U0551,2023-04-01,starter,Healthcare,201-1000,referral,USA,9,2,1,,29,0
U0551,2023-05-01,starter,Healthcare,201-1000,referral,USA,8,5,0,,29,0
U0551,2023-06-01,starter,Healthcare,201-1000,referral,USA,5,2,1,,29,0
U0551,2023-07-01,starter,Healthcare,201-1000,referral,USA,9,1,1,,29,0
U0551,2023-08-01,starter,Healthcare,201-1000,referral,USA,3,3,1,,29,0
U0551,2023-09-01,starter,Healthcare,201-1000,referral,USA,9,1,2,,29,0
U0551,2023-10-01,starter,Healthcare,201-1000,referral,USA,11,1,1,,29,0
U0551,2023-11-01,starter,Healthcare,201-1000,referral,USA,12,2,0,,29,0
U0551,2023-12-01,starter,Healthcare,201-1000,referral,USA,7,5,1,,29,0
U0552,2023-01-01,pro,Ecommerce,51-200,organic,USA,13,3,2,,99,0
U0552,2023-02-01,pro,Ecommerce,51-200,organic,USA,23,4,0,,99,0
U0552,2023-03-01,pro,Ecommerce,51-200,organic,USA,19,6,0,,99,0
U0552,2023-04-01,pro,Ecommerce,51-200,organic,USA,12,6,1,,99,0
U0552,2023-05-01,pro,Ecommerce,51-200,organic,USA,4,2,0,,99,0
U0552,2023-06-01,pro,Ecommerce,51-200,organic,USA,20,6,0,7.0,99,0
U0552,2023-07-01,pro,Ecommerce,51-200,organic,USA,19,6,0,,99,0
U0552,2023-08-01,pro,Ecommerce,51-200,organic,USA,15,5,0,,99,0
U0552,2023-09-01,pro,Ecommerce,51-200,organic,USA,18,6,0,,99,0
U0552,2023-10-01,pro,Ecommerce,51-200,organic,USA,11,8,0,,99,0
U0552,2023-11-01,pro,Ecommerce,51-200,organic,USA,22,4,2,,99,0
U0552,2023-12-01,pro,Ecommerce,51-200,organic,USA,21,2,0,,99,0
U0553,2023-01-01,starter,Finance,201-1000,referral,Canada,5,2,0,,29,0
U0553,2023-02-01,starter,Finance,201-1000,referral,Canada,7,1,1,,29,0
U0553,2023-03-01,starter,Finance,201-1000,referral,Canada,7,1,1,,29,0
U0553,2023-04-01,starter,Finance,201-1000,referral,Canada,8,1,0,,29,0
U0553,2023-05-01,starter,Finance,201-1000,referral,Canada,9,4,0,,29,0
U0553,2023-06-01,starter,Finance,201-1000,referral,Canada,9,1,0,,29,0
U0553,2023-07-01,starter,Finance,201-1000,referral,Canada,9,4,1,,29,0
U0553,2023-08-01,starter,Finance,201-1000,referral,Canada,12,1,1,,29,0
U0553,2023-09-01,starter,Finance,201-1000,referral,Canada,3,2,1,,29,0
U0553,2023-10-01,starter,Finance,201-1000,referral,Canada,8,3,1,,29,0
U0553,2023-11-01,starter,Finance,201-1000,referral,Canada,8,2,1,,29,0
U0553,2023-12-01,starter,Finance,201-1000,referral,Canada,5,4,1,,29,0
U0554,2023-01-01,starter,Retail,1-10,organic,Canada,8,3,2,,29,0
U0554,2023-02-01,starter,Retail,1-10,organic,Canada,10,5,0,,29,0
U0554,2023-03-01,starter,Retail,1-10,organic,Canada,10,3,0,,29,0
U0556,2023-01-01,starter,Finance,51-200,organic,Germany,9,4,3,,29,0
U0557,2023-01-01,free,Retail,11-50,organic,Australia,1,1,1,,0,0
U0559,2023-01-01,pro,Ecommerce,1-10,organic,UK,23,6,1,,99,0
U0559,2023-02-01,pro,Ecommerce,1-10,organic,UK,17,7,0,5.0,99,0
U0559,2023-03-01,pro,Ecommerce,1-10,organic,UK,21,7,0,,99,0
U0559,2023-04-01,pro,Ecommerce,1-10,organic,UK,20,6,1,,99,0
U0559,2023-05-01,pro,Ecommerce,1-10,organic,UK,11,7,0,,99,0
U0560,2023-01-01,starter,Education,201-1000,referral,Germany,7,1,1,8.0,29,0
U0561,2023-01-01,pro,Education,1-10,referral,USA,18,4,0,,99,0
U0561,2023-02-01,pro,Education,1-10,referral,USA,20,5,0,,99,0
U0561,2023-03-01,pro,Education,1-10,referral,USA,8,7,2,,99,0
U0561,2023-04-01,pro,Education,1-10,referral,USA,19,8,1,,99,0
U0561,2023-05-01,pro,Education,1-10,referral,USA,21,6,1,,99,0
U0561,2023-06-01,pro,Education,1-10,referral,USA,20,4,1,,99,0
U0564,2023-01-01,free,SaaS,1-10,organic,France,2,1,1,,0,0
U0564,2023-02-01,free,SaaS,1-10,organic,France,2,1,1,,0,0
U0564,2023-03-01,free,SaaS,1-10,organic,France,3,1,0,,0,0
U0564,2023-04-01,free,SaaS,1-10,organic,France,2,1,1,5.0,0,0
U0564,2023-05-01,free,SaaS,1-10,organic,France,2,1,0,5.0,0,0
U0564,2023-06-01,free,SaaS,1-10,organic,France,3,2,1,,0,0
U0564,2023-07-01,free,SaaS,1-10,organic,France,2,1,3,,0,0
U0564,2023-08-01,free,SaaS,1-10,organic,France,3,1,1,,0,0
U0564,2023-09-01,free,SaaS,1-10,organic,France,1,1,1,,0,0
U0564,2023-10-01,free,SaaS,1-10,organic,France,3,1,0,,0,0
U0564,2023-11-01,free,SaaS,1-10,organic,France,2,1,0,,0,0
U0564,2023-12-01,free,SaaS,1-10,organic,France,3,1,0,,0,0
U0565,2023-01-01,free,Retail,1-10,organic,Australia,4,2,0,,0,0
U0565,2023-02-01,free,Retail,1-10,organic,Australia,2,1,1,,0,0
U0565,2023-03-01,free,Retail,1-10,organic,Australia,2,2,0,,0,0
U0565,2023-04-01,free,Retail,1-10,organic,Australia,2,1,0,6.0,0,0
U0565,2023-05-01,free,Retail,1-10,organic,Australia,3,3,1,,0,0
U0566,2023-01-01,starter,Retail,1-10,organic,Canada,9,3,0,,29,0
U0566,2023-02-01,starter,Retail,1-10,organic,Canada,16,3,0,,29,0
U0566,2023-03-01,starter,Retail,1-10,organic,Canada,4,1,1,,29,0
U0566,2023-04-01,starter,Retail,1-10,organic,Canada,7,2,1,,29,0
U0566,2023-05-01,starter,Retail,1-10,organic,Canada,9,1,2,,29,0
U0567,2023-01-01,free,Finance,11-50,social,India,4,2,0,,0,0
U0567,2023-02-01,free,Finance,11-50,social,India,2,1,1,6.0,0,0
U0567,2023-03-01,free,Finance,11-50,social,India,2,1,1,,0,0
U0567,2023-04-01,free,Finance,11-50,social,India,2,1,0,,0,0
U0568,2023-01-01,starter,Education,11-50,organic,USA,8,1,0,,29,0
U0568,2023-02-01,starter,Education,11-50,organic,USA,8,2,0,,29,0
U0569,2023-01-01,enterprise,Retail,11-50,paid_search,Germany,38,10,0,,399,0
U0569,2023-02-01,enterprise,Retail,11-50,paid_search,Germany,34,10,0,,399,0
U0569,2023-03-01,enterprise,Retail,11-50,paid_search,Germany,43,10,0,6.0,399,0
U0569,2023-04-01,enterprise,Retail,11-50,paid_search,Germany,46,10,0,,399,0
U0569,2023-05-01,enterprise,Retail,11-50,paid_search,Germany,50,10,0,,399,0
U0569,2023-06-01,enterprise,Retail,11-50,paid_search,Germany,27,10,0,,399,0
U0569,2023-07-01,enterprise,Retail,11-50,paid_search,Germany,24,10,1,,399,0
U0569,2023-08-01,enterprise,Retail,11-50,paid_search,Germany,27,10,1,,399,0
U0569,2023-09-01,enterprise,Retail,11-50,paid_search,Germany,44,10,2,,399,0
U0569,2023-10-01,enterprise,Retail,11-50,paid_search,Germany,24,10,0,,399,0
U0569,2023-11-01,enterprise,Retail,11-50,paid_search,Germany,26,10,0,,399,0
U0569,2023-12-01,enterprise,Retail,11-50,paid_search,Germany,50,10,0,,399,0
U0570,2023-01-01,free,SaaS,1-10,organic,UK,2,2,0,,0,0
U0570,2023-02-01,free,SaaS,1-10,organic,UK,2,1,1,,0,0
U0570,2023-03-01,free,SaaS,1-10,organic,UK,3,1,2,,0,0
U0570,2023-04-01,free,SaaS,1-10,organic,UK,1,1,1,,0,0
U0570,2023-05-01,free,SaaS,1-10,organic,UK,2,3,1,,0,0
U0571,2023-01-01,starter,Finance,1-10,organic,USA,11,2,2,,29,0
U0571,2023-02-01,starter,Finance,1-10,organic,USA,12,2,0,8.0,29,0
U0571,2023-03-01,starter,Finance,1-10,organic,USA,10,1,2,,29,0
U0571,2023-04-01,starter,Finance,1-10,organic,USA,10,1,1,,29,0
U0571,2023-05-01,starter,Finance,1-10,organic,USA,10,4,2,,29,0
U0571,2023-06-01,starter,Finance,1-10,organic,USA,8,5,0,,29,0
U0571,2023-07-01,starter,Finance,1-10,organic,USA,11,3,1,,29,0
U0572,2023-01-01,pro,Ecommerce,51-200,paid_search,India,18,4,0,,99,0
U0572,2023-02-01,pro,Ecommerce,51-200,paid_search,India,13,7,1,,99,0
U0573,2023-01-01,free,Retail,1-10,referral,Canada,3,1,0,,0,0
U0574,2023-01-01,starter,SaaS,201-1000,organic,USA,9,1,2,,29,0
U0574,2023-02-01,starter,SaaS,201-1000,organic,USA,1,2,1,,29,0
U0574,2023-03-01,starter,SaaS,201-1000,organic,USA,6,1,1,3.0,29,0
U0574,2023-04-01,starter,SaaS,201-1000,organic,USA,9,7,0,,29,0
U0574,2023-05-01,starter,SaaS,201-1000,organic,USA,8,4,0,4.0,29,0
U0575,2023-01-01,pro,Healthcare,201-1000,organic,France,23,5,0,,99,0
U0575,2023-02-01,pro,Healthcare,201-1000,organic,France,17,5,0,,99,0
U0575,2023-03-01,pro,Healthcare,201-1000,organic,France,22,4,0,,99,0
U0575,2023-04-01,pro,Healthcare,201-1000,organic,France,9,7,2,,99,0
U0575,2023-05-01,pro,Healthcare,201-1000,organic,France,25,6,1,,99,0
U0575,2023-06-01,pro,Healthcare,201-1000,organic,France,15,5,0,,99,0
U0575,2023-07-01,pro,Healthcare,201-1000,organic,France,17,6,1,,99,0
U0575,2023-08-01,pro,Healthcare,201-1000,organic,France,17,5,0,,99,0
U0575,2023-09-01,pro,Healthcare,201-1000,organic,France,19,6,1,,99,0
U0575,2023-10-01,pro,Healthcare,201-1000,organic,France,12,5,0,9.0,99,0
U0575,2023-11-01,pro,Healthcare,201-1000,organic,France,11,8,0,,99,0
U0575,2023-12-01,pro,Healthcare,201-1000,organic,France,16,5,0,8.0,99,0
U0576,2023-01-01,enterprise,SaaS,51-200,paid_search,USA,40,10,0,,399,0
U0576,2023-02-01,enterprise,SaaS,51-200,paid_search,USA,19,10,1,,399,0
U0576,2023-03-01,enterprise,SaaS,51-200,paid_search,USA,30,10,0,,399,0
U0576,2023-04-01,enterprise,SaaS,51-200,paid_search,USA,23,10,1,7.0,399,0
U0576,2023-05-01,enterprise,SaaS,51-200,paid_search,USA,38,10,0,,399,0
U0576,2023-06-01,enterprise,SaaS,51-200,paid_search,USA,54,10,0,,399,0
U0576,2023-07-01,enterprise,SaaS,51-200,paid_search,USA,47,9,0,8.0,399,0
U0576,2023-08-01,enterprise,SaaS,51-200,paid_search,USA,39,10,1,,399,0
U0576,2023-09-01,enterprise,SaaS,51-200,paid_search,USA,28,10,0,,399,0
U0576,2023-10-01,enterprise,SaaS,51-200,paid_search,USA,29,9,0,,399,0
U0576,2023-11-01,enterprise,SaaS,51-200,paid_search,USA,37,10,1,9.0,399,0
U0576,2023-12-01,enterprise,SaaS,51-200,paid_search,USA,37,10,0,,399,0
U0577,2023-01-01,free,SaaS,11-50,organic,USA,1,2,1,,0,0
U0577,2023-02-01,free,SaaS,11-50,organic,USA,2,3,0,4.0,0,0
U0577,2023-03-01,free,SaaS,11-50,organic,USA,4,3,1,,0,0
U0577,2023-04-01,free,SaaS,11-50,organic,USA,1,1,1,,0,0
U0577,2023-05-01,free,SaaS,11-50,organic,USA,3,1,0,,0,0
U0577,2023-06-01,free,SaaS,11-50,organic,USA,3,2,0,,0,0
U0577,2023-07-01,free,SaaS,11-50,organic,USA,3,1,1,,0,0
U0577,2023-08-01,free,SaaS,11-50,organic,USA,1,1,0,7.0,0,0
U0577,2023-09-01,free,SaaS,11-50,organic,USA,1,1,1,,0,0
U0577,2023-10-01,free,SaaS,11-50,organic,USA,2,1,2,,0,0
U0577,2023-11-01,free,SaaS,11-50,organic,USA,2,1,0,,0,0
U0577,2023-12-01,free,SaaS,11-50,organic,USA,3,1,0,,0,0
U0578,2023-01-01,enterprise,Finance,201-1000,organic,USA,27,10,0,,399,0
U0578,2023-02-01,enterprise,Finance,201-1000,organic,USA,52,10,0,8.0,399,0
U0578,2023-03-01,enterprise,Finance,201-1000,organic,USA,23,10,1,,399,0
U0578,2023-04-01,enterprise,Finance,201-1000,organic,USA,44,10,0,,399,0
U0578,2023-05-01,enterprise,Finance,201-1000,organic,USA,18,10,0,,399,0
U0578,2023-06-01,enterprise,Finance,201-1000,organic,USA,24,9,1,,399,0
U0578,2023-07-01,enterprise,Finance,201-1000,organic,USA,48,10,0,,399,0
U0578,2023-08-01,enterprise,Finance,201-1000,organic,USA,38,10,0,,399,0
U0578,2023-09-01,enterprise,Finance,201-1000,organic,USA,29,10,0,9.0,399,0
U0578,2023-10-01,enterprise,Finance,201-1000,organic,USA,38,10,1,,399,0
U0578,2023-11-01,enterprise,Finance,201-1000,organic,USA,57,10,0,,399,0
U0578,2023-12-01,enterprise,Finance,201-1000,organic,USA,37,10,0,,399,0
U0579,2023-01-01,starter,Ecommerce,1-10,direct,India,8,2,1,,29,0
U0579,2023-02-01,starter,Ecommerce,1-10,direct,India,6,1,0,,29,0
U0579,2023-03-01,starter,Ecommerce,1-10,direct,India,6,1,1,,29,0
U0580,2023-01-01,free,Healthcare,1-10,referral,India,3,1,1,5.0,0,0
U0580,2023-02-01,free,Healthcare,1-10,referral,India,3,1,2,,0,0
U0580,2023-03-01,free,Healthcare,1-10,referral,India,2,3,0,,0,0
U0580,2023-04-01,free,Healthcare,1-10,referral,India,3,1,0,,0,0
U0581,2023-01-01,starter,Education,1-10,paid_search,USA,5,3,2,,29,0
U0581,2023-02-01,starter,Education,1-10,paid_search,USA,11,1,4,,29,0
U0581,2023-03-01,starter,Education,1-10,paid_search,USA,5,2,1,,29,0
U0581,2023-04-01,starter,Education,1-10,paid_search,USA,10,3,0,,29,0
U0582,2023-01-01,enterprise,Education,51-200,paid_search,Germany,31,10,0,,399,0
U0582,2023-02-01,enterprise,Education,51-200,paid_search,Germany,39,10,0,,399,0
U0582,2023-03-01,enterprise,Education,51-200,paid_search,Germany,29,10,0,8.0,399,0
U0582,2023-04-01,enterprise,Education,51-200,paid_search,Germany,17,10,0,,399,0
U0582,2023-05-01,enterprise,Education,51-200,paid_search,Germany,34,10,0,,399,0
U0582,2023-06-01,enterprise,Education,51-200,paid_search,Germany,23,9,0,,399,0
U0582,2023-07-01,enterprise,Education,51-200,paid_search,Germany,21,10,0,,399,0
U0582,2023-08-01,enterprise,Education,51-200,paid_search,Germany,36,10,0,,399,0
U0582,2023-09-01,enterprise,Education,51-200,paid_search,Germany,29,10,0,,399,0
U0582,2023-10-01,enterprise,Education,51-200,paid_search,Germany,29,10,0,,399,0
U0582,2023-11-01,enterprise,Education,51-200,paid_search,Germany,33,10,0,,399,0
U0582,2023-12-01,enterprise,Education,51-200,paid_search,Germany,53,10,1,,399,0
U0583,2023-01-01,starter,SaaS,1-10,paid_search,USA,13,2,2,7.0,29,0
U0583,2023-02-01,starter,SaaS,1-10,paid_search,USA,9,4,1,,29,0
U0583,2023-03-01,starter,SaaS,1-10,paid_search,USA,7,3,0,,29,0
U0583,2023-04-01,starter,SaaS,1-10,paid_search,USA,11,4,0,,29,0
U0583,2023-05-01,starter,SaaS,1-10,paid_search,USA,9,3,2,,29,0
U0583,2023-06-01,starter,SaaS,1-10,paid_search,USA,8,2,1,,29,0
U0583,2023-07-01,starter,SaaS,1-10,paid_search,USA,4,1,0,,29,0
U0583,2023-08-01,starter,SaaS,1-10,paid_search,USA,10,4,1,,29,0
U0583,2023-09-01,starter,SaaS,1-10,paid_search,USA,11,4,0,,29,0
U0583,2023-10-01,starter,SaaS,1-10,paid_search,USA,8,1,0,,29,0
U0583,2023-11-01,starter,SaaS,1-10,paid_search,USA,12,1,1,,29,0
U0583,2023-12-01,starter,SaaS,1-10,paid_search,USA,8,4,0,3.0,29,0
U0584,2023-01-01,free,Finance,11-50,paid_search,India,2,2,1,,0,0
U0584,2023-02-01,free,Finance,11-50,paid_search,India,2,1,0,,0,0
U0584,2023-03-01,free,Finance,11-50,paid_search,India,1,1,0,,0,0
U0584,2023-04-01,free,Finance,11-50,paid_search,India,1,1,1,,0,0
U0584,2023-05-01,free,Finance,11-50,paid_search,India,3,1,1,,0,0
U0584,2023-06-01,free,Finance,11-50,paid_search,India,3,1,2,,0,0
U0584,2023-07-01,free,Finance,11-50,paid_search,India,2,2,1,,0,0
U0584,2023-08-01,free,Finance,11-50,paid_search,India,3,2,0,5.0,0,0
U0584,2023-09-01,free,Finance,11-50,paid_search,India,1,3,0,,0,0
U0584,2023-10-01,free,Finance,11-50,paid_search,India,2,3,0,,0,0
U0584,2023-11-01,free,Finance,11-50,paid_search,India,4,1,0,,0,0
U0584,2023-12-01,free,Finance,11-50,paid_search,India,1,1,0,,0,0
U0585,2023-01-01,starter,Finance,1000+,referral,UK,7,6,0,,29,0
U0585,2023-02-01,starter,Finance,1000+,referral,UK,9,2,0,,29,0
U0585,2023-03-01,starter,Finance,1000+,referral,UK,7,1,0,,29,0
U0585,2023-04-01,starter,Finance,1000+,referral,UK,9,3,1,6.0,29,0
U0585,2023-05-01,starter,Finance,1000+,referral,UK,4,2,2,,29,0
U0585,2023-06-01,starter,Finance,1000+,referral,UK,6,2,3,,29,0
U0585,2023-07-01,starter,Finance,1000+,referral,UK,11,3,2,,29,0
U0585,2023-08-01,starter,Finance,1000+,referral,UK,12,1,2,,29,0
U0585,2023-09-01,starter,Finance,1000+,referral,UK,13,4,0,,29,0
U0585,2023-10-01,starter,Finance,1000+,referral,UK,6,1,0,6.0,29,0
U0585,2023-11-01,starter,Finance,1000+,referral,UK,4,1,1,,29,0
U0585,2023-12-01,starter,Finance,1000+,referral,UK,5,7,1,,29,0
U0586,2023-01-01,free,Education,201-1000,referral,UK,2,1,0,,0,0
U0586,2023-02-01,free,Education,201-1000,referral,UK,5,1,0,,0,0
U0586,2023-03-01,free,Education,201-1000,referral,UK,2,1,1,,0,0
U0586,2023-04-01,free,Education,201-1000,referral,UK,3,1,1,,0,0
U0586,2023-05-01,free,Education,201-1000,referral,UK,4,1,0,,0,0
U0586,2023-06-01,free,Education,201-1000,referral,UK,3,1,2,,0,0
U0586,2023-07-01,free,Education,201-1000,referral,UK,2,1,1,,0,0
U0586,2023-08-01,free,Education,201-1000,referral,UK,2,1,1,,0,0
U0586,2023-09-01,free,Education,201-1000,referral,UK,2,1,2,,0,0
U0586,2023-10-01,free,Education,201-1000,referral,UK,4,3,1,,0,0
U0587,2023-01-01,free,Healthcare,11-50,organic,Other,4,1,2,5.0,0,0
U0587,2023-02-01,free,Healthcare,11-50,organic,Other,3,1,0,,0,0
U0587,2023-03-01,free,Healthcare,11-50,organic,Other,4,1,1,,0,0
U0587,2023-04-01,free,Healthcare,11-50,organic,Other,2,2,0,,0,0
U0587,2023-05-01,free,Healthcare,11-50,organic,Other,2,1,2,,0,0
U0587,2023-06-01,free,Healthcare,11-50,organic,Other,2,1,3,,0,0
U0587,2023-07-01,free,Healthcare,11-50,organic,Other,3,1,2,,0,0
U0587,2023-08-01,free,Healthcare,11-50,organic,Other,2,1,1,,0,0
U0588,2023-01-01,free,Ecommerce,1-10,paid_search,USA,3,2,2,,0,0
U0588,2023-02-01,free,Ecommerce,1-10,paid_search,USA,3,2,0,,0,0
U0588,2023-03-01,free,Ecommerce,1-10,paid_search,USA,3,1,2,6.0,0,0
U0588,2023-04-01,free,Ecommerce,1-10,paid_search,USA,1,1,1,,0,0
U0588,2023-05-01,free,Ecommerce,1-10,paid_search,USA,3,2,1,,0,0
U0588,2023-06-01,free,Ecommerce,1-10,paid_search,USA,2,1,0,,0,0
U0589,2023-01-01,free,Healthcare,201-1000,paid_search,USA,2,3,0,,0,0
U0589,2023-02-01,free,Healthcare,201-1000,paid_search,USA,1,3,0,,0,0
U0589,2023-03-01,free,Healthcare,201-1000,paid_search,USA,4,2,1,6.0,0,0
U0589,2023-04-01,free,Healthcare,201-1000,paid_search,USA,2,1,2,,0,0
U0589,2023-05-01,free,Healthcare,201-1000,paid_search,USA,3,1,0,,0,0
U0589,2023-06-01,free,Healthcare,201-1000,paid_search,USA,1,1,2,,0,0
U0589,2023-07-01,free,Healthcare,201-1000,paid_search,USA,3,2,0,,0,0
U0589,2023-08-01,free,Healthcare,201-1000,paid_search,USA,2,1,0,,0,0
U0589,2023-09-01,free,Healthcare,201-1000,paid_search,USA,1,1,0,,0,0
U0589,2023-10-01,free,Healthcare,201-1000,paid_search,USA,3,2,0,5.0,0,0
U0589,2023-11-01,free,Healthcare,201-1000,paid_search,USA,2,1,1,,0,0
U0589,2023-12-01,free,Healthcare,201-1000,paid_search,USA,3,1,2,,0,0
U0590,2023-01-01,free,Retail,11-50,social,Canada,3,1,2,,0,0
U0590,2023-02-01,free,Retail,11-50,social,Canada,3,3,1,,0,0
U0590,2023-03-01,free,Retail,11-50,social,Canada,2,1,1,,0,0
U0590,2023-04-01,free,Retail,11-50,social,Canada,3,1,1,,0,0
U0591,2023-01-01,free,Retail,1-10,referral,Other,3,1,1,,0,0
U0591,2023-02-01,free,Retail,1-10,referral,Other,1,1,0,,0,0
U0591,2023-03-01,free,Retail,1-10,referral,Other,2,1,0,,0,0
U0591,2023-04-01,free,Retail,1-10,referral,Other,3,1,0,,0,0
U0591,2023-05-01,free,Retail,1-10,referral,Other,3,2,0,,0,0
U0591,2023-06-01,free,Retail,1-10,referral,Other,2,1,0,,0,0
U0591,2023-07-01,free,Retail,1-10,referral,Other,2,1,0,,0,0
U0591,2023-08-01,free,Retail,1-10,referral,Other,2,1,1,,0,0
U0591,2023-09-01,free,Retail,1-10,referral,Other,4,1,0,6.0,0,0
U0591,2023-10-01,free,Retail,1-10,referral,Other,2,1,2,,0,0
U0591,2023-11-01,free,Retail,1-10,referral,Other,2,1,0,,0,0
U0591,2023-12-01,free,Retail,1-10,referral,Other,4,3,1,,0,0
U0592,2023-01-01,starter,Ecommerce,1-10,paid_search,USA,11,1,0,,29,0
U0592,2023-02-01,starter,Ecommerce,1-10,paid_search,USA,1,2,1,6.0,29,0
U0592,2023-03-01,starter,Ecommerce,1-10,paid_search,USA,2,4,0,,29,0
U0592,2023-04-01,starter,Ecommerce,1-10,paid_search,USA,13,3,0,,29,0
U0592,2023-05-01,starter,Ecommerce,1-10,paid_search,USA,6,1,1,,29,0
U0592,2023-06-01,starter,Ecommerce,1-10,paid_search,USA,8,4,1,,29,0
U0593,2023-01-01,free,Education,201-1000,organic,USA,4,2,0,,0,0
U0593,2023-02-01,free,Education,201-1000,organic,USA,3,1,1,,0,0
U0593,2023-03-01,free,Education,201-1000,organic,USA,4,1,1,,0,0
U0593,2023-04-01,free,Education,201-1000,organic,USA,1,1,1,5.0,0,0
U0593,2023-05-01,free,Education,201-1000,organic,USA,1,1,0,,0,0
U0593,2023-06-01,free,Education,201-1000,organic,USA,3,1,4,,0,0
U0593,2023-07-01,free,Education,201-1000,organic,USA,3,1,0,,0,0
U0593,2023-08-01,free,Education,201-1000,organic,USA,1,1,0,,0,0
U0593,2023-09-01,free,Education,201-1000,organic,USA,1,1,1,,0,0
U0593,2023-10-01,free,Education,201-1000,organic,USA,3,1,0,6.0,0,0
U0593,2023-11-01,free,Education,201-1000,organic,USA,3,1,1,,0,0
U0593,2023-12-01,free,Education,201-1000,organic,USA,4,1,2,,0,0
U0594,2023-01-01,free,Ecommerce,51-200,referral,USA,2,1,0,,0,0
U0594,2023-02-01,free,Ecommerce,51-200,referral,USA,3,2,1,,0,0
U0594,2023-03-01,free,Ecommerce,51-200,referral,USA,4,1,2,,0,0
U0594,2023-04-01,free,Ecommerce,51-200,referral,USA,3,1,2,,0,0
U0594,2023-05-01,free,Ecommerce,51-200,referral,USA,2,1,2,4.0,0,0
U0595,2023-01-01,pro,Finance,201-1000,organic,UK,22,7,1,,99,0
U0595,2023-02-01,pro,Finance,201-1000,organic,UK,22,6,2,,99,0
U0595,2023-03-01,pro,Finance,201-1000,organic,UK,10,7,1,,99,0
U0596,2023-01-01,starter,Retail,201-1000,organic,USA,5,2,4,,29,0
U0596,2023-02-01,starter,Retail,201-1000,organic,USA,14,2,1,4.0,29,0
U0596,2023-03-01,starter,Retail,201-1000,organic,USA,7,5,0,,29,0
U0597,2023-01-01,starter,SaaS,11-50,organic,Germany,9,2,0,6.0,29,0
U0597,2023-02-01,starter,SaaS,11-50,organic,Germany,8,4,1,6.0,29,0
U0597,2023-03-01,starter,SaaS,11-50,organic,Germany,5,4,0,,29,0
U0597,2023-04-01,starter,SaaS,11-50,organic,Germany,6,1,0,,29,0
U0597,2023-05-01,starter,SaaS,11-50,organic,Germany,9,2,0,,29,0
U0597,2023-06-01,starter,SaaS,11-50,organic,Germany,7,1,0,,29,0
U0598,2023-01-01,free,SaaS,11-50,referral,Other,2,1,1,,0,0
U0598,2023-02-01,free,SaaS,11-50,referral,Other,2,1,0,4.0,0,0
U0598,2023-03-01,free,SaaS,11-50,referral,Other,2,1,2,,0,0
U0598,2023-04-01,free,SaaS,11-50,referral,Other,2,2,0,,0,0
U0599,2023-01-01,free,Education,11-50,organic,UK,1,1,0,,0,0
U0599,2023-02-01,free,Education,11-50,organic,UK,2,1,1,,0,0
U0599,2023-03-01,free,Education,11-50,organic,UK,4,1,0,,0,0
U0599,2023-04-01,free,Education,11-50,organic,UK,3,1,1,3.0,0,0
U0599,2023-05-01,free,Education,11-50,organic,UK,3,2,2,,0,0
U0599,2023-06-01,free,Education,11-50,organic,UK,4,3,0,,0,0
U0599,2023-07-01,free,Education,11-50,organic,UK,2,1,0,6.0,0,0
U0601,2023-01-01,free,Healthcare,11-50,social,UK,2,1,0,,0,0
U0601,2023-02-01,free,Healthcare,11-50,social,UK,2,1,0,6.0,0,0
U0601,2023-03-01,free,Healthcare,11-50,social,UK,3,1,1,6.0,0,0
U0601,2023-04-01,free,Healthcare,11-50,social,UK,1,1,1,,0,0
U0601,2023-05-01,free,Healthcare,11-50,social,UK,2,2,1,,0,0
U0601,2023-06-01,free,Healthcare,11-50,social,UK,2,1,0,,0,0
U0601,2023-07-01,free,Healthcare,11-50,social,UK,3,1,1,,0,0
U0601,2023-08-01,free,Healthcare,11-50,social,UK,2,1,0,8.0,0,0
U0601,2023-09-01,free,Healthcare,11-50,social,UK,3,1,1,,0,0
U0601,2023-10-01,free,Healthcare,11-50,social,UK,1,1,0,,0,0
U0601,2023-11-01,free,Healthcare,11-50,social,UK,3,1,0,,0,0
U0601,2023-12-01,free,Healthcare,11-50,social,UK,3,1,1,,0,0
U0602,2023-01-01,free,Finance,51-200,organic,USA,3,1,0,6.0,0,0
U0602,2023-02-01,free,Finance,51-200,organic,USA,3,1,1,,0,0
U0602,2023-03-01,free,Finance,51-200,organic,USA,4,2,1,,0,0
U0602,2023-04-01,free,Finance,51-200,organic,USA,2,1,1,,0,0
U0603,2023-01-01,free,SaaS,51-200,paid_search,France,2,1,1,,0,0
U0603,2023-02-01,free,SaaS,51-200,paid_search,France,3,2,0,,0,0
U0603,2023-03-01,free,SaaS,51-200,paid_search,France,2,1,0,,0,0
U0603,2023-04-01,free,SaaS,51-200,paid_search,France,4,1,1,,0,0
U0603,2023-05-01,free,SaaS,51-200,paid_search,France,4,1,0,,0,0
U0603,2023-06-01,free,SaaS,51-200,paid_search,France,3,2,2,6.0,0,0
U0603,2023-07-01,free,SaaS,51-200,paid_search,France,1,1,0,,0,0
U0603,2023-08-01,free,SaaS,51-200,paid_search,France,2,1,0,,0,0
U0603,2023-09-01,free,SaaS,51-200,paid_search,France,3,3,3,,0,0
U0603,2023-10-01,free,SaaS,51-200,paid_search,France,2,1,1,,0,0
U0603,2023-11-01,free,SaaS,51-200,paid_search,France,4,1,0,,0,0
U0603,2023-12-01,free,SaaS,51-200,paid_search,France,3,1,1,,0,0
U0604,2023-01-01,free,SaaS,201-1000,paid_search,UK,2,1,3,,0,0
U0604,2023-02-01,free,SaaS,201-1000,paid_search,UK,3,1,0,,0,0
U0604,2023-03-01,free,SaaS,201-1000,paid_search,UK,3,1,0,,0,0
U0604,2023-04-01,free,SaaS,201-1000,paid_search,UK,2,1,0,4.0,0,0
U0604,2023-05-01,free,SaaS,201-1000,paid_search,UK,3,1,2,,0,0
U0604,2023-06-01,free,SaaS,201-1000,paid_search,UK,3,1,4,6.0,0,0
U0604,2023-07-01,free,SaaS,201-1000,paid_search,UK,3,1,0,,0,0
U0604,2023-08-01,free,SaaS,201-1000,paid_search,UK,4,3,0,,0,0
U0604,2023-09-01,free,SaaS,201-1000,paid_search,UK,3,1,2,,0,0
U0604,2023-10-01,free,SaaS,201-1000,paid_search,UK,2,5,1,,0,0
U0604,2023-11-01,free,SaaS,201-1000,paid_search,UK,2,2,1,,0,0
U0604,2023-12-01,free,SaaS,201-1000,paid_search,UK,1,1,2,,0,0
U0605,2023-01-01,free,Retail,11-50,organic,USA,2,1,0,,0,0
U0605,2023-02-01,free,Retail,11-50,organic,USA,3,1,0,,0,0
U0605,2023-03-01,free,Retail,11-50,organic,USA,3,1,1,,0,0
U0605,2023-04-01,free,Retail,11-50,organic,USA,3,1,2,,0,0
U0605,2023-05-01,free,Retail,11-50,organic,USA,2,1,0,,0,0
U0605,2023-06-01,free,Retail,11-50,organic,USA,2,1,0,,0,0
U0605,2023-07-01,free,Retail,11-50,organic,USA,2,1,0,,0,0
U0605,2023-08-01,free,Retail,11-50,organic,USA,4,1,0,3.0,0,0
U0605,2023-09-01,free,Retail,11-50,organic,USA,2,1,0,,0,0
U0605,2023-10-01,free,Retail,11-50,organic,USA,4,1,0,,0,0
U0605,2023-11-01,free,Retail,11-50,organic,USA,2,1,1,7.0,0,0
U0605,2023-12-01,free,Retail,11-50,organic,USA,2,3,0,,0,0
U0606,2023-01-01,starter,Finance,51-200,referral,Germany,12,5,1,,29,0
U0606,2023-02-01,starter,Finance,51-200,referral,Germany,7,1,1,,29,0
U0606,2023-03-01,starter,Finance,51-200,referral,Germany,9,1,1,,29,0
U0606,2023-04-01,starter,Finance,51-200,referral,Germany,8,2,1,,29,0
U0606,2023-05-01,starter,Finance,51-200,referral,Germany,9,1,1,,29,0
U0606,2023-06-01,starter,Finance,51-200,referral,Germany,7,2,2,,29,0
U0606,2023-07-01,starter,Finance,51-200,referral,Germany,6,4,0,7.0,29,0
U0606,2023-08-01,starter,Finance,51-200,referral,Germany,5,3,0,,29,0
U0606,2023-09-01,starter,Finance,51-200,referral,Germany,10,3,0,5.0,29,0
U0606,2023-10-01,starter,Finance,51-200,referral,Germany,11,1,0,,29,0
U0606,2023-11-01,starter,Finance,51-200,referral,Germany,7,2,1,,29,0
U0606,2023-12-01,starter,Finance,51-200,referral,Germany,1,2,0,,29,0
U0607,2023-01-01,free,Finance,51-200,organic,UK,1,1,0,,0,0
U0607,2023-02-01,free,Finance,51-200,organic,UK,2,2,0,5.0,0,0
U0607,2023-03-01,free,Finance,51-200,organic,UK,2,1,0,,0,0
U0607,2023-04-01,free,Finance,51-200,organic,UK,1,1,0,3.0,0,0
U0607,2023-05-01,free,Finance,51-200,organic,UK,3,1,1,5.0,0,0
U0607,2023-06-01,free,Finance,51-200,organic,UK,3,1,1,6.0,0,0
U0607,2023-07-01,free,Finance,51-200,organic,UK,4,2,0,,0,0
U0607,2023-08-01,free,Finance,51-200,organic,UK,1,1,2,,0,0
U0607,2023-09-01,free,Finance,51-200,organic,UK,3,1,1,,0,0
U0608,2023-01-01,free,SaaS,11-50,paid_search,Germany,4,1,0,,0,0
U0609,2023-01-01,starter,Healthcare,51-200,paid_search,USA,10,2,0,,29,0
U0609,2023-02-01,starter,Healthcare,51-200,paid_search,USA,6,1,0,,29,0
U0609,2023-03-01,starter,Healthcare,51-200,paid_search,USA,7,4,0,,29,0
U0609,2023-04-01,starter,Healthcare,51-200,paid_search,USA,10,3,0,,29,0
U0609,2023-05-01,starter,Healthcare,51-200,paid_search,USA,7,5,0,,29,0
U0609,2023-06-01,starter,Healthcare,51-200,paid_search,USA,5,1,1,,29,0
U0609,2023-07-01,starter,Healthcare,51-200,paid_search,USA,12,2,0,,29,0
U0609,2023-08-01,starter,Healthcare,51-200,paid_search,USA,12,5,2,,29,0
U0609,2023-09-01,starter,Healthcare,51-200,paid_search,USA,11,1,2,,29,0
U0609,2023-10-01,starter,Healthcare,51-200,paid_search,USA,7,3,0,,29,0
U0610,2023-01-01,starter,Education,1-10,referral,Australia,4,2,1,,29,0
U0610,2023-02-01,starter,Education,1-10,referral,Australia,6,1,0,5.0,29,0
U0610,2023-03-01,starter,Education,1-10,referral,Australia,9,3,1,,29,0
U0610,2023-04-01,starter,Education,1-10,referral,Australia,5,1,0,,29,0
U0610,2023-05-01,starter,Education,1-10,referral,Australia,7,2,1,,29,0
U0610,2023-06-01,starter,Education,1-10,referral,Australia,5,1,0,,29,0
U0610,2023-07-01,starter,Education,1-10,referral,Australia,4,1,1,,29,0
U0610,2023-08-01,starter,Education,1-10,referral,Australia,4,2,2,1.0,29,0
U0610,2023-09-01,starter,Education,1-10,referral,Australia,14,3,1,4.0,29,0
U0610,2023-10-01,starter,Education,1-10,referral,Australia,10,2,3,7.0,29,0
U0610,2023-11-01,starter,Education,1-10,referral,Australia,8,1,0,,29,0
U0610,2023-12-01,starter,Education,1-10,referral,Australia,8,4,0,6.0,29,0
U0611,2023-01-01,free,Education,11-50,referral,Other,1,1,3,,0,0
U0611,2023-02-01,free,Education,11-50,referral,Other,3,2,0,,0,0
U0611,2023-03-01,free,Education,11-50,referral,Other,3,1,0,,0,0
U0611,2023-04-01,free,Education,11-50,referral,Other,2,1,2,,0,0
U0611,2023-05-01,free,Education,11-50,referral,Other,1,1,1,,0,0
U0612,2023-01-01,pro,Finance,1-10,organic,Germany,25,5,1,,99,0
U0612,2023-02-01,pro,Finance,1-10,organic,Germany,26,8,4,,99,0
U0612,2023-03-01,pro,Finance,1-10,organic,Germany,27,7,0,,99,0
U0612,2023-04-01,pro,Finance,1-10,organic,Germany,10,9,1,8.0,99,0
U0612,2023-05-01,pro,Finance,1-10,organic,Germany,21,5,1,,99,0
U0612,2023-06-01,pro,Finance,1-10,organic,Germany,22,5,0,,99,0
U0612,2023-07-01,pro,Finance,1-10,organic,Germany,10,3,2,,99,0
U0612,2023-08-01,pro,Finance,1-10,organic,Germany,24,6,2,7.0,99,0
U0613,2023-01-01,starter,Education,11-50,organic,Other,6,1,0,,29,0
U0613,2023-02-01,starter,Education,11-50,organic,Other,8,3,2,,29,0
U0613,2023-03-01,starter,Education,11-50,organic,Other,10,1,3,,29,0
U0613,2023-04-01,starter,Education,11-50,organic,Other,9,2,1,,29,0
U0613,2023-05-01,starter,Education,11-50,organic,Other,11,3,0,3.0,29,0
U0613,2023-06-01,starter,Education,11-50,organic,Other,6,2,1,,29,0
U0613,2023-07-01,starter,Education,11-50,organic,Other,7,2,2,6.0,29,0
U0613,2023-08-01,starter,Education,11-50,organic,Other,6,1,1,,29,0
U0613,2023-09-01,starter,Education,11-50,organic,Other,5,4,1,,29,0
U0613,2023-10-01,starter,Education,11-50,organic,Other,2,1,2,,29,0
U0613,2023-11-01,starter,Education,11-50,organic,Other,7,4,0,,29,0
U0613,2023-12-01,starter,Education,11-50,organic,Other,4,2,0,,29,0
U0614,2023-01-01,free,SaaS,11-50,referral,USA,3,1,1,,0,0
U0615,2023-01-01,pro,SaaS,51-200,paid_search,UK,25,6,1,,99,0
U0615,2023-02-01,pro,SaaS,51-200,paid_search,UK,21,4,0,,99,0
U0615,2023-03-01,pro,SaaS,51-200,paid_search,UK,15,7,2,,99,0
U0615,2023-04-01,pro,SaaS,51-200,paid_search,UK,10,4,0,,99,0
U0615,2023-05-01,pro,SaaS,51-200,paid_search,UK,21,8,1,7.0,99,0
U0615,2023-06-01,pro,SaaS,51-200,paid_search,UK,26,3,0,5.0,99,0
U0615,2023-07-01,pro,SaaS,51-200,paid_search,UK,11,6,1,6.0,99,0
U0616,2023-01-01,enterprise,Finance,1000+,social,Canada,21,9,1,,399,0
U0616,2023-02-01,enterprise,Finance,1000+,social,Canada,23,10,1,,399,0
U0616,2023-03-01,enterprise,Finance,1000+,social,Canada,40,9,0,,399,0
U0616,2023-04-01,enterprise,Finance,1000+,social,Canada,45,10,1,8.0,399,0
U0616,2023-05-01,enterprise,Finance,1000+,social,Canada,55,10,0,,399,0
U0616,2023-06-01,enterprise,Finance,1000+,social,Canada,39,10,0,,399,0
U0616,2023-07-01,enterprise,Finance,1000+,social,Canada,34,10,0,6.0,399,0
U0616,2023-08-01,enterprise,Finance,1000+,social,Canada,42,10,0,8.0,399,0
U0616,2023-09-01,enterprise,Finance,1000+,social,Canada,32,10,0,,399,0
U0616,2023-10-01,enterprise,Finance,1000+,social,Canada,60,10,0,,399,0
U0616,2023-11-01,enterprise,Finance,1000+,social,Canada,33,10,0,,399,0
U0616,2023-12-01,enterprise,Finance,1000+,social,Canada,35,10,0,,399,0
U0617,2023-01-01,free,Finance,51-200,social,Canada,4,1,0,,0,0
U0619,2023-01-01,pro,Finance,11-50,paid_search,USA,10,7,1,,99,0
U0619,2023-02-01,pro,Finance,11-50,paid_search,USA,12,5,1,,99,0
U0619,2023-03-01,pro,Finance,11-50,paid_search,USA,16,7,1,10.0,99,0
U0619,2023-04-01,pro,Finance,11-50,paid_search,USA,28,7,0,,99,0
U0619,2023-05-01,pro,Finance,11-50,paid_search,USA,14,5,1,,99,0
U0619,2023-06-01,pro,Finance,11-50,paid_search,USA,18,6,0,,99,0
U0619,2023-07-01,pro,Finance,11-50,paid_search,USA,12,7,0,,99,0
U0619,2023-08-01,pro,Finance,11-50,paid_search,USA,18,4,1,,99,0
U0619,2023-09-01,pro,Finance,11-50,paid_search,USA,25,4,1,6.0,99,0
U0619,2023-10-01,pro,Finance,11-50,paid_search,USA,19,7,3,,99,0
U0619,2023-11-01,pro,Finance,11-50,paid_search,USA,16,4,0,,99,0
U0619,2023-12-01,pro,Finance,11-50,paid_search,USA,19,6,0,,99,0
U0620,2023-01-01,pro,Healthcare,51-200,organic,USA,24,5,2,,99,0
U0620,2023-02-01,pro,Healthcare,51-200,organic,USA,5,8,1,,99,0
U0620,2023-03-01,pro,Healthcare,51-200,organic,USA,27,9,3,,99,0
U0620,2023-04-01,pro,Healthcare,51-200,organic,USA,16,5,0,,99,0
U0620,2023-05-01,pro,Healthcare,51-200,organic,USA,11,5,3,7.0,99,0
U0620,2023-06-01,pro,Healthcare,51-200,organic,USA,15,6,2,,99,0
U0620,2023-07-01,pro,Healthcare,51-200,organic,USA,22,6,0,,99,0
U0620,2023-08-01,pro,Healthcare,51-200,organic,USA,11,1,1,,99,0
U0620,2023-09-01,pro,Healthcare,51-200,organic,USA,17,6,1,,99,0
U0620,2023-10-01,pro,Healthcare,51-200,organic,USA,19,4,1,,99,0
U0620,2023-11-01,pro,Healthcare,51-200,organic,USA,17,3,2,,99,0
U0620,2023-12-01,pro,Healthcare,51-200,organic,USA,22,8,0,,99,0
U0621,2023-01-01,free,Education,1-10,referral,USA,3,1,1,,0,0
U0621,2023-02-01,free,Education,1-10,referral,USA,1,3,1,,0,0
U0621,2023-03-01,free,Education,1-10,referral,USA,2,2,1,,0,0
U0621,2023-04-01,free,Education,1-10,referral,USA,1,1,0,,0,0
U0621,2023-05-01,free,Education,1-10,referral,USA,3,1,0,,0,0
U0621,2023-06-01,free,Education,1-10,referral,USA,3,1,0,,0,0
U0621,2023-07-01,free,Education,1-10,referral,USA,4,1,1,,0,0
U0621,2023-08-01,free,Education,1-10,referral,USA,3,2,2,,0,0
U0621,2023-09-01,free,Education,1-10,referral,USA,3,2,1,,0,0
U0621,2023-10-01,free,Education,1-10,referral,USA,3,1,1,,0,0
U0621,2023-11-01,free,Education,1-10,referral,USA,2,1,0,,0,0
U0621,2023-12-01,free,Education,1-10,referral,USA,1,1,0,,0,0
U0622,2023-01-01,free,Finance,1-10,paid_search,USA,3,3,3,,0,0
U0623,2023-01-01,free,Ecommerce,11-50,organic,India,1,2,1,,0,0
U0623,2023-02-01,free,Ecommerce,11-50,organic,India,2,1,1,5.0,0,0
U0623,2023-03-01,free,Ecommerce,11-50,organic,India,3,3,1,,0,0
U0623,2023-04-01,free,Ecommerce,11-50,organic,India,3,1,2,,0,0
U0623,2023-05-01,free,Ecommerce,11-50,organic,India,2,1,0,,0,0
U0623,2023-06-01,free,Ecommerce,11-50,organic,India,2,3,1,,0,0
U0623,2023-07-01,free,Ecommerce,11-50,organic,India,3,1,1,5.0,0,0
U0623,2023-08-01,free,Ecommerce,11-50,organic,India,1,1,1,,0,0
U0623,2023-09-01,free,Ecommerce,11-50,organic,India,2,1,2,,0,0
U0623,2023-10-01,free,Ecommerce,11-50,organic,India,2,1,1,,0,0
U0625,2023-01-01,starter,Ecommerce,1-10,social,USA,13,1,1,,29,0
U0625,2023-02-01,starter,Ecommerce,1-10,social,USA,6,3,1,,29,0
U0625,2023-03-01,starter,Ecommerce,1-10,social,USA,5,1,1,,29,0
U0625,2023-04-01,starter,Ecommerce,1-10,social,USA,8,1,0,,29,0
U0625,2023-05-01,starter,Ecommerce,1-10,social,USA,8,2,0,,29,0
U0625,2023-06-01,starter,Ecommerce,1-10,social,USA,5,1,1,,29,0
U0625,2023-07-01,starter,Ecommerce,1-10,social,USA,7,1,1,,29,0
U0625,2023-08-01,starter,Ecommerce,1-10,social,USA,9,1,0,,29,0
U0625,2023-09-01,starter,Ecommerce,1-10,social,USA,10,5,0,,29,0
U0625,2023-10-01,starter,Ecommerce,1-10,social,USA,10,3,0,,29,0
U0625,2023-11-01,starter,Ecommerce,1-10,social,USA,8,1,0,,29,0
U0625,2023-12-01,starter,Ecommerce,1-10,social,USA,11,1,2,,29,0
U0626,2023-01-01,free,SaaS,1-10,paid_search,Canada,2,1,1,,0,0
U0626,2023-02-01,free,SaaS,1-10,paid_search,Canada,3,1,1,,0,0
U0626,2023-03-01,free,SaaS,1-10,paid_search,Canada,3,4,1,,0,0
U0626,2023-04-01,free,SaaS,1-10,paid_search,Canada,2,1,2,,0,0
U0626,2023-05-01,free,SaaS,1-10,paid_search,Canada,2,1,0,,0,0
U0626,2023-06-01,free,SaaS,1-10,paid_search,Canada,3,1,1,,0,0
U0626,2023-07-01,free,SaaS,1-10,paid_search,Canada,3,1,0,,0,0
U0626,2023-08-01,free,SaaS,1-10,paid_search,Canada,2,3,1,,0,0
U0626,2023-09-01,free,SaaS,1-10,paid_search,Canada,4,1,0,3.0,0,0
U0626,2023-10-01,free,SaaS,1-10,paid_search,Canada,4,1,0,5.0,0,0
U0626,2023-11-01,free,SaaS,1-10,paid_search,Canada,2,1,2,,0,0
U0626,2023-12-01,free,SaaS,1-10,paid_search,Canada,1,1,0,,0,0
U0627,2023-01-01,starter,Education,1-10,organic,Canada,11,4,1,,29,0
U0627,2023-02-01,starter,Education,1-10,organic,Canada,9,2,1,5.0,29,0
U0627,2023-03-01,starter,Education,1-10,organic,Canada,5,3,2,,29,0
U0627,2023-04-01,starter,Education,1-10,organic,Canada,8,4,2,7.0,29,0
U0627,2023-05-01,starter,Education,1-10,organic,Canada,11,2,2,,29,0
U0627,2023-06-01,starter,Education,1-10,organic,Canada,7,3,1,,29,0
U0627,2023-07-01,starter,Education,1-10,organic,Canada,11,1,0,,29,0
U0627,2023-08-01,starter,Education,1-10,organic,Canada,8,2,4,4.0,29,0
U0628,2023-01-01,pro,Finance,1000+,paid_search,France,15,6,2,,99,0
U0628,2023-02-01,pro,Finance,1000+,paid_search,France,12,5,1,,99,0
U0628,2023-03-01,pro,Finance,1000+,paid_search,France,15,6,1,5.0,99,0
U0628,2023-04-01,pro,Finance,1000+,paid_search,France,13,8,0,6.0,99,0
U0629,2023-01-01,free,Ecommerce,11-50,social,Canada,4,1,1,7.0,0,0
U0629,2023-02-01,free,Ecommerce,11-50,social,Canada,3,1,1,,0,0
U0629,2023-03-01,free,Ecommerce,11-50,social,Canada,3,1,1,6.0,0,0
U0629,2023-04-01,free,Ecommerce,11-50,social,Canada,2,2,1,4.0,0,0
U0629,2023-05-01,free,Ecommerce,11-50,social,Canada,3,1,0,,0,0
U0629,2023-06-01,free,Ecommerce,11-50,social,Canada,3,1,2,,0,0
U0629,2023-07-01,free,Ecommerce,11-50,social,Canada,3,1,2,,0,0
U0629,2023-08-01,free,Ecommerce,11-50,social,Canada,3,1,1,,0,0
U0629,2023-09-01,free,Ecommerce,11-50,social,Canada,4,1,1,5.0,0,0
U0629,2023-10-01,free,Ecommerce,11-50,social,Canada,4,1,3,,0,0
U0629,2023-11-01,free,Ecommerce,11-50,social,Canada,3,1,0,,0,0
U0630,2023-01-01,free,Education,11-50,social,USA,2,1,1,,0,0
U0630,2023-02-01,free,Education,11-50,social,USA,1,2,0,,0,0
U0630,2023-03-01,free,Education,11-50,social,USA,1,1,1,,0,0
U0630,2023-04-01,free,Education,11-50,social,USA,3,1,1,,0,0
U0630,2023-05-01,free,Education,11-50,social,USA,2,3,0,7.0,0,0
U0630,2023-06-01,free,Education,11-50,social,USA,2,1,0,,0,0
U0630,2023-07-01,free,Education,11-50,social,USA,2,1,0,,0,0
U0630,2023-08-01,free,Education,11-50,social,USA,3,1,1,,0,0
U0630,2023-09-01,free,Education,11-50,social,USA,3,3,0,,0,0
U0630,2023-10-01,free,Education,11-50,social,USA,4,1,0,,0,0
U0630,2023-11-01,free,Education,11-50,social,USA,3,1,1,,0,0
U0630,2023-12-01,free,Education,11-50,social,USA,4,1,0,,0,0
U0631,2023-01-01,pro,SaaS,1-10,organic,Australia,26,4,2,6.0,99,0
U0631,2023-02-01,pro,SaaS,1-10,organic,Australia,25,6,0,,99,0
U0631,2023-03-01,pro,SaaS,1-10,organic,Australia,15,6,1,,99,0
U0631,2023-04-01,pro,SaaS,1-10,organic,Australia,12,5,1,8.0,99,0
U0631,2023-05-01,pro,SaaS,1-10,organic,Australia,13,7,1,,99,0
U0631,2023-06-01,pro,SaaS,1-10,organic,Australia,27,5,1,,99,0
U0631,2023-07-01,pro,SaaS,1-10,organic,Australia,22,6,2,,99,0
U0631,2023-08-01,pro,SaaS,1-10,organic,Australia,12,5,1,,99,0
U0631,2023-09-01,pro,SaaS,1-10,organic,Australia,22,4,0,,99,0
U0631,2023-10-01,pro,SaaS,1-10,organic,Australia,24,5,1,,99,0
U0631,2023-11-01,pro,SaaS,1-10,organic,Australia,15,7,0,,99,0
U0631,2023-12-01,pro,SaaS,1-10,organic,Australia,17,9,0,,99,0
U0632,2023-01-01,pro,Healthcare,51-200,organic,Canada,24,5,0,,99,0
U0632,2023-02-01,pro,Healthcare,51-200,organic,Canada,22,6,3,7.0,99,0
U0632,2023-03-01,pro,Healthcare,51-200,organic,Canada,17,4,1,,99,0
U0632,2023-04-01,pro,Healthcare,51-200,organic,Canada,11,6,0,,99,0
U0632,2023-05-01,pro,Healthcare,51-200,organic,Canada,21,7,1,,99,0
U0632,2023-06-01,pro,Healthcare,51-200,organic,Canada,12,5,0,,99,0
U0632,2023-07-01,pro,Healthcare,51-200,organic,Canada,25,4,2,,99,0
U0632,2023-08-01,pro,Healthcare,51-200,organic,Canada,17,6,0,,99,0
U0632,2023-09-01,pro,Healthcare,51-200,organic,Canada,24,6,0,,99,0
U0632,2023-10-01,pro,Healthcare,51-200,organic,Canada,15,7,0,,99,0
U0633,2023-01-01,starter,Retail,1-10,social,USA,8,3,0,,29,0
U0633,2023-02-01,starter,Retail,1-10,social,USA,7,2,2,,29,0
U0633,2023-03-01,starter,Retail,1-10,social,USA,5,1,1,5.0,29,0
U0633,2023-04-01,starter,Retail,1-10,social,USA,2,3,1,,29,0
U0633,2023-05-01,starter,Retail,1-10,social,USA,10,1,0,,29,0
U0633,2023-06-01,starter,Retail,1-10,social,USA,8,5,1,,29,0
U0633,2023-07-01,starter,Retail,1-10,social,USA,7,2,0,,29,0
U0633,2023-08-01,starter,Retail,1-10,social,USA,10,1,0,,29,0
U0633,2023-09-01,starter,Retail,1-10,social,USA,8,5,2,,29,0
U0633,2023-10-01,starter,Retail,1-10,social,USA,4,3,1,,29,0
U0633,2023-11-01,starter,Retail,1-10,social,USA,6,1,0,,29,0
U0633,2023-12-01,starter,Retail,1-10,social,USA,2,1,1,,29,0
U0635,2023-01-01,free,Education,11-50,paid_search,France,1,1,1,,0,0
U0635,2023-02-01,free,Education,11-50,paid_search,France,3,1,0,,0,0
U0635,2023-03-01,free,Education,11-50,paid_search,France,2,1,0,,0,0
U0635,2023-04-01,free,Education,11-50,paid_search,France,3,1,1,,0,0
U0635,2023-05-01,free,Education,11-50,paid_search,France,3,1,0,6.0,0,0
U0635,2023-06-01,free,Education,11-50,paid_search,France,1,1,1,,0,0
U0635,2023-07-01,free,Education,11-50,paid_search,France,2,3,0,,0,0
U0635,2023-08-01,free,Education,11-50,paid_search,France,3,1,1,,0,0
U0635,2023-09-01,free,Education,11-50,paid_search,France,1,1,0,,0,0
U0635,2023-10-01,free,Education,11-50,paid_search,France,4,1,0,,0,0
U0635,2023-11-01,free,Education,11-50,paid_search,France,3,3,0,,0,0
U0635,2023-12-01,free,Education,11-50,paid_search,France,4,1,0,,0,0
U0636,2023-01-01,starter,Healthcare,1-10,direct,USA,10,4,1,5.0,29,0
U0636,2023-02-01,starter,Healthcare,1-10,direct,USA,8,3,2,,29,0
U0637,2023-01-01,starter,Education,1-10,organic,USA,6,3,0,,29,0
U0637,2023-02-01,starter,Education,1-10,organic,USA,13,4,0,,29,0
U0637,2023-03-01,starter,Education,1-10,organic,USA,6,3,0,,29,0
U0637,2023-04-01,starter,Education,1-10,organic,USA,8,3,1,4.0,29,0
U0637,2023-05-01,starter,Education,1-10,organic,USA,9,1,0,7.0,29,0
U0637,2023-06-01,starter,Education,1-10,organic,USA,8,1,1,,29,0
U0637,2023-07-01,starter,Education,1-10,organic,USA,9,1,1,,29,0
U0637,2023-08-01,starter,Education,1-10,organic,USA,5,1,0,,29,0
U0637,2023-09-01,starter,Education,1-10,organic,USA,6,2,1,,29,0
U0637,2023-10-01,starter,Education,1-10,organic,USA,9,1,1,,29,0
U0637,2023-11-01,starter,Education,1-10,organic,USA,7,1,0,,29,0
U0637,2023-12-01,starter,Education,1-10,organic,USA,5,3,1,5.0,29,0
U0638,2023-01-01,free,SaaS,1-10,referral,USA,3,2,0,,0,0
U0638,2023-02-01,free,SaaS,1-10,referral,USA,3,1,1,,0,0
U0638,2023-03-01,free,SaaS,1-10,referral,USA,2,1,2,,0,0
U0638,2023-04-01,free,SaaS,1-10,referral,USA,3,1,0,,0,0
U0638,2023-05-01,free,SaaS,1-10,referral,USA,4,1,1,,0,0
U0638,2023-06-01,free,SaaS,1-10,referral,USA,2,1,0,,0,0
U0638,2023-07-01,free,SaaS,1-10,referral,USA,3,3,0,,0,0
U0639,2023-01-01,free,SaaS,1-10,organic,USA,3,1,1,,0,0
U0639,2023-02-01,free,SaaS,1-10,organic,USA,2,2,0,6.0,0,0
U0640,2023-01-01,free,Healthcare,1-10,paid_search,UK,1,1,0,,0,0
U0640,2023-02-01,free,Healthcare,1-10,paid_search,UK,1,1,1,5.0,0,0
U0641,2023-01-01,free,Retail,11-50,social,Canada,1,1,2,,0,0
U0641,2023-02-01,free,Retail,11-50,social,Canada,2,1,1,,0,0
U0641,2023-03-01,free,Retail,11-50,social,Canada,2,1,0,,0,0
U0642,2023-01-01,free,Finance,201-1000,paid_search,USA,3,1,2,5.0,0,0
U0642,2023-02-01,free,Finance,201-1000,paid_search,USA,2,1,1,,0,0
U0644,2023-01-01,free,Finance,11-50,paid_search,India,3,1,1,,0,0
U0644,2023-02-01,free,Finance,11-50,paid_search,India,4,4,2,,0,0
U0644,2023-03-01,free,Finance,11-50,paid_search,India,2,1,0,,0,0
U0645,2023-01-01,free,Education,1-10,organic,Canada,3,1,2,,0,0
U0645,2023-02-01,free,Education,1-10,organic,Canada,1,3,1,,0,0
U0645,2023-03-01,free,Education,1-10,organic,Canada,3,1,2,,0,0
U0645,2023-04-01,free,Education,1-10,organic,Canada,4,1,0,,0,0
U0645,2023-05-01,free,Education,1-10,organic,Canada,1,1,1,,0,0
U0645,2023-06-01,free,Education,1-10,organic,Canada,2,1,0,,0,0
U0645,2023-07-01,free,Education,1-10,organic,Canada,4,1,0,7.0,0,0
U0645,2023-08-01,free,Education,1-10,organic,Canada,1,1,0,,0,0
U0645,2023-09-01,free,Education,1-10,organic,Canada,3,2,1,,0,0
U0645,2023-10-01,free,Education,1-10,organic,Canada,2,3,2,,0,0
U0645,2023-11-01,free,Education,1-10,organic,Canada,3,1,1,,0,0
U0645,2023-12-01,free,Education,1-10,organic,Canada,3,1,0,,0,0
U0646,2023-01-01,pro,Ecommerce,201-1000,organic,Australia,8,4,0,,99,0
U0646,2023-02-01,pro,Ecommerce,201-1000,organic,Australia,22,4,1,8.0,99,0
U0646,2023-03-01,pro,Ecommerce,201-1000,organic,Australia,17,5,1,,99,0
U0646,2023-04-01,pro,Ecommerce,201-1000,organic,Australia,18,6,0,,99,0
U0646,2023-05-01,pro,Ecommerce,201-1000,organic,Australia,18,5,0,,99,0
U0646,2023-06-01,pro,Ecommerce,201-1000,organic,Australia,22,6,1,,99,0
U0646,2023-07-01,pro,Ecommerce,201-1000,organic,Australia,21,3,1,,99,0
U0646,2023-08-01,pro,Ecommerce,201-1000,organic,Australia,22,5,1,9.0,99,0
U0646,2023-09-01,pro,Ecommerce,201-1000,organic,Australia,15,7,1,,99,0
U0646,2023-10-01,pro,Ecommerce,201-1000,organic,Australia,15,7,0,,99,0
U0646,2023-11-01,pro,Ecommerce,201-1000,organic,Australia,15,6,0,,99,0
U0646,2023-12-01,pro,Ecommerce,201-1000,organic,Australia,22,5,0,,99,0
U0647,2023-01-01,starter,Healthcare,11-50,paid_search,USA,16,2,0,,29,0
U0647,2023-02-01,starter,Healthcare,11-50,paid_search,USA,5,3,2,,29,0
U0647,2023-03-01,starter,Healthcare,11-50,paid_search,USA,6,1,2,,29,0
U0647,2023-04-01,starter,Healthcare,11-50,paid_search,USA,10,3,1,,29,0
U0647,2023-05-01,starter,Healthcare,11-50,paid_search,USA,10,3,3,,29,0
U0647,2023-06-01,starter,Healthcare,11-50,paid_search,USA,12,1,1,6.0,29,0
U0648,2023-01-01,starter,Healthcare,1-10,paid_search,UK,7,4,2,,29,0
U0648,2023-02-01,starter,Healthcare,1-10,paid_search,UK,6,2,0,,29,0
U0648,2023-03-01,starter,Healthcare,1-10,paid_search,UK,4,2,0,,29,0
U0648,2023-04-01,starter,Healthcare,1-10,paid_search,UK,7,2,2,,29,0
U0649,2023-01-01,pro,Retail,51-200,organic,Germany,10,6,2,,99,0
U0649,2023-02-01,pro,Retail,51-200,organic,Germany,21,8,0,7.0,99,0
U0649,2023-03-01,pro,Retail,51-200,organic,Germany,11,3,2,,99,0
U0649,2023-04-01,pro,Retail,51-200,organic,Germany,7,6,0,,99,0
U0649,2023-05-01,pro,Retail,51-200,organic,Germany,19,7,3,,99,0
U0649,2023-06-01,pro,Retail,51-200,organic,Germany,13,7,1,,99,0
U0649,2023-07-01,pro,Retail,51-200,organic,Germany,14,5,1,,99,0
U0649,2023-08-01,pro,Retail,51-200,organic,Germany,15,6,2,,99,0
U0649,2023-09-01,pro,Retail,51-200,organic,Germany,5,4,0,8.0,99,0
U0649,2023-10-01,pro,Retail,51-200,organic,Germany,27,5,1,,99,0
U0649,2023-11-01,pro,Retail,51-200,organic,Germany,13,5,1,,99,0
U0649,2023-12-01,pro,Retail,51-200,organic,Germany,11,5,1,,99,0
U0650,2023-01-01,starter,Ecommerce,1-10,paid_search,Australia,6,2,0,,29,0
U0650,2023-02-01,starter,Ecommerce,1-10,paid_search,Australia,5,4,2,,29,0
U0650,2023-03-01,starter,Ecommerce,1-10,paid_search,Australia,9,1,1,,29,0
U0650,2023-04-01,starter,Ecommerce,1-10,paid_search,Australia,7,3,0,6.0,29,0
U0650,2023-05-01,starter,Ecommerce,1-10,paid_search,Australia,2,2,0,,29,0
U0650,2023-06-01,starter,Ecommerce,1-10,paid_search,Australia,8,2,0,,29,0
U0650,2023-07-01,starter,Ecommerce,1-10,paid_search,Australia,5,1,0,,29,0
U0650,2023-08-01,starter,Ecommerce,1-10,paid_search,Australia,9,1,0,,29,0
U0650,2023-09-01,starter,Ecommerce,1-10,paid_search,Australia,6,1,2,,29,0
U0650,2023-10-01,starter,Ecommerce,1-10,paid_search,Australia,6,3,0,,29,0
U0650,2023-11-01,starter,Ecommerce,1-10,paid_search,Australia,5,3,0,,29,0
U0650,2023-12-01,starter,Ecommerce,1-10,paid_search,Australia,5,2,0,6.0,29,0
U0651,2023-01-01,free,SaaS,11-50,paid_search,India,2,2,1,,0,0
U0651,2023-02-01,free,SaaS,11-50,paid_search,India,3,1,1,4.0,0,0
U0651,2023-03-01,free,SaaS,11-50,paid_search,India,1,1,1,,0,0
U0651,2023-04-01,free,SaaS,11-50,paid_search,India,2,1,2,,0,0
U0651,2023-05-01,free,SaaS,11-50,paid_search,India,2,3,0,4.0,0,0
U0651,2023-06-01,free,SaaS,11-50,paid_search,India,2,1,2,,0,0
U0651,2023-07-01,free,SaaS,11-50,paid_search,India,1,1,0,4.0,0,0
U0651,2023-08-01,free,SaaS,11-50,paid_search,India,2,1,2,7.0,0,0
U0652,2023-01-01,starter,Ecommerce,11-50,referral,USA,8,4,1,,29,0
U0653,2023-01-01,starter,Education,201-1000,referral,Other,7,2,0,,29,0
U0653,2023-02-01,starter,Education,201-1000,referral,Other,7,2,0,,29,0
U0653,2023-03-01,starter,Education,201-1000,referral,Other,14,4,1,,29,0
U0653,2023-04-01,starter,Education,201-1000,referral,Other,10,1,0,,29,0
U0653,2023-05-01,starter,Education,201-1000,referral,Other,4,1,0,,29,0
U0653,2023-06-01,starter,Education,201-1000,referral,Other,5,1,0,,29,0
U0653,2023-07-01,starter,Education,201-1000,referral,Other,10,4,0,,29,0
U0653,2023-08-01,starter,Education,201-1000,referral,Other,5,3,0,,29,0
U0653,2023-09-01,starter,Education,201-1000,referral,Other,7,4,1,,29,0
U0653,2023-10-01,starter,Education,201-1000,referral,Other,9,2,1,,29,0
U0653,2023-11-01,starter,Education,201-1000,referral,Other,10,1,1,,29,0
U0653,2023-12-01,starter,Education,201-1000,referral,Other,9,4,2,,29,0
U0654,2023-01-01,pro,SaaS,11-50,referral,USA,11,6,0,,99,0
U0654,2023-02-01,pro,SaaS,11-50,referral,USA,17,5,0,,99,0
U0654,2023-03-01,pro,SaaS,11-50,referral,USA,20,6,0,3.0,99,0
U0654,2023-04-01,pro,SaaS,11-50,referral,USA,26,6,1,8.0,99,0
U0654,2023-05-01,pro,SaaS,11-50,referral,USA,22,6,0,,99,0
U0654,2023-06-01,pro,SaaS,11-50,referral,USA,21,6,0,,99,0
U0654,2023-07-01,pro,SaaS,11-50,referral,USA,8,5,0,,99,0
U0654,2023-08-01,pro,SaaS,11-50,referral,USA,22,5,1,,99,0
U0655,2023-01-01,starter,Healthcare,51-200,organic,France,5,2,1,,29,0
U0655,2023-02-01,starter,Healthcare,51-200,organic,France,8,2,0,,29,0
U0655,2023-03-01,starter,Healthcare,51-200,organic,France,5,3,1,5.0,29,0
U0655,2023-04-01,starter,Healthcare,51-200,organic,France,7,1,0,,29,0
U0655,2023-05-01,starter,Healthcare,51-200,organic,France,5,3,1,,29,0
U0655,2023-06-01,starter,Healthcare,51-200,organic,France,6,1,2,7.0,29,0
U0655,2023-07-01,starter,Healthcare,51-200,organic,France,8,3,0,,29,0
U0655,2023-08-01,starter,Healthcare,51-200,organic,France,6,1,0,,29,0
U0655,2023-09-01,starter,Healthcare,51-200,organic,France,10,2,0,,29,0
U0655,2023-10-01,starter,Healthcare,51-200,organic,France,11,3,0,,29,0
U0655,2023-11-01,starter,Healthcare,51-200,organic,France,10,2,0,,29,0
U0655,2023-12-01,starter,Healthcare,51-200,organic,France,12,3,3,,29,0
U0657,2023-01-01,free,Finance,1-10,referral,USA,3,1,0,,0,0
U0657,2023-02-01,free,Finance,1-10,referral,USA,2,1,0,,0,0
U0657,2023-03-01,free,Finance,1-10,referral,USA,1,2,1,,0,0
U0658,2023-01-01,free,Retail,1-10,paid_search,India,3,1,0,,0,0
U0658,2023-02-01,free,Retail,1-10,paid_search,India,1,1,1,8.0,0,0
U0658,2023-03-01,free,Retail,1-10,paid_search,India,1,1,0,,0,0
U0658,2023-04-01,free,Retail,1-10,paid_search,India,3,1,0,,0,0
U0658,2023-05-01,free,Retail,1-10,paid_search,India,1,2,0,5.0,0,0
U0658,2023-06-01,free,Retail,1-10,paid_search,India,2,1,1,,0,0
U0658,2023-07-01,free,Retail,1-10,paid_search,India,3,1,2,4.0,0,0
U0658,2023-08-01,free,Retail,1-10,paid_search,India,3,1,2,,0,0
U0658,2023-09-01,free,Retail,1-10,paid_search,India,1,1,0,8.0,0,0
U0658,2023-10-01,free,Retail,1-10,paid_search,India,1,1,1,,0,0
U0659,2023-01-01,starter,Finance,11-50,organic,USA,5,4,0,,29,0
U0659,2023-02-01,starter,Finance,11-50,organic,USA,7,1,3,,29,0
U0659,2023-03-01,starter,Finance,11-50,organic,USA,6,2,0,6.0,29,0
U0659,2023-04-01,starter,Finance,11-50,organic,USA,3,1,0,5.0,29,0
U0659,2023-05-01,starter,Finance,11-50,organic,USA,7,2,0,,29,0
U0659,2023-06-01,starter,Finance,11-50,organic,USA,10,3,0,,29,0
U0659,2023-07-01,starter,Finance,11-50,organic,USA,9,6,0,6.0,29,0
U0659,2023-08-01,starter,Finance,11-50,organic,USA,10,2,1,,29,0
U0659,2023-09-01,starter,Finance,11-50,organic,USA,6,1,2,,29,0
U0662,2023-01-01,enterprise,Finance,201-1000,paid_search,Canada,20,10,0,,399,0
U0662,2023-02-01,enterprise,Finance,201-1000,paid_search,Canada,48,10,0,,399,0
U0662,2023-03-01,enterprise,Finance,201-1000,paid_search,Canada,38,10,0,,399,0
U0662,2023-04-01,enterprise,Finance,201-1000,paid_search,Canada,31,10,0,,399,0
U0662,2023-05-01,enterprise,Finance,201-1000,paid_search,Canada,37,10,1,,399,0
U0662,2023-06-01,enterprise,Finance,201-1000,paid_search,Canada,23,10,0,,399,0
U0662,2023-07-01,enterprise,Finance,201-1000,paid_search,Canada,42,10,0,,399,0
U0662,2023-08-01,enterprise,Finance,201-1000,paid_search,Canada,29,10,0,,399,0
U0662,2023-09-01,enterprise,Finance,201-1000,paid_search,Canada,42,10,1,,399,0
U0662,2023-10-01,enterprise,Finance,201-1000,paid_search,Canada,60,10,0,,399,0
U0662,2023-11-01,enterprise,Finance,201-1000,paid_search,Canada,26,10,1,,399,0
U0662,2023-12-01,enterprise,Finance,201-1000,paid_search,Canada,27,10,0,,399,0
U0663,2023-01-01,starter,Ecommerce,51-200,organic,Other,7,3,1,3.0,29,0
U0663,2023-02-01,starter,Ecommerce,51-200,organic,Other,7,2,3,,29,0
U0663,2023-03-01,starter,Ecommerce,51-200,organic,Other,4,2,0,,29,0
U0663,2023-04-01,starter,Ecommerce,51-200,organic,Other,7,4,1,,29,0
U0663,2023-05-01,starter,Ecommerce,51-200,organic,Other,9,3,2,,29,0
U0663,2023-06-01,starter,Ecommerce,51-200,organic,Other,7,3,2,,29,0
U0663,2023-07-01,starter,Ecommerce,51-200,organic,Other,12,1,0,,29,0
U0663,2023-08-01,starter,Ecommerce,51-200,organic,Other,4,1,1,,29,0
U0663,2023-09-01,starter,Ecommerce,51-200,organic,Other,10,5,0,,29,0
U0663,2023-10-01,starter,Ecommerce,51-200,organic,Other,7,3,1,,29,0
U0663,2023-11-01,starter,Ecommerce,51-200,organic,Other,11,1,0,,29,0
U0663,2023-12-01,starter,Ecommerce,51-200,organic,Other,10,1,0,,29,0
U0664,2023-01-01,free,Ecommerce,51-200,referral,Germany,1,1,0,,0,0
U0664,2023-02-01,free,Ecommerce,51-200,referral,Germany,3,1,1,,0,0
U0664,2023-03-01,free,Ecommerce,51-200,referral,Germany,2,2,2,,0,0
U0664,2023-04-01,free,Ecommerce,51-200,referral,Germany,3,1,1,,0,0
U0664,2023-05-01,free,Ecommerce,51-200,referral,Germany,2,1,0,,0,0
U0664,2023-06-01,free,Ecommerce,51-200,referral,Germany,3,1,0,,0,0
U0664,2023-07-01,free,Ecommerce,51-200,referral,Germany,5,1,1,,0,0
U0664,2023-08-01,free,Ecommerce,51-200,referral,Germany,1,1,0,,0,0
U0664,2023-09-01,free,Ecommerce,51-200,referral,Germany,2,1,0,,0,0
U0664,2023-10-01,free,Ecommerce,51-200,referral,Germany,2,2,1,,0,0
U0664,2023-11-01,free,Ecommerce,51-200,referral,Germany,4,1,0,,0,0
U0664,2023-12-01,free,Ecommerce,51-200,referral,Germany,2,1,0,,0,0
U0665,2023-01-01,free,Finance,11-50,paid_search,UK,3,2,1,,0,0
U0666,2023-01-01,free,Ecommerce,201-1000,referral,Australia,1,2,0,,0,0
U0666,2023-02-01,free,Ecommerce,201-1000,referral,Australia,2,2,0,,0,0
U0666,2023-03-01,free,Ecommerce,201-1000,referral,Australia,3,1,0,,0,0
U0667,2023-01-01,free,Education,1000+,referral,Other,3,1,2,,0,0
U0667,2023-02-01,free,Education,1000+,referral,Other,3,1,1,,0,0
U0667,2023-03-01,free,Education,1000+,referral,Other,4,1,0,5.0,0,0
U0667,2023-04-01,free,Education,1000+,referral,Other,2,3,1,,0,0
U0668,2023-01-01,free,SaaS,201-1000,social,USA,2,2,0,,0,0
U0668,2023-02-01,free,SaaS,201-1000,social,USA,3,3,0,,0,0
U0670,2023-01-01,free,Retail,51-200,organic,USA,3,1,0,,0,0
U0670,2023-02-01,free,Retail,51-200,organic,USA,4,3,0,,0,0
U0670,2023-03-01,free,Retail,51-200,organic,USA,2,2,1,,0,0
U0671,2023-01-01,free,Education,1-10,referral,Australia,3,1,2,,0,0
U0671,2023-02-01,free,Education,1-10,referral,Australia,3,2,2,,0,0
U0671,2023-03-01,free,Education,1-10,referral,Australia,3,2,1,,0,0
U0671,2023-04-01,free,Education,1-10,referral,Australia,2,4,2,,0,0
U0671,2023-05-01,free,Education,1-10,referral,Australia,3,2,0,,0,0
U0671,2023-06-01,free,Education,1-10,referral,Australia,1,3,2,5.0,0,0
U0671,2023-07-01,free,Education,1-10,referral,Australia,2,1,0,,0,0
U0671,2023-08-01,free,Education,1-10,referral,Australia,4,1,0,,0,0
U0671,2023-09-01,free,Education,1-10,referral,Australia,2,3,1,,0,0
U0671,2023-10-01,free,Education,1-10,referral,Australia,3,1,0,,0,0
U0671,2023-11-01,free,Education,1-10,referral,Australia,3,2,0,,0,0
U0671,2023-12-01,free,Education,1-10,referral,Australia,2,1,0,4.0,0,0
U0672,2023-01-01,pro,Retail,1-10,referral,USA,15,7,1,6.0,99,0
U0672,2023-02-01,pro,Retail,1-10,referral,USA,22,6,2,,99,0
U0672,2023-03-01,pro,Retail,1-10,referral,USA,21,7,0,,99,0
U0672,2023-04-01,pro,Retail,1-10,referral,USA,14,4,1,,99,0
U0672,2023-05-01,pro,Retail,1-10,referral,USA,18,5,1,,99,0
U0672,2023-06-01,pro,Retail,1-10,referral,USA,22,3,2,,99,0
U0672,2023-07-01,pro,Retail,1-10,referral,USA,18,4,1,,99,0
U0672,2023-08-01,pro,Retail,1-10,referral,USA,12,7,2,,99,0
U0672,2023-09-01,pro,Retail,1-10,referral,USA,18,4,1,,99,0
U0672,2023-10-01,pro,Retail,1-10,referral,USA,31,3,0,,99,0
U0672,2023-11-01,pro,Retail,1-10,referral,USA,17,6,0,5.0,99,0
U0672,2023-12-01,pro,Retail,1-10,referral,USA,15,7,0,,99,0
U0674,2023-01-01,starter,SaaS,51-200,organic,UK,11,3,1,,29,0
U0674,2023-02-01,starter,SaaS,51-200,organic,UK,10,3,0,,29,0
U0675,2023-01-01,starter,Ecommerce,51-200,organic,Germany,10,3,1,5.0,29,0
U0675,2023-02-01,starter,Ecommerce,51-200,organic,Germany,12,3,0,,29,0
U0675,2023-03-01,starter,Ecommerce,51-200,organic,Germany,3,1,3,,29,0
U0675,2023-04-01,starter,Ecommerce,51-200,organic,Germany,4,1,1,,29,0
U0675,2023-05-01,starter,Ecommerce,51-200,organic,Germany,7,3,0,,29,0
U0675,2023-06-01,starter,Ecommerce,51-200,organic,Germany,9,3,1,,29,0
U0675,2023-07-01,starter,Ecommerce,51-200,organic,Germany,9,4,1,,29,0
U0675,2023-08-01,starter,Ecommerce,51-200,organic,Germany,5,3,0,4.0,29,0
U0675,2023-09-01,starter,Ecommerce,51-200,organic,Germany,9,1,2,,29,0
U0675,2023-10-01,starter,Ecommerce,51-200,organic,Germany,3,3,1,,29,0
U0675,2023-11-01,starter,Ecommerce,51-200,organic,Germany,6,6,0,4.0,29,0
U0675,2023-12-01,starter,Ecommerce,51-200,organic,Germany,10,2,0,,29,0
U0676,2023-01-01,enterprise,Healthcare,1-10,social,USA,42,10,1,,399,0
U0676,2023-02-01,enterprise,Healthcare,1-10,social,USA,28,9,0,6.0,399,0
U0676,2023-03-01,enterprise,Healthcare,1-10,social,USA,56,10,0,,399,0
U0676,2023-04-01,enterprise,Healthcare,1-10,social,USA,33,10,0,,399,0
U0676,2023-05-01,enterprise,Healthcare,1-10,social,USA,35,10,0,,399,0
U0676,2023-06-01,enterprise,Healthcare,1-10,social,USA,18,10,0,,399,0
U0676,2023-07-01,enterprise,Healthcare,1-10,social,USA,35,10,2,4.0,399,0
U0676,2023-08-01,enterprise,Healthcare,1-10,social,USA,27,10,0,,399,0
U0676,2023-09-01,enterprise,Healthcare,1-10,social,USA,36,8,0,,399,0
U0676,2023-10-01,enterprise,Healthcare,1-10,social,USA,37,10,0,8.0,399,0
U0676,2023-11-01,enterprise,Healthcare,1-10,social,USA,42,9,0,10.0,399,0
U0676,2023-12-01,enterprise,Healthcare,1-10,social,USA,37,10,0,5.0,399,0
U0677,2023-01-01,free,Ecommerce,11-50,referral,USA,3,1,1,,0,0
U0677,2023-02-01,free,Ecommerce,11-50,referral,USA,2,1,2,,0,0
U0677,2023-03-01,free,Ecommerce,11-50,referral,USA,2,2,0,,0,0
U0677,2023-04-01,free,Ecommerce,11-50,referral,USA,1,2,1,,0,0
U0677,2023-05-01,free,Ecommerce,11-50,referral,USA,2,1,1,,0,0
U0677,2023-06-01,free,Ecommerce,11-50,referral,USA,5,2,1,,0,0
U0677,2023-07-01,free,Ecommerce,11-50,referral,USA,4,2,2,,0,0
U0677,2023-08-01,free,Ecommerce,11-50,referral,USA,3,1,1,,0,0
U0677,2023-09-01,free,Ecommerce,11-50,referral,USA,2,1,1,,0,0
U0677,2023-10-01,free,Ecommerce,11-50,referral,USA,1,1,0,,0,0
U0677,2023-11-01,free,Ecommerce,11-50,referral,USA,2,1,3,,0,0
U0677,2023-12-01,free,Ecommerce,11-50,referral,USA,3,1,1,,0,0
U0678,2023-01-01,free,Retail,11-50,social,Canada,3,1,0,,0,0
U0679,2023-01-01,enterprise,Ecommerce,11-50,referral,France,31,10,0,,399,0
U0679,2023-02-01,enterprise,Ecommerce,11-50,referral,France,37,10,0,,399,0
U0679,2023-03-01,enterprise,Ecommerce,11-50,referral,France,28,10,0,5.0,399,0
U0679,2023-04-01,enterprise,Ecommerce,11-50,referral,France,24,10,0,,399,0
U0679,2023-05-01,enterprise,Ecommerce,11-50,referral,France,51,10,0,6.0,399,0
U0679,2023-06-01,enterprise,Ecommerce,11-50,referral,France,22,10,0,,399,0
U0679,2023-07-01,enterprise,Ecommerce,11-50,referral,France,38,10,1,,399,0
U0679,2023-08-01,enterprise,Ecommerce,11-50,referral,France,40,10,0,,399,0
U0679,2023-09-01,enterprise,Ecommerce,11-50,referral,France,40,10,0,,399,0
U0679,2023-10-01,enterprise,Ecommerce,11-50,referral,France,45,9,0,,399,0
U0679,2023-11-01,enterprise,Ecommerce,11-50,referral,France,39,10,0,,399,0
U0679,2023-12-01,enterprise,Ecommerce,11-50,referral,France,31,10,0,,399,0
U0680,2023-01-01,pro,Ecommerce,1-10,paid_search,USA,14,6,3,,99,0
U0680,2023-02-01,pro,Ecommerce,1-10,paid_search,USA,15,4,2,,99,0
U0680,2023-03-01,pro,Ecommerce,1-10,paid_search,USA,29,5,1,,99,0
U0680,2023-04-01,pro,Ecommerce,1-10,paid_search,USA,27,7,0,,99,0
U0680,2023-05-01,pro,Ecommerce,1-10,paid_search,USA,11,5,1,,99,0
U0680,2023-06-01,pro,Ecommerce,1-10,paid_search,USA,15,5,1,,99,0
U0680,2023-07-01,pro,Ecommerce,1-10,paid_search,USA,10,5,1,,99,0
U0680,2023-08-01,pro,Ecommerce,1-10,paid_search,USA,8,6,2,,99,0
U0680,2023-09-01,pro,Ecommerce,1-10,paid_search,USA,18,5,0,,99,0
U0680,2023-10-01,pro,Ecommerce,1-10,paid_search,USA,14,7,0,,99,0
U0680,2023-11-01,pro,Ecommerce,1-10,paid_search,USA,25,7,2,9.0,99,0
U0680,2023-12-01,pro,Ecommerce,1-10,paid_search,USA,24,9,0,,99,0
U0681,2023-01-01,pro,SaaS,11-50,referral,USA,21,6,1,,99,0
U0681,2023-02-01,pro,SaaS,11-50,referral,USA,18,8,1,,99,0
U0681,2023-03-01,pro,SaaS,11-50,referral,USA,8,7,1,,99,0
U0681,2023-04-01,pro,SaaS,11-50,referral,USA,19,6,3,,99,0
U0681,2023-05-01,pro,SaaS,11-50,referral,USA,15,9,1,,99,0
U0682,2023-01-01,free,Ecommerce,51-200,social,UK,2,1,0,3.0,0,0
U0682,2023-02-01,free,Ecommerce,51-200,social,UK,1,1,0,,0,0
U0683,2023-01-01,free,SaaS,1-10,paid_search,USA,2,1,2,3.0,0,0
U0683,2023-02-01,free,SaaS,1-10,paid_search,USA,1,1,3,,0,0
U0683,2023-03-01,free,SaaS,1-10,paid_search,USA,2,1,1,,0,0
U0683,2023-04-01,free,SaaS,1-10,paid_search,USA,3,1,1,,0,0
U0683,2023-05-01,free,SaaS,1-10,paid_search,USA,2,1,1,,0,0
U0683,2023-06-01,free,SaaS,1-10,paid_search,USA,1,1,0,,0,0
U0684,2023-01-01,starter,Finance,1-10,referral,Australia,5,2,0,,29,0
U0684,2023-02-01,starter,Finance,1-10,referral,Australia,7,3,0,,29,0
U0684,2023-03-01,starter,Finance,1-10,referral,Australia,7,2,0,,29,0
U0685,2023-01-01,enterprise,Healthcare,11-50,organic,Australia,54,10,0,,399,0
U0685,2023-02-01,enterprise,Healthcare,11-50,organic,Australia,20,10,2,,399,0
U0685,2023-03-01,enterprise,Healthcare,11-50,organic,Australia,39,10,0,,399,0
U0685,2023-04-01,enterprise,Healthcare,11-50,organic,Australia,31,10,0,,399,0
U0685,2023-05-01,enterprise,Healthcare,11-50,organic,Australia,51,10,0,,399,0
U0686,2023-01-01,starter,SaaS,201-1000,paid_search,Canada,6,2,1,,29,0
U0686,2023-02-01,starter,SaaS,201-1000,paid_search,Canada,7,3,1,,29,0
U0686,2023-03-01,starter,SaaS,201-1000,paid_search,Canada,5,2,0,,29,0
U0686,2023-04-01,starter,SaaS,201-1000,paid_search,Canada,6,3,0,,29,0
U0687,2023-01-01,starter,Retail,51-200,referral,USA,7,3,0,7.0,29,0
U0687,2023-02-01,starter,Retail,51-200,referral,USA,9,1,2,,29,0
U0687,2023-03-01,starter,Retail,51-200,referral,USA,11,2,0,,29,0
U0687,2023-04-01,starter,Retail,51-200,referral,USA,5,1,0,,29,0
U0687,2023-05-01,starter,Retail,51-200,referral,USA,3,5,1,,29,0
U0687,2023-06-01,starter,Retail,51-200,referral,USA,6,2,0,,29,0
U0687,2023-07-01,starter,Retail,51-200,referral,USA,7,4,0,,29,0
U0687,2023-08-01,starter,Retail,51-200,referral,USA,9,1,0,6.0,29,0
U0689,2023-01-01,pro,SaaS,11-50,organic,Canada,20,4,0,,99,0
U0689,2023-02-01,pro,SaaS,11-50,organic,Canada,18,3,0,,99,0
U0689,2023-03-01,pro,SaaS,11-50,organic,Canada,15,5,0,,99,0
U0689,2023-04-01,pro,SaaS,11-50,organic,Canada,10,6,0,,99,0
U0690,2023-01-01,free,SaaS,11-50,organic,Australia,4,1,1,,0,0
U0690,2023-02-01,free,SaaS,11-50,organic,Australia,2,1,0,,0,0
U0690,2023-03-01,free,SaaS,11-50,organic,Australia,3,3,0,,0,0
U0690,2023-04-01,free,SaaS,11-50,organic,Australia,2,1,0,,0,0
U0690,2023-05-01,free,SaaS,11-50,organic,Australia,2,1,1,,0,0
U0690,2023-06-01,free,SaaS,11-50,organic,Australia,1,1,0,,0,0
U0691,2023-01-01,free,Healthcare,1-10,organic,Germany,3,1,0,,0,0
U0691,2023-02-01,free,Healthcare,1-10,organic,Germany,3,1,2,,0,0
U0691,2023-03-01,free,Healthcare,1-10,organic,Germany,3,1,1,,0,0
U0691,2023-04-01,free,Healthcare,1-10,organic,Germany,3,2,2,,0,0
U0691,2023-05-01,free,Healthcare,1-10,organic,Germany,3,3,0,3.0,0,0
U0692,2023-01-01,starter,Retail,51-200,organic,India,4,2,0,6.0,29,0
U0692,2023-02-01,starter,Retail,51-200,organic,India,7,3,1,,29,0
U0692,2023-03-01,starter,Retail,51-200,organic,India,6,1,0,,29,0
U0692,2023-04-01,starter,Retail,51-200,organic,India,11,1,2,,29,0
U0692,2023-05-01,starter,Retail,51-200,organic,India,7,2,1,,29,0
U0693,2023-01-01,starter,Education,201-1000,paid_search,Canada,7,2,0,,29,0
U0693,2023-02-01,starter,Education,201-1000,paid_search,Canada,3,5,0,,29,0
U0693,2023-03-01,starter,Education,201-1000,paid_search,Canada,6,4,0,,29,0
U0693,2023-04-01,starter,Education,201-1000,paid_search,Canada,9,2,1,,29,0
U0693,2023-05-01,starter,Education,201-1000,paid_search,Canada,6,1,1,5.0,29,0
U0693,2023-06-01,starter,Education,201-1000,paid_search,Canada,7,1,1,4.0,29,0
U0693,2023-07-01,starter,Education,201-1000,paid_search,Canada,8,1,1,,29,0
U0693,2023-08-01,starter,Education,201-1000,paid_search,Canada,9,2,1,,29,0
U0694,2023-01-01,free,Education,51-200,social,UK,2,1,3,,0,0
U0694,2023-02-01,free,Education,51-200,social,UK,4,1,2,,0,0
U0694,2023-03-01,free,Education,51-200,social,UK,3,1,3,,0,0
U0694,2023-04-01,free,Education,51-200,social,UK,1,2,0,6.0,0,0
U0694,2023-05-01,free,Education,51-200,social,UK,2,1,0,,0,0
U0694,2023-06-01,free,Education,51-200,social,UK,4,1,1,,0,0
U0694,2023-07-01,free,Education,51-200,social,UK,2,3,0,6.0,0,0
U0694,2023-08-01,free,Education,51-200,social,UK,2,1,3,,0,0
U0694,2023-09-01,free,Education,51-200,social,UK,3,2,1,,0,0
U0695,2023-01-01,free,SaaS,201-1000,paid_search,Other,2,1,2,8.0,0,0
U0695,2023-02-01,free,SaaS,201-1000,paid_search,Other,1,1,0,,0,0
U0695,2023-03-01,free,SaaS,201-1000,paid_search,Other,3,1,1,,0,0
U0695,2023-04-01,free,SaaS,201-1000,paid_search,Other,1,1,0,6.0,0,0
U0696,2023-01-01,starter,Ecommerce,51-200,organic,Canada,5,3,2,,29,0
U0697,2023-01-01,free,Retail,1-10,organic,Canada,3,3,0,,0,0
U0697,2023-02-01,free,Retail,1-10,organic,Canada,1,1,0,,0,0
U0697,2023-03-01,free,Retail,1-10,organic,Canada,1,1,0,,0,0
U0697,2023-04-01,free,Retail,1-10,organic,Canada,3,1,1,,0,0
U0697,2023-05-01,free,Retail,1-10,organic,Canada,3,2,0,8.0,0,0
U0697,2023-06-01,free,Retail,1-10,organic,Canada,3,1,1,,0,0
U0697,2023-07-01,free,Retail,1-10,organic,Canada,3,1,0,,0,0
U0697,2023-08-01,free,Retail,1-10,organic,Canada,2,1,0,,0,0
U0697,2023-09-01,free,Retail,1-10,organic,Canada,3,1,1,4.0,0,0
U0697,2023-10-01,free,Retail,1-10,organic,Canada,2,2,2,,0,0
U0697,2023-11-01,free,Retail,1-10,organic,Canada,3,1,3,,0,0
U0697,2023-12-01,free,Retail,1-10,organic,Canada,3,1,1,,0,0
U0698,2023-01-01,starter,Finance,201-1000,referral,USA,7,3,1,,29,0
U0698,2023-02-01,starter,Finance,201-1000,referral,USA,8,2,2,5.0,29,0
U0698,2023-03-01,starter,Finance,201-1000,referral,USA,4,4,0,,29,0
U0698,2023-04-01,starter,Finance,201-1000,referral,USA,8,1,0,,29,0
U0698,2023-05-01,starter,Finance,201-1000,referral,USA,8,5,2,,29,0
U0698,2023-06-01,starter,Finance,201-1000,referral,USA,7,1,1,,29,0
U0698,2023-07-01,starter,Finance,201-1000,referral,USA,8,4,0,7.0,29,0
U0699,2023-01-01,free,Ecommerce,1-10,paid_search,Germany,1,3,2,,0,0
U0699,2023-02-01,free,Ecommerce,1-10,paid_search,Germany,2,1,6,,0,0
U0699,2023-03-01,free,Ecommerce,1-10,paid_search,Germany,1,1,0,,0,0
U0699,2023-04-01,free,Ecommerce,1-10,paid_search,Germany,1,1,2,,0,0
U0700,2023-01-01,starter,Ecommerce,11-50,social,Canada,5,3,0,,29,0
U0700,2023-02-01,starter,Ecommerce,11-50,social,Canada,14,2,0,,29,0
U0700,2023-03-01,starter,Ecommerce,11-50,social,Canada,8,2,1,,29,0
U0700,2023-04-01,starter,Ecommerce,11-50,social,Canada,5,4,0,,29,0
U0700,2023-05-01,starter,Ecommerce,11-50,social,Canada,6,3,0,,29,0
U0700,2023-06-01,starter,Ecommerce,11-50,social,Canada,7,2,1,,29,0
U0700,2023-07-01,starter,Ecommerce,11-50,social,Canada,7,1,0,5.0,29,0
U0700,2023-08-01,starter,Ecommerce,11-50,social,Canada,7,2,0,,29,0
U0701,2023-01-01,starter,Retail,1-10,referral,USA,9,3,0,,29,0
U0702,2023-01-01,free,SaaS,1-10,referral,USA,3,1,2,,0,0
U0702,2023-02-01,free,SaaS,1-10,referral,USA,2,1,1,,0,0
U0702,2023-03-01,free,SaaS,1-10,referral,USA,2,1,2,,0,0
U0702,2023-04-01,free,SaaS,1-10,referral,USA,2,2,0,,0,0
U0702,2023-05-01,free,SaaS,1-10,referral,USA,4,1,2,,0,0
U0703,2023-01-01,free,SaaS,11-50,organic,Canada,2,1,0,,0,0
U0703,2023-02-01,free,SaaS,11-50,organic,Canada,3,1,0,,0,0
U0703,2023-03-01,free,SaaS,11-50,organic,Canada,4,1,0,,0,0
U0703,2023-04-01,free,SaaS,11-50,organic,Canada,1,2,2,,0,0
U0703,2023-05-01,free,SaaS,11-50,organic,Canada,3,3,2,,0,0
U0703,2023-06-01,free,SaaS,11-50,organic,Canada,3,1,2,,0,0
U0703,2023-07-01,free,SaaS,11-50,organic,Canada,1,1,0,,0,0
U0703,2023-08-01,free,SaaS,11-50,organic,Canada,3,1,2,,0,0
U0703,2023-09-01,free,SaaS,11-50,organic,Canada,2,3,2,,0,0
U0704,2023-01-01,free,SaaS,1-10,referral,India,3,1,1,,0,0
U0705,2023-01-01,free,SaaS,11-50,organic,Canada,1,2,0,,0,0
U0705,2023-02-01,free,SaaS,11-50,organic,Canada,2,1,0,,0,0
U0705,2023-03-01,free,SaaS,11-50,organic,Canada,3,2,0,,0,0
U0705,2023-04-01,free,SaaS,11-50,organic,Canada,3,1,1,,0,0
U0705,2023-05-01,free,SaaS,11-50,organic,Canada,2,1,0,,0,0
U0705,2023-06-01,free,SaaS,11-50,organic,Canada,3,1,0,,0,0
U0705,2023-07-01,free,SaaS,11-50,organic,Canada,2,1,2,,0,0
U0705,2023-08-01,free,SaaS,11-50,organic,Canada,2,1,1,,0,0
U0705,2023-09-01,free,SaaS,11-50,organic,Canada,4,1,0,,0,0
U0705,2023-10-01,free,SaaS,11-50,organic,Canada,3,3,1,6.0,0,0
U0705,2023-11-01,free,SaaS,11-50,organic,Canada,2,1,0,,0,0
U0705,2023-12-01,free,SaaS,11-50,organic,Canada,2,1,1,,0,0
U0706,2023-01-01,enterprise,Education,11-50,direct,USA,24,10,0,,399,0
U0706,2023-02-01,enterprise,Education,11-50,direct,USA,42,10,0,,399,0
U0706,2023-03-01,enterprise,Education,11-50,direct,USA,28,10,0,,399,0
U0706,2023-04-01,enterprise,Education,11-50,direct,USA,24,10,0,,399,0
U0706,2023-05-01,enterprise,Education,11-50,direct,USA,34,10,1,,399,0
U0706,2023-06-01,enterprise,Education,11-50,direct,USA,23,10,1,,399,0
U0706,2023-07-01,enterprise,Education,11-50,direct,USA,45,10,0,9.0,399,0
U0706,2023-08-01,enterprise,Education,11-50,direct,USA,35,10,0,,399,0
U0706,2023-09-01,enterprise,Education,11-50,direct,USA,42,10,1,,399,0
U0706,2023-10-01,enterprise,Education,11-50,direct,USA,48,10,0,10.0,399,0
U0706,2023-11-01,enterprise,Education,11-50,direct,USA,41,10,1,,399,0
U0706,2023-12-01,enterprise,Education,11-50,direct,USA,46,10,1,,399,0
U0707,2023-01-01,free,SaaS,1-10,referral,Germany,3,2,0,,0,0
U0707,2023-02-01,free,SaaS,1-10,referral,Germany,1,1,0,,0,0
U0707,2023-03-01,free,SaaS,1-10,referral,Germany,4,1,0,,0,0
U0707,2023-04-01,free,SaaS,1-10,referral,Germany,3,1,0,,0,0
U0707,2023-05-01,free,SaaS,1-10,referral,Germany,5,2,2,,0,0
U0707,2023-06-01,free,SaaS,1-10,referral,Germany,3,1,1,,0,0
U0707,2023-07-01,free,SaaS,1-10,referral,Germany,2,1,0,,0,0
U0707,2023-08-01,free,SaaS,1-10,referral,Germany,2,1,1,,0,0
U0707,2023-09-01,free,SaaS,1-10,referral,Germany,1,3,2,,0,0
U0707,2023-10-01,free,SaaS,1-10,referral,Germany,1,1,1,,0,0
U0708,2023-01-01,pro,Education,1-10,organic,USA,21,8,1,,99,0
U0708,2023-02-01,pro,Education,1-10,organic,USA,22,6,1,,99,0
U0708,2023-03-01,pro,Education,1-10,organic,USA,15,4,1,,99,0
U0708,2023-04-01,pro,Education,1-10,organic,USA,29,7,0,7.0,99,0
U0708,2023-05-01,pro,Education,1-10,organic,USA,15,4,2,,99,0
U0708,2023-06-01,pro,Education,1-10,organic,USA,20,5,2,,99,0
U0708,2023-07-01,pro,Education,1-10,organic,USA,14,6,0,,99,0
U0708,2023-08-01,pro,Education,1-10,organic,USA,15,8,3,,99,0
U0708,2023-09-01,pro,Education,1-10,organic,USA,14,4,0,,99,0
U0708,2023-10-01,pro,Education,1-10,organic,USA,2,5,0,,99,0
U0708,2023-11-01,pro,Education,1-10,organic,USA,11,6,0,,99,0
U0708,2023-12-01,pro,Education,1-10,organic,USA,12,5,0,,99,0
U0709,2023-01-01,free,Education,11-50,organic,UK,4,1,1,,0,0
U0709,2023-02-01,free,Education,11-50,organic,UK,3,1,2,,0,0
U0709,2023-03-01,free,Education,11-50,organic,UK,3,1,0,,0,0
U0709,2023-04-01,free,Education,11-50,organic,UK,4,2,1,,0,0
U0709,2023-05-01,free,Education,11-50,organic,UK,2,2,2,,0,0
U0710,2023-01-01,starter,SaaS,11-50,organic,USA,9,6,1,,29,0
U0710,2023-02-01,starter,SaaS,11-50,organic,USA,3,1,1,,29,0
U0710,2023-03-01,starter,SaaS,11-50,organic,USA,7,1,1,,29,0
U0710,2023-04-01,starter,SaaS,11-50,organic,USA,5,1,0,,29,0
U0711,2023-01-01,pro,Healthcare,51-200,referral,USA,15,4,0,,99,0
U0711,2023-02-01,pro,Healthcare,51-200,referral,USA,21,9,1,7.0,99,0
U0711,2023-03-01,pro,Healthcare,51-200,referral,USA,8,6,2,8.0,99,0
U0711,2023-04-01,pro,Healthcare,51-200,referral,USA,19,6,0,7.0,99,0
U0711,2023-05-01,pro,Healthcare,51-200,referral,USA,18,4,0,,99,0
U0711,2023-06-01,pro,Healthcare,51-200,referral,USA,9,6,1,,99,0
U0711,2023-07-01,pro,Healthcare,51-200,referral,USA,14,9,1,,99,0
U0711,2023-08-01,pro,Healthcare,51-200,referral,USA,17,7,1,,99,0
U0711,2023-09-01,pro,Healthcare,51-200,referral,USA,26,3,1,,99,0
U0711,2023-10-01,pro,Healthcare,51-200,referral,USA,9,3,0,,99,0
U0711,2023-11-01,pro,Healthcare,51-200,referral,USA,11,8,1,,99,0
U0711,2023-12-01,pro,Healthcare,51-200,referral,USA,14,5,2,,99,0
U0712,2023-01-01,starter,Finance,51-200,organic,USA,7,2,0,,29,0
U0712,2023-02-01,starter,Finance,51-200,organic,USA,12,2,0,,29,0
U0712,2023-03-01,starter,Finance,51-200,organic,USA,11,1,0,6.0,29,0
U0712,2023-04-01,starter,Finance,51-200,organic,USA,8,3,0,,29,0
U0712,2023-05-01,starter,Finance,51-200,organic,USA,7,4,1,,29,0
U0712,2023-06-01,starter,Finance,51-200,organic,USA,8,3,0,5.0,29,0
U0712,2023-07-01,starter,Finance,51-200,organic,USA,10,1,0,,29,0
U0712,2023-08-01,starter,Finance,51-200,organic,USA,9,2,1,,29,0
U0712,2023-09-01,starter,Finance,51-200,organic,USA,8,3,0,,29,0
U0712,2023-10-01,starter,Finance,51-200,organic,USA,7,2,1,,29,0
U0712,2023-11-01,starter,Finance,51-200,organic,USA,12,4,0,5.0,29,0
U0712,2023-12-01,starter,Finance,51-200,organic,USA,5,2,2,,29,0
U0713,2023-01-01,starter,Ecommerce,201-1000,paid_search,USA,6,1,0,,29,0
U0713,2023-02-01,starter,Ecommerce,201-1000,paid_search,USA,8,2,1,,29,0
U0713,2023-03-01,starter,Ecommerce,201-1000,paid_search,USA,11,4,0,,29,0
U0713,2023-04-01,starter,Ecommerce,201-1000,paid_search,USA,7,1,0,,29,0
U0713,2023-05-01,starter,Ecommerce,201-1000,paid_search,USA,12,1,0,,29,0
U0713,2023-06-01,starter,Ecommerce,201-1000,paid_search,USA,9,2,1,,29,0
U0713,2023-07-01,starter,Ecommerce,201-1000,paid_search,USA,7,2,2,,29,0
U0713,2023-08-01,starter,Ecommerce,201-1000,paid_search,USA,5,2,1,,29,0
U0713,2023-09-01,starter,Ecommerce,201-1000,paid_search,USA,3,3,3,4.0,29,0
U0713,2023-10-01,starter,Ecommerce,201-1000,paid_search,USA,7,5,0,,29,0
U0713,2023-11-01,starter,Ecommerce,201-1000,paid_search,USA,11,3,0,,29,0
U0713,2023-12-01,starter,Ecommerce,201-1000,paid_search,USA,7,4,0,,29,0
U0714,2023-01-01,starter,Education,51-200,organic,USA,5,2,0,,29,0
U0714,2023-02-01,starter,Education,51-200,organic,USA,10,2,0,,29,0
U0714,2023-03-01,starter,Education,51-200,organic,USA,7,1,1,,29,0
U0714,2023-04-01,starter,Education,51-200,organic,USA,8,3,2,5.0,29,0
U0714,2023-05-01,starter,Education,51-200,organic,USA,5,2,0,,29,0
U0714,2023-06-01,starter,Education,51-200,organic,USA,5,1,0,,29,0
U0714,2023-07-01,starter,Education,51-200,organic,USA,9,5,1,,29,0
U0714,2023-08-01,starter,Education,51-200,organic,USA,6,2,0,,29,0
U0714,2023-09-01,starter,Education,51-200,organic,USA,8,1,1,,29,0
U0714,2023-10-01,starter,Education,51-200,organic,USA,9,2,1,,29,0
U0714,2023-11-01,starter,Education,51-200,organic,USA,8,2,0,,29,0
U0714,2023-12-01,starter,Education,51-200,organic,USA,10,2,0,6.0,29,0
U0716,2023-01-01,enterprise,Retail,51-200,social,UK,34,9,0,,399,0
U0716,2023-02-01,enterprise,Retail,51-200,social,UK,40,10,2,,399,0
U0716,2023-03-01,enterprise,Retail,51-200,social,UK,54,10,1,6.0,399,0
U0716,2023-04-01,enterprise,Retail,51-200,social,UK,22,10,0,,399,0
U0716,2023-05-01,enterprise,Retail,51-200,social,UK,33,10,1,,399,0
U0716,2023-06-01,enterprise,Retail,51-200,social,UK,15,10,0,7.0,399,0
U0716,2023-07-01,enterprise,Retail,51-200,social,UK,19,10,0,7.0,399,0
U0716,2023-08-01,enterprise,Retail,51-200,social,UK,24,10,0,,399,0
U0716,2023-09-01,enterprise,Retail,51-200,social,UK,45,10,0,,399,0
U0716,2023-10-01,enterprise,Retail,51-200,social,UK,24,10,0,,399,0
U0716,2023-11-01,enterprise,Retail,51-200,social,UK,27,10,0,,399,0
U0716,2023-12-01,enterprise,Retail,51-200,social,UK,22,10,0,,399,0
U0717,2023-01-01,pro,Finance,1-10,referral,UK,22,4,1,,99,0
U0717,2023-02-01,pro,Finance,1-10,referral,UK,14,6,0,,99,0
U0717,2023-03-01,pro,Finance,1-10,referral,UK,25,5,1,,99,0
U0717,2023-04-01,pro,Finance,1-10,referral,UK,15,5,0,4.0,99,0
U0717,2023-05-01,pro,Finance,1-10,referral,UK,15,6,1,,99,0
U0717,2023-06-01,pro,Finance,1-10,referral,UK,19,4,0,,99,0
U0717,2023-07-01,pro,Finance,1-10,referral,UK,15,6,0,,99,0
U0717,2023-08-01,pro,Finance,1-10,referral,UK,19,6,1,7.0,99,0
U0717,2023-09-01,pro,Finance,1-10,referral,UK,17,6,0,,99,0
U0717,2023-10-01,pro,Finance,1-10,referral,UK,10,7,1,2.0,99,0
U0717,2023-11-01,pro,Finance,1-10,referral,UK,30,5,1,,99,0
U0717,2023-12-01,pro,Finance,1-10,referral,UK,22,7,1,,99,0
U0718,2023-01-01,enterprise,Retail,11-50,referral,USA,35,10,0,,399,0
U0718,2023-02-01,enterprise,Retail,11-50,referral,USA,16,9,0,,399,0
U0718,2023-03-01,enterprise,Retail,11-50,referral,USA,26,10,2,9.0,399,0
U0718,2023-04-01,enterprise,Retail,11-50,referral,USA,35,10,0,,399,0
U0718,2023-05-01,enterprise,Retail,11-50,referral,USA,38,10,0,,399,0
U0718,2023-06-01,enterprise,Retail,11-50,referral,USA,48,10,0,7.0,399,0
U0718,2023-07-01,enterprise,Retail,11-50,referral,USA,37,10,1,,399,0
U0718,2023-08-01,enterprise,Retail,11-50,referral,USA,41,10,0,,399,0
U0718,2023-09-01,enterprise,Retail,11-50,referral,USA,51,9,1,,399,0
U0718,2023-10-01,enterprise,Retail,11-50,referral,USA,22,10,1,,399,0
U0718,2023-11-01,enterprise,Retail,11-50,referral,USA,36,10,0,,399,0
U0718,2023-12-01,enterprise,Retail,11-50,referral,USA,18,10,0,,399,0
U0719,2023-01-01,free,Healthcare,51-200,organic,Australia,1,1,2,,0,0
U0719,2023-02-01,free,Healthcare,51-200,organic,Australia,4,1,0,,0,0
U0719,2023-03-01,free,Healthcare,51-200,organic,Australia,4,1,0,,0,0
U0719,2023-04-01,free,Healthcare,51-200,organic,Australia,3,2,1,,0,0
U0719,2023-05-01,free,Healthcare,51-200,organic,Australia,4,1,0,5.0,0,0
U0719,2023-06-01,free,Healthcare,51-200,organic,Australia,2,1,2,,0,0
U0719,2023-07-01,free,Healthcare,51-200,organic,Australia,2,1,0,5.0,0,0
U0719,2023-08-01,free,Healthcare,51-200,organic,Australia,3,1,0,,0,0
U0720,2023-01-01,pro,Retail,11-50,organic,USA,19,4,0,,99,0
U0720,2023-02-01,pro,Retail,11-50,organic,USA,11,8,2,,99,0
U0720,2023-03-01,pro,Retail,11-50,organic,USA,22,6,0,,99,0
U0720,2023-04-01,pro,Retail,11-50,organic,USA,19,9,0,,99,0
U0720,2023-05-01,pro,Retail,11-50,organic,USA,19,5,1,,99,0
U0720,2023-06-01,pro,Retail,11-50,organic,USA,8,4,3,,99,0
U0720,2023-07-01,pro,Retail,11-50,organic,USA,28,4,1,,99,0
U0721,2023-01-01,enterprise,Ecommerce,51-200,referral,UK,57,10,1,7.0,399,0
U0721,2023-02-01,enterprise,Ecommerce,51-200,referral,UK,46,10,0,,399,0
U0721,2023-03-01,enterprise,Ecommerce,51-200,referral,UK,32,9,1,,399,0
U0721,2023-04-01,enterprise,Ecommerce,51-200,referral,UK,48,10,0,,399,0
U0721,2023-05-01,enterprise,Ecommerce,51-200,referral,UK,47,10,0,7.0,399,0
U0721,2023-06-01,enterprise,Ecommerce,51-200,referral,UK,56,10,3,,399,0
U0721,2023-07-01,enterprise,Ecommerce,51-200,referral,UK,22,10,0,,399,0
U0721,2023-08-01,enterprise,Ecommerce,51-200,referral,UK,36,9,0,,399,0
U0721,2023-09-01,enterprise,Ecommerce,51-200,referral,UK,25,10,0,,399,0
U0723,2023-01-01,free,Education,201-1000,paid_search,USA,1,1,0,,0,0
U0723,2023-02-01,free,Education,201-1000,paid_search,USA,3,1,0,,0,0
U0723,2023-03-01,free,Education,201-1000,paid_search,USA,3,1,1,,0,0
U0723,2023-04-01,free,Education,201-1000,paid_search,USA,3,1,1,,0,0
U0723,2023-05-01,free,Education,201-1000,paid_search,USA,2,1,2,,0,0
U0723,2023-06-01,free,Education,201-1000,paid_search,USA,4,1,0,,0,0
U0723,2023-07-01,free,Education,201-1000,paid_search,USA,2,3,2,,0,0
U0723,2023-08-01,free,Education,201-1000,paid_search,USA,3,1,3,,0,0
U0723,2023-09-01,free,Education,201-1000,paid_search,USA,3,2,0,,0,0
U0723,2023-10-01,free,Education,201-1000,paid_search,USA,2,1,2,,0,0
U0723,2023-11-01,free,Education,201-1000,paid_search,USA,2,1,1,,0,0
U0723,2023-12-01,free,Education,201-1000,paid_search,USA,2,2,0,,0,0
U0724,2023-01-01,pro,SaaS,201-1000,organic,Canada,11,5,1,7.0,99,0
U0724,2023-02-01,pro,SaaS,201-1000,organic,Canada,14,3,1,,99,0
U0724,2023-03-01,pro,SaaS,201-1000,organic,Canada,23,4,0,,99,0
U0724,2023-04-01,pro,SaaS,201-1000,organic,Canada,14,2,1,,99,0
U0724,2023-05-01,pro,SaaS,201-1000,organic,Canada,21,5,2,,99,0
U0724,2023-06-01,pro,SaaS,201-1000,organic,Canada,10,5,1,,99,0
U0724,2023-07-01,pro,SaaS,201-1000,organic,Canada,21,6,0,,99,0
U0724,2023-08-01,pro,SaaS,201-1000,organic,Canada,20,5,0,,99,0
U0724,2023-09-01,pro,SaaS,201-1000,organic,Canada,20,4,0,,99,0
U0724,2023-10-01,pro,SaaS,201-1000,organic,Canada,18,5,2,,99,0
U0725,2023-01-01,starter,Healthcare,11-50,organic,Canada,2,2,1,,29,0
U0725,2023-02-01,starter,Healthcare,11-50,organic,Canada,5,3,0,,29,0
U0725,2023-03-01,starter,Healthcare,11-50,organic,Canada,6,3,1,,29,0
U0725,2023-04-01,starter,Healthcare,11-50,organic,Canada,7,1,0,,29,0
U0725,2023-05-01,starter,Healthcare,11-50,organic,Canada,10,1,2,,29,0
U0725,2023-06-01,starter,Healthcare,11-50,organic,Canada,11,2,0,,29,0
U0725,2023-07-01,starter,Healthcare,11-50,organic,Canada,6,1,2,7.0,29,0
U0725,2023-08-01,starter,Healthcare,11-50,organic,Canada,3,1,0,,29,0
U0725,2023-09-01,starter,Healthcare,11-50,organic,Canada,8,1,0,,29,0
U0725,2023-10-01,starter,Healthcare,11-50,organic,Canada,10,2,0,,29,0
U0725,2023-11-01,starter,Healthcare,11-50,organic,Canada,10,5,1,,29,0
U0725,2023-12-01,starter,Healthcare,11-50,organic,Canada,8,1,0,8.0,29,0
U0726,2023-01-01,pro,Education,11-50,organic,France,17,4,1,,99,0
U0726,2023-02-01,pro,Education,11-50,organic,France,19,4,0,,99,0
U0726,2023-03-01,pro,Education,11-50,organic,France,24,3,0,,99,0
U0726,2023-04-01,pro,Education,11-50,organic,France,24,5,0,,99,0
U0726,2023-05-01,pro,Education,11-50,organic,France,22,3,0,,99,0
U0726,2023-06-01,pro,Education,11-50,organic,France,19,4,1,6.0,99,0
U0726,2023-07-01,pro,Education,11-50,organic,France,10,8,2,,99,0
U0726,2023-08-01,pro,Education,11-50,organic,France,21,4,0,,99,0
U0726,2023-09-01,pro,Education,11-50,organic,France,13,5,3,,99,0
U0726,2023-10-01,pro,Education,11-50,organic,France,8,6,0,8.0,99,0
U0726,2023-11-01,pro,Education,11-50,organic,France,17,5,1,,99,0
U0726,2023-12-01,pro,Education,11-50,organic,France,21,5,1,,99,0
U0727,2023-01-01,free,Healthcare,11-50,social,Canada,2,1,1,,0,0
U0727,2023-02-01,free,Healthcare,11-50,social,Canada,2,1,0,,0,0
U0727,2023-03-01,free,Healthcare,11-50,social,Canada,2,3,1,,0,0
U0727,2023-04-01,free,Healthcare,11-50,social,Canada,2,1,2,,0,0
U0727,2023-05-01,free,Healthcare,11-50,social,Canada,3,1,0,,0,0
U0727,2023-06-01,free,Healthcare,11-50,social,Canada,2,1,0,,0,0
U0728,2023-01-01,pro,SaaS,11-50,organic,Other,20,4,0,,99,0
U0728,2023-02-01,pro,SaaS,11-50,organic,Other,10,4,0,8.0,99,0
U0728,2023-03-01,pro,SaaS,11-50,organic,Other,26,5,0,,99,0
U0728,2023-04-01,pro,SaaS,11-50,organic,Other,29,4,0,,99,0
U0728,2023-05-01,pro,SaaS,11-50,organic,Other,21,6,1,,99,0
U0728,2023-06-01,pro,SaaS,11-50,organic,Other,29,4,0,7.0,99,0
U0728,2023-07-01,pro,SaaS,11-50,organic,Other,9,7,2,,99,0
U0729,2023-01-01,free,Retail,51-200,paid_search,USA,3,1,0,,0,0
U0729,2023-02-01,free,Retail,51-200,paid_search,USA,2,2,1,7.0,0,0
U0729,2023-03-01,free,Retail,51-200,paid_search,USA,2,1,0,,0,0
U0729,2023-04-01,free,Retail,51-200,paid_search,USA,2,4,1,,0,0
U0729,2023-05-01,free,Retail,51-200,paid_search,USA,3,2,0,,0,0
U0729,2023-06-01,free,Retail,51-200,paid_search,USA,3,1,0,,0,0
U0729,2023-07-01,free,Retail,51-200,paid_search,USA,2,1,0,,0,0
U0729,2023-08-01,free,Retail,51-200,paid_search,USA,2,2,0,4.0,0,0
U0729,2023-09-01,free,Retail,51-200,paid_search,USA,3,1,0,,0,0
U0731,2023-01-01,free,SaaS,51-200,referral,USA,2,1,2,,0,0
U0731,2023-02-01,free,SaaS,51-200,referral,USA,3,1,2,,0,0
U0731,2023-03-01,free,SaaS,51-200,referral,USA,2,1,0,,0,0
U0731,2023-04-01,free,SaaS,51-200,referral,USA,2,1,1,,0,0
U0731,2023-05-01,free,SaaS,51-200,referral,USA,4,1,1,,0,0
U0731,2023-06-01,free,SaaS,51-200,referral,USA,1,1,1,,0,0
U0731,2023-07-01,free,SaaS,51-200,referral,USA,2,1,1,,0,0
U0731,2023-08-01,free,SaaS,51-200,referral,USA,4,1,1,,0,0
U0731,2023-09-01,free,SaaS,51-200,referral,USA,3,2,0,7.0,0,0
U0731,2023-10-01,free,SaaS,51-200,referral,USA,3,1,1,,0,0
U0731,2023-11-01,free,SaaS,51-200,referral,USA,3,1,0,,0,0
U0731,2023-12-01,free,SaaS,51-200,referral,USA,3,2,2,,0,0
U0732,2023-01-01,pro,Education,11-50,organic,USA,21,5,4,,99,0
U0732,2023-02-01,pro,Education,11-50,organic,USA,23,5,0,,99,0
U0732,2023-03-01,pro,Education,11-50,organic,USA,19,5,0,8.0,99,0
U0732,2023-04-01,pro,Education,11-50,organic,USA,12,7,1,,99,0
U0732,2023-05-01,pro,Education,11-50,organic,USA,13,8,0,,99,0
U0732,2023-06-01,pro,Education,11-50,organic,USA,26,6,2,,99,0
U0732,2023-07-01,pro,Education,11-50,organic,USA,19,5,1,8.0,99,0
U0732,2023-08-01,pro,Education,11-50,organic,USA,11,5,2,6.0,99,0
U0732,2023-09-01,pro,Education,11-50,organic,USA,14,4,4,,99,0
U0732,2023-10-01,pro,Education,11-50,organic,USA,20,7,2,,99,0
U0732,2023-11-01,pro,Education,11-50,organic,USA,18,6,2,8.0,99,0
U0732,2023-12-01,pro,Education,11-50,organic,USA,12,7,0,,99,0
U0733,2023-01-01,starter,SaaS,1-10,social,Canada,7,3,1,,29,0
U0733,2023-02-01,starter,SaaS,1-10,social,Canada,7,1,0,7.0,29,0
U0733,2023-03-01,starter,SaaS,1-10,social,Canada,12,2,1,,29,0
U0733,2023-04-01,starter,SaaS,1-10,social,Canada,5,1,1,,29,0
U0733,2023-05-01,starter,SaaS,1-10,social,Canada,8,3,1,,29,0
U0733,2023-06-01,starter,SaaS,1-10,social,Canada,9,1,3,,29,0
U0733,2023-07-01,starter,SaaS,1-10,social,Canada,8,2,2,,29,0
U0733,2023-08-01,starter,SaaS,1-10,social,Canada,8,2,1,,29,0
U0733,2023-09-01,starter,SaaS,1-10,social,Canada,2,4,1,,29,0
U0733,2023-10-01,starter,SaaS,1-10,social,Canada,8,2,2,4.0,29,0
U0733,2023-11-01,starter,SaaS,1-10,social,Canada,7,2,0,5.0,29,0
U0733,2023-12-01,starter,SaaS,1-10,social,Canada,8,2,0,,29,0
U0734,2023-01-01,starter,Finance,11-50,social,Germany,8,4,0,3.0,29,0
U0734,2023-02-01,starter,Finance,11-50,social,Germany,6,3,1,,29,0
U0734,2023-03-01,starter,Finance,11-50,social,Germany,9,2,0,,29,0
U0734,2023-04-01,starter,Finance,11-50,social,Germany,8,5,2,,29,0
U0734,2023-05-01,starter,Finance,11-50,social,Germany,10,3,0,,29,0
U0734,2023-06-01,starter,Finance,11-50,social,Germany,8,1,2,,29,0
U0734,2023-07-01,starter,Finance,11-50,social,Germany,8,2,1,,29,0
U0734,2023-08-01,starter,Finance,11-50,social,Germany,5,2,2,,29,0
U0734,2023-09-01,starter,Finance,11-50,social,Germany,10,1,0,,29,0
U0734,2023-10-01,starter,Finance,11-50,social,Germany,9,1,0,,29,0
U0734,2023-11-01,starter,Finance,11-50,social,Germany,7,1,1,,29,0
U0734,2023-12-01,starter,Finance,11-50,social,Germany,10,2,0,,29,0
U0735,2023-01-01,free,Ecommerce,1-10,organic,USA,3,1,1,,0,0
U0736,2023-01-01,pro,Education,201-1000,social,Other,29,6,3,,99,0
U0736,2023-02-01,pro,Education,201-1000,social,Other,24,5,1,,99,0
U0736,2023-03-01,pro,Education,201-1000,social,Other,25,7,1,,99,0
U0736,2023-04-01,pro,Education,201-1000,social,Other,17,4,0,,99,0
U0736,2023-05-01,pro,Education,201-1000,social,Other,22,7,1,,99,0
U0736,2023-06-01,pro,Education,201-1000,social,Other,13,5,0,,99,0
U0736,2023-07-01,pro,Education,201-1000,social,Other,16,6,1,9.0,99,0
U0736,2023-08-01,pro,Education,201-1000,social,Other,9,6,0,,99,0
U0736,2023-09-01,pro,Education,201-1000,social,Other,20,4,0,,99,0
U0736,2023-10-01,pro,Education,201-1000,social,Other,5,6,1,,99,0
U0736,2023-11-01,pro,Education,201-1000,social,Other,20,4,0,7.0,99,0
U0736,2023-12-01,pro,Education,201-1000,social,Other,16,6,0,,99,0
U0737,2023-01-01,free,Healthcare,11-50,direct,Australia,3,2,0,,0,0
U0737,2023-02-01,free,Healthcare,11-50,direct,Australia,3,2,3,,0,0
U0737,2023-03-01,free,Healthcare,11-50,direct,Australia,3,3,1,,0,0
U0737,2023-04-01,free,Healthcare,11-50,direct,Australia,3,1,1,7.0,0,0
U0738,2023-01-01,pro,Finance,1-10,social,USA,18,5,1,,99,0
U0738,2023-02-01,pro,Finance,1-10,social,USA,16,4,1,10.0,99,0
U0738,2023-03-01,pro,Finance,1-10,social,USA,14,5,1,8.0,99,0
U0738,2023-04-01,pro,Finance,1-10,social,USA,7,4,1,6.0,99,0
U0738,2023-05-01,pro,Finance,1-10,social,USA,26,5,0,,99,0
U0738,2023-06-01,pro,Finance,1-10,social,USA,14,7,2,,99,0
U0738,2023-07-01,pro,Finance,1-10,social,USA,17,6,3,,99,0
U0739,2023-01-01,starter,Education,1-10,social,USA,6,3,2,,29,0
U0739,2023-02-01,starter,Education,1-10,social,USA,7,2,4,,29,0
U0739,2023-03-01,starter,Education,1-10,social,USA,6,1,2,,29,0
U0739,2023-04-01,starter,Education,1-10,social,USA,3,1,0,,29,0
U0739,2023-05-01,starter,Education,1-10,social,USA,6,2,2,,29,0
U0739,2023-06-01,starter,Education,1-10,social,USA,9,2,2,,29,0
U0739,2023-07-01,starter,Education,1-10,social,USA,7,1,0,,29,0
U0739,2023-08-01,starter,Education,1-10,social,USA,7,2,1,,29,0
U0739,2023-09-01,starter,Education,1-10,social,USA,4,2,2,,29,0
U0739,2023-10-01,starter,Education,1-10,social,USA,6,1,1,5.0,29,0
U0739,2023-11-01,starter,Education,1-10,social,USA,6,5,0,,29,0
U0739,2023-12-01,starter,Education,1-10,social,USA,4,5,0,,29,0
U0740,2023-01-01,free,SaaS,51-200,organic,USA,3,1,0,,0,0
U0740,2023-02-01,free,SaaS,51-200,organic,USA,3,1,1,,0,0
U0740,2023-03-01,free,SaaS,51-200,organic,USA,4,1,0,6.0,0,0
U0740,2023-04-01,free,SaaS,51-200,organic,USA,2,1,0,,0,0
U0740,2023-05-01,free,SaaS,51-200,organic,USA,3,2,0,,0,0
U0740,2023-06-01,free,SaaS,51-200,organic,USA,3,1,1,,0,0
U0740,2023-07-01,free,SaaS,51-200,organic,USA,1,1,1,,0,0
U0741,2023-01-01,starter,SaaS,51-200,paid_search,USA,5,2,0,,29,0
U0741,2023-02-01,starter,SaaS,51-200,paid_search,USA,6,5,1,6.0,29,0
U0741,2023-03-01,starter,SaaS,51-200,paid_search,USA,6,2,0,,29,0
U0741,2023-04-01,starter,SaaS,51-200,paid_search,USA,8,2,0,,29,0
U0741,2023-05-01,starter,SaaS,51-200,paid_search,USA,7,1,1,,29,0
U0741,2023-06-01,starter,SaaS,51-200,paid_search,USA,7,1,0,,29,0
U0741,2023-07-01,starter,SaaS,51-200,paid_search,USA,5,3,1,,29,0
U0741,2023-08-01,starter,SaaS,51-200,paid_search,USA,14,7,0,,29,0
U0741,2023-09-01,starter,SaaS,51-200,paid_search,USA,5,5,1,,29,0
U0741,2023-10-01,starter,SaaS,51-200,paid_search,USA,9,2,0,,29,0
U0741,2023-11-01,starter,SaaS,51-200,paid_search,USA,9,5,0,,29,0
U0741,2023-12-01,starter,SaaS,51-200,paid_search,USA,9,3,2,4.0,29,0
U0742,2023-01-01,free,SaaS,11-50,organic,USA,2,2,1,,0,0
U0742,2023-02-01,free,SaaS,11-50,organic,USA,1,1,1,,0,0
U0742,2023-03-01,free,SaaS,11-50,organic,USA,2,1,0,,0,0
U0742,2023-04-01,free,SaaS,11-50,organic,USA,3,4,0,,0,0
U0742,2023-05-01,free,SaaS,11-50,organic,USA,2,1,0,7.0,0,0
U0742,2023-06-01,free,SaaS,11-50,organic,USA,2,1,0,,0,0
U0742,2023-07-01,free,SaaS,11-50,organic,USA,2,1,1,,0,0
U0742,2023-08-01,free,SaaS,11-50,organic,USA,6,2,1,,0,0
U0742,2023-09-01,free,SaaS,11-50,organic,USA,3,1,1,,0,0
U0742,2023-10-01,free,SaaS,11-50,organic,USA,2,1,2,,0,0
U0742,2023-11-01,free,SaaS,11-50,organic,USA,3,1,0,,0,0
U0742,2023-12-01,free,SaaS,11-50,organic,USA,3,1,1,,0,0
U0743,2023-01-01,pro,SaaS,1-10,organic,UK,13,7,1,,99,0
U0743,2023-02-01,pro,SaaS,1-10,organic,UK,11,3,0,,99,0
U0743,2023-03-01,pro,SaaS,1-10,organic,UK,23,6,0,,99,0
U0743,2023-04-01,pro,SaaS,1-10,organic,UK,17,5,1,,99,0
U0743,2023-05-01,pro,SaaS,1-10,organic,UK,16,4,0,10.0,99,0
U0743,2023-06-01,pro,SaaS,1-10,organic,UK,20,5,1,9.0,99,0
U0743,2023-07-01,pro,SaaS,1-10,organic,UK,7,7,0,,99,0
U0743,2023-08-01,pro,SaaS,1-10,organic,UK,18,5,2,,99,0
U0743,2023-09-01,pro,SaaS,1-10,organic,UK,21,4,0,,99,0
U0743,2023-10-01,pro,SaaS,1-10,organic,UK,13,5,1,,99,0
U0744,2023-01-01,starter,Healthcare,11-50,direct,USA,1,2,1,,29,0
U0744,2023-02-01,starter,Healthcare,11-50,direct,USA,4,2,0,,29,0
U0744,2023-03-01,starter,Healthcare,11-50,direct,USA,5,1,1,,29,0
U0744,2023-04-01,starter,Healthcare,11-50,direct,USA,11,5,0,,29,0
U0744,2023-05-01,starter,Healthcare,11-50,direct,USA,5,1,1,,29,0
U0744,2023-06-01,starter,Healthcare,11-50,direct,USA,7,1,1,,29,0
U0744,2023-07-01,starter,Healthcare,11-50,direct,USA,6,4,2,,29,0
U0744,2023-08-01,starter,Healthcare,11-50,direct,USA,6,1,2,,29,0
U0744,2023-09-01,starter,Healthcare,11-50,direct,USA,7,4,1,,29,0
U0744,2023-10-01,starter,Healthcare,11-50,direct,USA,9,1,1,,29,0
U0744,2023-11-01,starter,Healthcare,11-50,direct,USA,5,1,0,,29,0
U0744,2023-12-01,starter,Healthcare,11-50,direct,USA,9,4,0,7.0,29,0
U0745,2023-01-01,free,Finance,11-50,organic,USA,1,1,0,,0,0
U0746,2023-01-01,pro,Retail,51-200,referral,Other,22,2,0,,99,0
U0746,2023-02-01,pro,Retail,51-200,referral,Other,14,5,0,8.0,99,0
U0746,2023-03-01,pro,Retail,51-200,referral,Other,16,6,2,,99,0
U0746,2023-04-01,pro,Retail,51-200,referral,Other,17,5,1,,99,0
U0746,2023-05-01,pro,Retail,51-200,referral,Other,13,4,0,,99,0
U0746,2023-06-01,pro,Retail,51-200,referral,Other,14,6,2,,99,0
U0746,2023-07-01,pro,Retail,51-200,referral,Other,14,5,2,,99,0
U0746,2023-08-01,pro,Retail,51-200,referral,Other,23,8,1,4.0,99,0
U0746,2023-09-01,pro,Retail,51-200,referral,Other,22,7,1,,99,0
U0746,2023-10-01,pro,Retail,51-200,referral,Other,11,6,1,,99,0
U0746,2023-11-01,pro,Retail,51-200,referral,Other,28,7,1,,99,0
U0746,2023-12-01,pro,Retail,51-200,referral,Other,18,4,0,,99,0
U0747,2023-01-01,free,Ecommerce,51-200,social,Germany,1,1,1,,0,0
U0747,2023-02-01,free,Ecommerce,51-200,social,Germany,2,1,0,5.0,0,0
U0747,2023-03-01,free,Ecommerce,51-200,social,Germany,3,1,2,,0,0
U0747,2023-04-01,free,Ecommerce,51-200,social,Germany,3,3,1,,0,0
U0747,2023-05-01,free,Ecommerce,51-200,social,Germany,3,1,0,,0,0
U0748,2023-01-01,starter,Healthcare,11-50,social,Other,8,2,0,,29,0
U0748,2023-02-01,starter,Healthcare,11-50,social,Other,7,1,1,,29,0
U0748,2023-03-01,starter,Healthcare,11-50,social,Other,11,3,0,,29,0
U0748,2023-04-01,starter,Healthcare,11-50,social,Other,12,1,2,,29,0
U0748,2023-05-01,starter,Healthcare,11-50,social,Other,8,2,3,,29,0
U0748,2023-06-01,starter,Healthcare,11-50,social,Other,9,1,1,,29,0
U0748,2023-07-01,starter,Healthcare,11-50,social,Other,5,1,0,,29,0
U0748,2023-08-01,starter,Healthcare,11-50,social,Other,8,1,1,,29,0
U0748,2023-09-01,starter,Healthcare,11-50,social,Other,7,3,0,,29,0
U0748,2023-10-01,starter,Healthcare,11-50,social,Other,8,1,1,,29,0
U0748,2023-11-01,starter,Healthcare,11-50,social,Other,12,3,0,,29,0
U0748,2023-12-01,starter,Healthcare,11-50,social,Other,13,1,2,,29,0
U0749,2023-01-01,enterprise,Healthcare,1-10,direct,USA,19,10,1,,399,0
U0749,2023-02-01,enterprise,Healthcare,1-10,direct,USA,32,10,0,,399,0
U0749,2023-03-01,enterprise,Healthcare,1-10,direct,USA,20,10,0,,399,0
U0749,2023-04-01,enterprise,Healthcare,1-10,direct,USA,20,8,0,8.0,399,0
U0749,2023-05-01,enterprise,Healthcare,1-10,direct,USA,29,10,2,,399,0
U0749,2023-06-01,enterprise,Healthcare,1-10,direct,USA,38,10,0,,399,0
U0749,2023-07-01,enterprise,Healthcare,1-10,direct,USA,48,8,0,,399,0
U0749,2023-08-01,enterprise,Healthcare,1-10,direct,USA,41,10,0,,399,0
U0749,2023-09-01,enterprise,Healthcare,1-10,direct,USA,40,10,0,,399,0
U0749,2023-10-01,enterprise,Healthcare,1-10,direct,USA,43,10,0,,399,0
U0749,2023-11-01,enterprise,Healthcare,1-10,direct,USA,45,10,0,,399,0
U0749,2023-12-01,enterprise,Healthcare,1-10,direct,USA,17,10,0,,399,0
U0750,2023-01-01,starter,Retail,1000+,organic,USA,7,2,1,,29,0
U0750,2023-02-01,starter,Retail,1000+,organic,USA,10,1,1,,29,0
U0750,2023-03-01,starter,Retail,1000+,organic,USA,8,2,1,,29,0
U0750,2023-04-01,starter,Retail,1000+,organic,USA,4,3,1,4.0,29,0
U0750,2023-05-01,starter,Retail,1000+,organic,USA,9,1,1,,29,0
U0750,2023-06-01,starter,Retail,1000+,organic,USA,7,1,0,5.0,29,0
U0750,2023-07-01,starter,Retail,1000+,organic,USA,7,3,0,,29,0
U0750,2023-08-01,starter,Retail,1000+,organic,USA,5,4,1,,29,0
U0751,2023-01-01,free,Retail,11-50,organic,Canada,4,3,0,,0,0
U0751,2023-02-01,free,Retail,11-50,organic,Canada,2,2,4,,0,0
U0751,2023-03-01,free,Retail,11-50,organic,Canada,3,3,4,,0,0
U0751,2023-04-01,free,Retail,11-50,organic,Canada,2,1,0,,0,0
U0751,2023-05-01,free,Retail,11-50,organic,Canada,3,1,0,,0,0
U0751,2023-06-01,free,Retail,11-50,organic,Canada,1,1,2,,0,0
U0752,2023-01-01,enterprise,Ecommerce,51-200,paid_search,USA,36,9,0,,399,0
U0752,2023-02-01,enterprise,Ecommerce,51-200,paid_search,USA,55,10,0,,399,0
U0752,2023-03-01,enterprise,Ecommerce,51-200,paid_search,USA,43,10,0,9.0,399,0
U0752,2023-04-01,enterprise,Ecommerce,51-200,paid_search,USA,46,10,1,,399,0
U0752,2023-05-01,enterprise,Ecommerce,51-200,paid_search,USA,33,10,0,,399,0
U0752,2023-06-01,enterprise,Ecommerce,51-200,paid_search,USA,33,10,0,,399,0
U0752,2023-07-01,enterprise,Ecommerce,51-200,paid_search,USA,35,4,0,6.0,399,0
U0752,2023-08-01,enterprise,Ecommerce,51-200,paid_search,USA,36,10,0,,399,0
U0752,2023-09-01,enterprise,Ecommerce,51-200,paid_search,USA,39,10,1,,399,0
U0752,2023-10-01,enterprise,Ecommerce,51-200,paid_search,USA,42,10,1,,399,0
U0752,2023-11-01,enterprise,Ecommerce,51-200,paid_search,USA,23,10,0,,399,0
U0752,2023-12-01,enterprise,Ecommerce,51-200,paid_search,USA,28,10,0,6.0,399,0
U0753,2023-01-01,starter,Ecommerce,1-10,organic,USA,5,1,0,,29,0
U0753,2023-02-01,starter,Ecommerce,1-10,organic,USA,4,1,0,,29,0
U0753,2023-03-01,starter,Ecommerce,1-10,organic,USA,3,1,0,,29,0
U0753,2023-04-01,starter,Ecommerce,1-10,organic,USA,7,1,0,,29,0
U0753,2023-05-01,starter,Ecommerce,1-10,organic,USA,6,3,0,,29,0
U0754,2023-01-01,free,Retail,11-50,organic,Germany,3,1,1,6.0,0,0
U0754,2023-02-01,free,Retail,11-50,organic,Germany,2,1,2,,0,0
U0754,2023-03-01,free,Retail,11-50,organic,Germany,2,1,1,,0,0
U0754,2023-04-01,free,Retail,11-50,organic,Germany,2,1,0,5.0,0,0
U0754,2023-05-01,free,Retail,11-50,organic,Germany,3,1,1,,0,0
U0754,2023-06-01,free,Retail,11-50,organic,Germany,5,2,2,,0,0
U0754,2023-07-01,free,Retail,11-50,organic,Germany,2,1,0,,0,0
U0755,2023-01-01,free,SaaS,1-10,paid_search,Germany,2,1,3,,0,0
U0755,2023-02-01,free,SaaS,1-10,paid_search,Germany,2,3,3,,0,0
U0755,2023-03-01,free,SaaS,1-10,paid_search,Germany,3,2,0,,0,0
U0755,2023-04-01,free,SaaS,1-10,paid_search,Germany,3,1,0,,0,0
U0755,2023-05-01,free,SaaS,1-10,paid_search,Germany,2,1,1,,0,0
U0755,2023-06-01,free,SaaS,1-10,paid_search,Germany,3,1,0,,0,0
U0756,2023-01-01,pro,Healthcare,11-50,referral,UK,18,7,1,,99,0
U0756,2023-02-01,pro,Healthcare,11-50,referral,UK,32,8,2,,99,0
U0756,2023-03-01,pro,Healthcare,11-50,referral,UK,17,6,1,,99,0
U0756,2023-04-01,pro,Healthcare,11-50,referral,UK,15,1,1,,99,0
U0756,2023-05-01,pro,Healthcare,11-50,referral,UK,16,6,1,7.0,99,0
U0756,2023-06-01,pro,Healthcare,11-50,referral,UK,26,9,2,9.0,99,0
U0756,2023-07-01,pro,Healthcare,11-50,referral,UK,16,6,0,,99,0
U0756,2023-08-01,pro,Healthcare,11-50,referral,UK,20,4,0,,99,0
U0756,2023-09-01,pro,Healthcare,11-50,referral,UK,25,6,1,,99,0
U0756,2023-10-01,pro,Healthcare,11-50,referral,UK,21,6,0,,99,0
U0756,2023-11-01,pro,Healthcare,11-50,referral,UK,14,6,1,,99,0
U0756,2023-12-01,pro,Healthcare,11-50,referral,UK,11,8,0,,99,0
U0757,2023-01-01,starter,Education,1000+,paid_search,UK,7,4,1,,29,0
U0757,2023-02-01,starter,Education,1000+,paid_search,UK,9,3,2,,29,0
U0757,2023-03-01,starter,Education,1000+,paid_search,UK,11,4,0,,29,0
U0757,2023-04-01,starter,Education,1000+,paid_search,UK,12,1,0,3.0,29,0
U0757,2023-05-01,starter,Education,1000+,paid_search,UK,5,2,0,,29,0
U0757,2023-06-01,starter,Education,1000+,paid_search,UK,8,2,0,9.0,29,0
U0757,2023-07-01,starter,Education,1000+,paid_search,UK,11,2,1,,29,0
U0757,2023-08-01,starter,Education,1000+,paid_search,UK,10,4,1,5.0,29,0
U0757,2023-09-01,starter,Education,1000+,paid_search,UK,8,2,1,,29,0
U0757,2023-10-01,starter,Education,1000+,paid_search,UK,10,1,0,,29,0
U0757,2023-11-01,starter,Education,1000+,paid_search,UK,8,2,0,,29,0
U0758,2023-01-01,starter,Ecommerce,11-50,organic,UK,10,1,0,,29,0
U0758,2023-02-01,starter,Ecommerce,11-50,organic,UK,4,1,1,,29,0
U0758,2023-03-01,starter,Ecommerce,11-50,organic,UK,8,1,0,,29,0
U0758,2023-04-01,starter,Ecommerce,11-50,organic,UK,7,1,1,,29,0
U0758,2023-05-01,starter,Ecommerce,11-50,organic,UK,8,3,0,,29,0
U0758,2023-06-01,starter,Ecommerce,11-50,organic,UK,5,4,1,,29,0
U0758,2023-07-01,starter,Ecommerce,11-50,organic,UK,5,4,2,,29,0
U0758,2023-08-01,starter,Ecommerce,11-50,organic,UK,6,1,1,,29,0
U0758,2023-09-01,starter,Ecommerce,11-50,organic,UK,8,5,1,6.0,29,0
U0758,2023-10-01,starter,Ecommerce,11-50,organic,UK,5,1,1,,29,0
U0758,2023-11-01,starter,Ecommerce,11-50,organic,UK,9,3,0,3.0,29,0
U0759,2023-01-01,pro,Ecommerce,1-10,referral,USA,20,3,1,,99,0
U0759,2023-02-01,pro,Ecommerce,1-10,referral,USA,16,6,1,,99,0
U0759,2023-03-01,pro,Ecommerce,1-10,referral,USA,20,4,0,,99,0
U0759,2023-04-01,pro,Ecommerce,1-10,referral,USA,18,5,0,,99,0
U0759,2023-05-01,pro,Ecommerce,1-10,referral,USA,9,2,0,,99,0
U0759,2023-06-01,pro,Ecommerce,1-10,referral,USA,26,5,1,,99,0
U0759,2023-07-01,pro,Ecommerce,1-10,referral,USA,14,6,1,,99,0
U0759,2023-08-01,pro,Ecommerce,1-10,referral,USA,21,6,0,,99,0
U0760,2023-01-01,pro,Retail,1-10,organic,USA,21,3,0,6.0,99,0
U0760,2023-02-01,pro,Retail,1-10,organic,USA,13,8,1,6.0,99,0
U0760,2023-03-01,pro,Retail,1-10,organic,USA,23,5,0,,99,0
U0761,2023-01-01,free,Finance,11-50,organic,USA,3,1,1,,0,0
U0761,2023-02-01,free,Finance,11-50,organic,USA,1,1,0,,0,0
U0761,2023-03-01,free,Finance,11-50,organic,USA,3,4,1,,0,0
U0763,2023-01-01,free,Education,1-10,referral,Other,2,2,0,6.0,0,0
U0763,2023-02-01,free,Education,1-10,referral,Other,2,2,1,,0,0
U0763,2023-03-01,free,Education,1-10,referral,Other,3,1,0,,0,0
U0763,2023-04-01,free,Education,1-10,referral,Other,2,1,0,,0,0
U0763,2023-05-01,free,Education,1-10,referral,Other,1,1,1,,0,0
U0764,2023-01-01,pro,Ecommerce,51-200,referral,Canada,20,6,0,,99,0
U0764,2023-02-01,pro,Ecommerce,51-200,referral,Canada,23,5,4,,99,0
U0764,2023-03-01,pro,Ecommerce,51-200,referral,Canada,20,5,1,,99,0
U0764,2023-04-01,pro,Ecommerce,51-200,referral,Canada,18,6,1,,99,0
U0764,2023-05-01,pro,Ecommerce,51-200,referral,Canada,18,5,1,5.0,99,0
U0764,2023-06-01,pro,Ecommerce,51-200,referral,Canada,9,4,1,,99,0
U0764,2023-07-01,pro,Ecommerce,51-200,referral,Canada,24,6,0,,99,0
U0764,2023-08-01,pro,Ecommerce,51-200,referral,Canada,24,4,1,,99,0
U0765,2023-01-01,free,SaaS,11-50,organic,India,2,1,1,7.0,0,0
U0765,2023-02-01,free,SaaS,11-50,organic,India,3,1,1,,0,0
U0765,2023-03-01,free,SaaS,11-50,organic,India,3,3,0,,0,0
U0765,2023-04-01,free,SaaS,11-50,organic,India,2,1,1,,0,0
U0765,2023-05-01,free,SaaS,11-50,organic,India,1,1,0,,0,0
U0766,2023-01-01,starter,Finance,1-10,social,USA,5,4,2,,29,0
U0766,2023-02-01,starter,Finance,1-10,social,USA,6,1,2,,29,0
U0766,2023-03-01,starter,Finance,1-10,social,USA,5,3,0,,29,0
U0766,2023-04-01,starter,Finance,1-10,social,USA,4,5,0,,29,0
U0766,2023-05-01,starter,Finance,1-10,social,USA,7,2,1,,29,0
U0766,2023-06-01,starter,Finance,1-10,social,USA,7,3,1,,29,0
U0766,2023-07-01,starter,Finance,1-10,social,USA,11,4,1,,29,0
U0766,2023-08-01,starter,Finance,1-10,social,USA,8,3,1,,29,0
U0766,2023-09-01,starter,Finance,1-10,social,USA,6,3,3,,29,0
U0766,2023-10-01,starter,Finance,1-10,social,USA,5,1,0,,29,0
U0766,2023-11-01,starter,Finance,1-10,social,USA,9,1,0,,29,0
U0766,2023-12-01,starter,Finance,1-10,social,USA,3,1,1,,29,0
U0767,2023-01-01,pro,Education,201-1000,referral,USA,14,7,1,,99,0
U0767,2023-02-01,pro,Education,201-1000,referral,USA,11,7,2,,99,0
U0767,2023-03-01,pro,Education,201-1000,referral,USA,13,4,1,,99,0
U0767,2023-04-01,pro,Education,201-1000,referral,USA,17,5,1,,99,0
U0767,2023-05-01,pro,Education,201-1000,referral,USA,19,10,0,6.0,99,0
U0767,2023-06-01,pro,Education,201-1000,referral,USA,16,8,1,8.0,99,0
U0767,2023-07-01,pro,Education,201-1000,referral,USA,22,5,0,,99,0
U0767,2023-08-01,pro,Education,201-1000,referral,USA,13,5,2,8.0,99,0
U0767,2023-09-01,pro,Education,201-1000,referral,USA,17,8,1,,99,0
U0767,2023-10-01,pro,Education,201-1000,referral,USA,15,6,1,,99,0
U0767,2023-11-01,pro,Education,201-1000,referral,USA,18,7,0,,99,0
U0767,2023-12-01,pro,Education,201-1000,referral,USA,20,5,2,,99,0
U0768,2023-01-01,pro,Ecommerce,1-10,paid_search,USA,15,7,0,,99,0
U0768,2023-02-01,pro,Ecommerce,1-10,paid_search,USA,14,5,2,,99,0
U0768,2023-03-01,pro,Ecommerce,1-10,paid_search,USA,23,8,0,,99,0
U0768,2023-04-01,pro,Ecommerce,1-10,paid_search,USA,15,7,0,,99,0
U0769,2023-01-01,free,Education,1000+,referral,USA,3,2,0,,0,0
U0769,2023-02-01,free,Education,1000+,referral,USA,4,2,0,,0,0
U0769,2023-03-01,free,Education,1000+,referral,USA,4,1,1,,0,0
U0769,2023-04-01,free,Education,1000+,referral,USA,3,2,0,,0,0
U0769,2023-05-01,free,Education,1000+,referral,USA,2,1,1,5.0,0,0
U0769,2023-06-01,free,Education,1000+,referral,USA,2,1,0,,0,0
U0769,2023-07-01,free,Education,1000+,referral,USA,3,1,0,,0,0
U0770,2023-01-01,pro,Finance,11-50,social,USA,18,5,1,7.0,99,0
U0770,2023-02-01,pro,Finance,11-50,social,USA,18,3,1,,99,0
U0770,2023-03-01,pro,Finance,11-50,social,USA,16,3,1,9.0,99,0
U0770,2023-04-01,pro,Finance,11-50,social,USA,15,5,0,,99,0
U0770,2023-05-01,pro,Finance,11-50,social,USA,18,7,0,,99,0
U0770,2023-06-01,pro,Finance,11-50,social,USA,11,6,0,,99,0
U0770,2023-07-01,pro,Finance,11-50,social,USA,19,7,1,,99,0
U0770,2023-08-01,pro,Finance,11-50,social,USA,14,8,0,,99,0
U0770,2023-09-01,pro,Finance,11-50,social,USA,19,3,1,,99,0
U0770,2023-10-01,pro,Finance,11-50,social,USA,15,6,1,,99,0
U0770,2023-11-01,pro,Finance,11-50,social,USA,17,5,0,,99,0
U0770,2023-12-01,pro,Finance,11-50,social,USA,15,4,2,,99,0
U0771,2023-01-01,free,Finance,201-1000,paid_search,India,3,1,1,,0,0
U0771,2023-02-01,free,Finance,201-1000,paid_search,India,2,1,2,,0,0
U0771,2023-03-01,free,Finance,201-1000,paid_search,India,3,1,2,,0,0
U0771,2023-04-01,free,Finance,201-1000,paid_search,India,3,1,2,,0,0
U0771,2023-05-01,free,Finance,201-1000,paid_search,India,2,2,1,6.0,0,0
U0771,2023-06-01,free,Finance,201-1000,paid_search,India,3,1,2,,0,0
U0771,2023-07-01,free,Finance,201-1000,paid_search,India,5,1,2,6.0,0,0
U0771,2023-08-01,free,Finance,201-1000,paid_search,India,3,3,2,6.0,0,0
U0771,2023-09-01,free,Finance,201-1000,paid_search,India,2,4,1,,0,0
U0771,2023-10-01,free,Finance,201-1000,paid_search,India,3,2,1,,0,0
U0771,2023-11-01,free,Finance,201-1000,paid_search,India,4,1,0,,0,0
U0771,2023-12-01,free,Finance,201-1000,paid_search,India,4,1,1,,0,0
U0772,2023-01-01,pro,Healthcare,51-200,paid_search,Germany,14,4,0,,99,0
U0772,2023-02-01,pro,Healthcare,51-200,paid_search,Germany,15,6,0,10.0,99,0
U0772,2023-03-01,pro,Healthcare,51-200,paid_search,Germany,21,4,2,,99,0
U0772,2023-04-01,pro,Healthcare,51-200,paid_search,Germany,15,6,1,,99,0
U0772,2023-05-01,pro,Healthcare,51-200,paid_search,Germany,18,7,1,,99,0
U0772,2023-06-01,pro,Healthcare,51-200,paid_search,Germany,13,5,0,,99,0
U0772,2023-07-01,pro,Healthcare,51-200,paid_search,Germany,9,4,0,8.0,99,0
U0772,2023-08-01,pro,Healthcare,51-200,paid_search,Germany,21,3,2,9.0,99,0
U0772,2023-09-01,pro,Healthcare,51-200,paid_search,Germany,19,5,1,,99,0
U0772,2023-10-01,pro,Healthcare,51-200,paid_search,Germany,20,4,0,,99,0
U0772,2023-11-01,pro,Healthcare,51-200,paid_search,Germany,17,4,0,,99,0
U0772,2023-12-01,pro,Healthcare,51-200,paid_search,Germany,15,6,0,,99,0
U0773,2023-01-01,free,Retail,201-1000,direct,Canada,3,2,2,,0,0
U0773,2023-02-01,free,Retail,201-1000,direct,Canada,3,1,1,,0,0
U0773,2023-03-01,free,Retail,201-1000,direct,Canada,2,1,1,,0,0
U0773,2023-04-01,free,Retail,201-1000,direct,Canada,3,1,0,,0,0
U0773,2023-05-01,free,Retail,201-1000,direct,Canada,2,1,2,,0,0
U0773,2023-06-01,free,Retail,201-1000,direct,Canada,4,1,1,,0,0
U0773,2023-07-01,free,Retail,201-1000,direct,Canada,2,1,0,,0,0
U0773,2023-08-01,free,Retail,201-1000,direct,Canada,2,1,0,5.0,0,0
U0773,2023-09-01,free,Retail,201-1000,direct,Canada,2,1,1,,0,0
U0774,2023-01-01,free,Retail,1000+,referral,UK,3,3,1,,0,0
U0774,2023-02-01,free,Retail,1000+,referral,UK,2,3,0,,0,0
U0774,2023-03-01,free,Retail,1000+,referral,UK,3,2,2,,0,0
U0775,2023-01-01,pro,Ecommerce,1-10,paid_search,France,17,5,0,5.0,99,0
U0775,2023-02-01,pro,Ecommerce,1-10,paid_search,France,16,4,3,,99,0
U0775,2023-03-01,pro,Ecommerce,1-10,paid_search,France,16,6,0,,99,0
U0775,2023-04-01,pro,Ecommerce,1-10,paid_search,France,13,6,1,8.0,99,0
U0775,2023-05-01,pro,Ecommerce,1-10,paid_search,France,3,3,1,9.0,99,0
U0775,2023-06-01,pro,Ecommerce,1-10,paid_search,France,17,4,4,,99,0
U0775,2023-07-01,pro,Ecommerce,1-10,paid_search,France,19,6,0,,99,0
U0775,2023-08-01,pro,Ecommerce,1-10,paid_search,France,17,6,0,10.0,99,0
U0775,2023-09-01,pro,Ecommerce,1-10,paid_search,France,20,4,0,,99,0
U0775,2023-10-01,pro,Ecommerce,1-10,paid_search,France,18,7,2,,99,0
U0775,2023-11-01,pro,Ecommerce,1-10,paid_search,France,19,6,1,,99,0
U0775,2023-12-01,pro,Ecommerce,1-10,paid_search,France,17,5,1,8.0,99,0
U0777,2023-01-01,free,Healthcare,11-50,paid_search,USA,2,1,3,,0,0
U0777,2023-02-01,free,Healthcare,11-50,paid_search,USA,4,1,1,,0,0
U0777,2023-03-01,free,Healthcare,11-50,paid_search,USA,4,2,4,,0,0
U0777,2023-04-01,free,Healthcare,11-50,paid_search,USA,1,3,0,,0,0
U0777,2023-05-01,free,Healthcare,11-50,paid_search,USA,3,3,2,,0,0
U0777,2023-06-01,free,Healthcare,11-50,paid_search,USA,2,1,1,5.0,0,0
U0777,2023-07-01,free,Healthcare,11-50,paid_search,USA,1,1,2,,0,0
U0777,2023-08-01,free,Healthcare,11-50,paid_search,USA,3,1,2,,0,0
U0777,2023-09-01,free,Healthcare,11-50,paid_search,USA,1,1,2,5.0,0,0
U0777,2023-10-01,free,Healthcare,11-50,paid_search,USA,2,2,1,,0,0
U0777,2023-11-01,free,Healthcare,11-50,paid_search,USA,1,1,1,8.0,0,0
U0777,2023-12-01,free,Healthcare,11-50,paid_search,USA,3,1,1,,0,0
U0778,2023-01-01,pro,Healthcare,11-50,organic,USA,21,7,0,9.0,99,0
U0778,2023-02-01,pro,Healthcare,11-50,organic,USA,21,5,1,,99,0
U0778,2023-03-01,pro,Healthcare,11-50,organic,USA,22,4,0,8.0,99,0
U0778,2023-04-01,pro,Healthcare,11-50,organic,USA,11,4,0,,99,0
U0778,2023-05-01,pro,Healthcare,11-50,organic,USA,20,5,3,,99,0
U0778,2023-06-01,pro,Healthcare,11-50,organic,USA,10,5,0,,99,0
U0778,2023-07-01,pro,Healthcare,11-50,organic,USA,14,4,0,,99,0
U0778,2023-08-01,pro,Healthcare,11-50,organic,USA,15,7,0,,99,0
U0778,2023-09-01,pro,Healthcare,11-50,organic,USA,17,7,1,,99,0
U0778,2023-10-01,pro,Healthcare,11-50,organic,USA,19,5,1,,99,0
U0778,2023-11-01,pro,Healthcare,11-50,organic,USA,13,5,1,,99,0
U0778,2023-12-01,pro,Healthcare,11-50,organic,USA,24,5,1,7.0,99,0
U0779,2023-01-01,pro,Education,11-50,paid_search,India,32,6,1,,99,0
U0779,2023-02-01,pro,Education,11-50,paid_search,India,15,3,0,,99,0
U0779,2023-03-01,pro,Education,11-50,paid_search,India,18,4,1,,99,0
U0779,2023-04-01,pro,Education,11-50,paid_search,India,18,7,0,,99,0
U0779,2023-05-01,pro,Education,11-50,paid_search,India,9,5,0,,99,0
U0779,2023-06-01,pro,Education,11-50,paid_search,India,25,8,0,,99,0
U0779,2023-07-01,pro,Education,11-50,paid_search,India,16,2,1,,99,0
U0779,2023-08-01,pro,Education,11-50,paid_search,India,6,6,1,,99,0
U0779,2023-09-01,pro,Education,11-50,paid_search,India,18,4,1,,99,0
U0779,2023-10-01,pro,Education,11-50,paid_search,India,15,8,1,,99,0
U0779,2023-11-01,pro,Education,11-50,paid_search,India,17,8,1,,99,0
U0779,2023-12-01,pro,Education,11-50,paid_search,India,17,5,1,,99,0
U0780,2023-01-01,starter,Education,11-50,direct,Other,5,1,1,,29,0
U0780,2023-02-01,starter,Education,11-50,direct,Other,10,2,1,,29,0
U0780,2023-03-01,starter,Education,11-50,direct,Other,9,3,1,4.0,29,0
U0780,2023-04-01,starter,Education,11-50,direct,Other,9,3,0,,29,0
U0780,2023-05-01,starter,Education,11-50,direct,Other,11,4,1,,29,0
U0780,2023-06-01,starter,Education,11-50,direct,Other,10,3,0,,29,0
U0780,2023-07-01,starter,Education,11-50,direct,Other,11,5,0,,29,0
U0780,2023-08-01,starter,Education,11-50,direct,Other,9,4,0,,29,0
U0780,2023-09-01,starter,Education,11-50,direct,Other,5,1,1,,29,0
U0780,2023-10-01,starter,Education,11-50,direct,Other,5,4,2,,29,0
U0780,2023-11-01,starter,Education,11-50,direct,Other,9,4,2,,29,0
U0780,2023-12-01,starter,Education,11-50,direct,Other,10,3,0,,29,0
U0781,2023-01-01,starter,Healthcare,1-10,direct,USA,5,1,0,,29,0
U0781,2023-02-01,starter,Healthcare,1-10,direct,USA,6,1,0,,29,0
U0781,2023-03-01,starter,Healthcare,1-10,direct,USA,7,2,1,,29,0
U0781,2023-04-01,starter,Healthcare,1-10,direct,USA,12,2,1,,29,0
U0781,2023-05-01,starter,Healthcare,1-10,direct,USA,6,1,0,,29,0
U0781,2023-06-01,starter,Healthcare,1-10,direct,USA,7,4,1,,29,0
U0781,2023-07-01,starter,Healthcare,1-10,direct,USA,6,2,0,,29,0
U0781,2023-08-01,starter,Healthcare,1-10,direct,USA,6,1,0,,29,0
U0781,2023-09-01,starter,Healthcare,1-10,direct,USA,9,1,1,,29,0
U0781,2023-10-01,starter,Healthcare,1-10,direct,USA,3,1,1,,29,0
U0781,2023-11-01,starter,Healthcare,1-10,direct,USA,6,4,0,,29,0
U0781,2023-12-01,starter,Healthcare,1-10,direct,USA,5,3,0,,29,0
U0782,2023-01-01,starter,Education,11-50,organic,France,6,3,1,,29,0
U0782,2023-02-01,starter,Education,11-50,organic,France,6,3,0,,29,0
U0782,2023-03-01,starter,Education,11-50,organic,France,9,1,1,6.0,29,0
U0782,2023-04-01,starter,Education,11-50,organic,France,5,1,1,,29,0
U0782,2023-05-01,starter,Education,11-50,organic,France,11,5,0,,29,0
U0782,2023-06-01,starter,Education,11-50,organic,France,5,1,0,,29,0
U0782,2023-07-01,starter,Education,11-50,organic,France,13,1,0,,29,0
U0782,2023-08-01,starter,Education,11-50,organic,France,3,1,0,5.0,29,0
U0782,2023-09-01,starter,Education,11-50,organic,France,6,3,0,,29,0
U0782,2023-10-01,starter,Education,11-50,organic,France,8,4,1,,29,0
U0782,2023-11-01,starter,Education,11-50,organic,France,14,1,0,5.0,29,0
U0782,2023-12-01,starter,Education,11-50,organic,France,6,2,1,,29,0
U0784,2023-01-01,free,SaaS,51-200,organic,USA,2,2,1,,0,0
U0784,2023-02-01,free,SaaS,51-200,organic,USA,2,1,0,,0,0
U0784,2023-03-01,free,SaaS,51-200,organic,USA,2,1,0,5.0,0,0
U0784,2023-04-01,free,SaaS,51-200,organic,USA,3,1,0,,0,0
U0784,2023-05-01,free,SaaS,51-200,organic,USA,3,1,2,,0,0
U0784,2023-06-01,free,SaaS,51-200,organic,USA,3,1,0,4.0,0,0
U0785,2023-01-01,free,Finance,201-1000,direct,USA,3,1,1,,0,0
U0785,2023-02-01,free,Finance,201-1000,direct,USA,1,1,2,,0,0
U0785,2023-03-01,free,Finance,201-1000,direct,USA,4,2,0,,0,0
U0785,2023-04-01,free,Finance,201-1000,direct,USA,2,2,0,,0,0
U0785,2023-05-01,free,Finance,201-1000,direct,USA,1,1,1,,0,0
U0785,2023-06-01,free,Finance,201-1000,direct,USA,2,1,0,,0,0
U0785,2023-07-01,free,Finance,201-1000,direct,USA,2,2,0,,0,0
U0785,2023-08-01,free,Finance,201-1000,direct,USA,4,2,1,,0,0
U0785,2023-09-01,free,Finance,201-1000,direct,USA,2,1,0,,0,0
U0785,2023-10-01,free,Finance,201-1000,direct,USA,1,4,0,,0,0
U0785,2023-11-01,free,Finance,201-1000,direct,USA,2,1,2,,0,0
U0786,2023-01-01,enterprise,Healthcare,11-50,direct,UK,22,10,0,6.0,399,0
U0786,2023-02-01,enterprise,Healthcare,11-50,direct,UK,19,8,1,6.0,399,0
U0786,2023-03-01,enterprise,Healthcare,11-50,direct,UK,37,10,1,,399,0
U0786,2023-04-01,enterprise,Healthcare,11-50,direct,UK,47,10,0,,399,0
U0786,2023-05-01,enterprise,Healthcare,11-50,direct,UK,45,10,0,,399,0
U0786,2023-06-01,enterprise,Healthcare,11-50,direct,UK,45,10,1,,399,0
U0786,2023-07-01,enterprise,Healthcare,11-50,direct,UK,31,10,0,,399,0
U0786,2023-08-01,enterprise,Healthcare,11-50,direct,UK,51,10,0,9.0,399,0
U0786,2023-09-01,enterprise,Healthcare,11-50,direct,UK,39,10,0,,399,0
U0786,2023-10-01,enterprise,Healthcare,11-50,direct,UK,41,10,0,,399,0
U0786,2023-11-01,enterprise,Healthcare,11-50,direct,UK,55,10,1,,399,0
U0786,2023-12-01,enterprise,Healthcare,11-50,direct,UK,32,8,2,7.0,399,0
U0787,2023-01-01,starter,Healthcare,11-50,referral,Other,10,3,1,,29,0
U0787,2023-02-01,starter,Healthcare,11-50,referral,Other,9,2,0,,29,0
U0787,2023-03-01,starter,Healthcare,11-50,referral,Other,6,2,1,,29,0
U0787,2023-04-01,starter,Healthcare,11-50,referral,Other,7,4,0,,29,0
U0787,2023-05-01,starter,Healthcare,11-50,referral,Other,4,1,0,,29,0
U0787,2023-06-01,starter,Healthcare,11-50,referral,Other,7,3,1,,29,0
U0787,2023-07-01,starter,Healthcare,11-50,referral,Other,8,4,0,3.0,29,0
U0787,2023-08-01,starter,Healthcare,11-50,referral,Other,11,4,2,,29,0
U0787,2023-09-01,starter,Healthcare,11-50,referral,Other,11,1,3,,29,0
U0787,2023-10-01,starter,Healthcare,11-50,referral,Other,4,3,0,,29,0
U0787,2023-11-01,starter,Healthcare,11-50,referral,Other,9,3,1,8.0,29,0
U0787,2023-12-01,starter,Healthcare,11-50,referral,Other,11,1,3,6.0,29,0
U0788,2023-01-01,starter,Finance,1-10,social,USA,5,1,0,,29,0
U0788,2023-02-01,starter,Finance,1-10,social,USA,8,3,0,,29,0
U0788,2023-03-01,starter,Finance,1-10,social,USA,8,1,1,,29,0
U0788,2023-04-01,starter,Finance,1-10,social,USA,8,5,4,,29,0
U0788,2023-05-01,starter,Finance,1-10,social,USA,9,5,1,,29,0
U0788,2023-06-01,starter,Finance,1-10,social,USA,12,2,1,,29,0
U0788,2023-07-01,starter,Finance,1-10,social,USA,6,2,0,,29,0
U0788,2023-08-01,starter,Finance,1-10,social,USA,7,4,2,5.0,29,0
U0788,2023-09-01,starter,Finance,1-10,social,USA,9,2,0,,29,0
U0788,2023-10-01,starter,Finance,1-10,social,USA,6,3,2,,29,0
U0788,2023-11-01,starter,Finance,1-10,social,USA,1,4,0,,29,0
U0788,2023-12-01,starter,Finance,1-10,social,USA,7,2,0,,29,0
U0789,2023-01-01,starter,Education,1-10,referral,India,6,1,1,,29,0
U0789,2023-02-01,starter,Education,1-10,referral,India,11,2,0,,29,0
U0789,2023-03-01,starter,Education,1-10,referral,India,6,5,0,,29,0
U0789,2023-04-01,starter,Education,1-10,referral,India,4,1,0,,29,0
U0789,2023-05-01,starter,Education,1-10,referral,India,11,1,0,,29,0
U0789,2023-06-01,starter,Education,1-10,referral,India,6,2,3,,29,0
U0789,2023-07-01,starter,Education,1-10,referral,India,9,1,1,,29,0
U0789,2023-08-01,starter,Education,1-10,referral,India,9,3,2,,29,0
U0789,2023-09-01,starter,Education,1-10,referral,India,5,5,4,,29,0
U0789,2023-10-01,starter,Education,1-10,referral,India,8,2,1,,29,0
U0790,2023-01-01,enterprise,Education,1-10,paid_search,USA,30,10,0,,399,0
U0790,2023-02-01,enterprise,Education,1-10,paid_search,USA,32,10,0,,399,0
U0790,2023-03-01,enterprise,Education,1-10,paid_search,USA,34,9,1,,399,0
U0790,2023-04-01,enterprise,Education,1-10,paid_search,USA,32,10,0,,399,0
U0790,2023-05-01,enterprise,Education,1-10,paid_search,USA,41,10,0,,399,0
U0790,2023-06-01,enterprise,Education,1-10,paid_search,USA,52,10,1,,399,0
U0790,2023-07-01,enterprise,Education,1-10,paid_search,USA,30,10,0,,399,0
U0790,2023-08-01,enterprise,Education,1-10,paid_search,USA,40,10,0,,399,0
U0790,2023-09-01,enterprise,Education,1-10,paid_search,USA,34,10,0,6.0,399,0
U0790,2023-10-01,enterprise,Education,1-10,paid_search,USA,38,10,1,,399,0
U0790,2023-11-01,enterprise,Education,1-10,paid_search,USA,26,10,0,,399,0
U0790,2023-12-01,enterprise,Education,1-10,paid_search,USA,8,10,0,,399,0
U0792,2023-01-01,starter,Healthcare,1-10,paid_search,UK,10,5,0,,29,0
U0792,2023-02-01,starter,Healthcare,1-10,paid_search,UK,2,4,0,,29,0
U0792,2023-03-01,starter,Healthcare,1-10,paid_search,UK,8,1,0,,29,0
U0792,2023-04-01,starter,Healthcare,1-10,paid_search,UK,7,1,1,,29,0
U0792,2023-05-01,starter,Healthcare,1-10,paid_search,UK,8,3,0,4.0,29,0
U0792,2023-06-01,starter,Healthcare,1-10,paid_search,UK,7,1,0,,29,0
U0792,2023-07-01,starter,Healthcare,1-10,paid_search,UK,7,2,2,,29,0
U0792,2023-08-01,starter,Healthcare,1-10,paid_search,UK,6,2,0,,29,0
U0792,2023-09-01,starter,Healthcare,1-10,paid_search,UK,9,4,0,,29,0
U0792,2023-10-01,starter,Healthcare,1-10,paid_search,UK,8,3,0,,29,0
U0792,2023-11-01,starter,Healthcare,1-10,paid_search,UK,11,1,1,,29,0
U0792,2023-12-01,starter,Healthcare,1-10,paid_search,UK,6,1,0,,29,0
U0793,2023-01-01,starter,Ecommerce,1000+,referral,Canada,3,3,0,,29,0
U0793,2023-02-01,starter,Ecommerce,1000+,referral,Canada,8,2,0,,29,0
U0793,2023-03-01,starter,Ecommerce,1000+,referral,Canada,8,2,1,5.0,29,0
U0794,2023-01-01,starter,Retail,11-50,referral,Australia,10,1,0,,29,0
U0795,2023-01-01,free,Education,11-50,paid_search,Australia,2,1,0,4.0,0,0
U0795,2023-02-01,free,Education,11-50,paid_search,Australia,1,1,1,,0,0
U0795,2023-03-01,free,Education,11-50,paid_search,Australia,3,2,0,,0,0
U0795,2023-04-01,free,Education,11-50,paid_search,Australia,2,4,2,,0,0
U0795,2023-05-01,free,Education,11-50,paid_search,Australia,2,1,0,,0,0
U0795,2023-06-01,free,Education,11-50,paid_search,Australia,1,1,1,,0,0
U0795,2023-07-01,free,Education,11-50,paid_search,Australia,2,1,0,,0,0
U0796,2023-01-01,pro,Finance,11-50,direct,Australia,21,3,0,,99,0
U0796,2023-02-01,pro,Finance,11-50,direct,Australia,8,6,0,8.0,99,0
U0796,2023-03-01,pro,Finance,11-50,direct,Australia,25,5,1,,99,0
U0796,2023-04-01,pro,Finance,11-50,direct,Australia,17,5,0,,99,0
U0796,2023-05-01,pro,Finance,11-50,direct,Australia,22,7,3,,99,0
U0796,2023-06-01,pro,Finance,11-50,direct,Australia,12,5,1,6.0,99,0
U0796,2023-07-01,pro,Finance,11-50,direct,Australia,28,7,0,,99,0
U0796,2023-08-01,pro,Finance,11-50,direct,Australia,23,5,3,,99,0
U0796,2023-09-01,pro,Finance,11-50,direct,Australia,13,5,1,6.0,99,0
U0796,2023-10-01,pro,Finance,11-50,direct,Australia,17,4,2,,99,0
U0796,2023-11-01,pro,Finance,11-50,direct,Australia,22,7,0,,99,0
U0796,2023-12-01,pro,Finance,11-50,direct,Australia,21,5,0,7.0,99,0
U0798,2023-01-01,starter,Finance,11-50,paid_search,Germany,6,2,3,,29,0
U0798,2023-02-01,starter,Finance,11-50,paid_search,Germany,6,4,0,,29,0
U0799,2023-01-01,starter,Retail,51-200,referral,USA,8,2,1,7.0,29,0
U0799,2023-02-01,starter,Retail,51-200,referral,USA,5,3,0,,29,0
U0799,2023-03-01,starter,Retail,51-200,referral,USA,6,4,1,,29,0
U0799,2023-04-01,starter,Retail,51-200,referral,USA,4,3,1,,29,0
U0799,2023-05-01,starter,Retail,51-200,referral,USA,8,4,0,,29,0
U0799,2023-06-01,starter,Retail,51-200,referral,USA,5,2,0,,29,0
U0799,2023-07-01,starter,Retail,51-200,referral,USA,9,1,0,3.0,29,0
U0799,2023-08-01,starter,Retail,51-200,referral,USA,7,1,0,,29,0
U0799,2023-09-01,starter,Retail,51-200,referral,USA,7,1,0,,29,0
U0799,2023-10-01,starter,Retail,51-200,referral,USA,8,3,2,,29,0
U0799,2023-11-01,starter,Retail,51-200,referral,USA,2,4,1,,29,0
U0799,2023-12-01,starter,Retail,51-200,referral,USA,6,1,1,,29,0
U0801,2023-01-01,pro,Education,11-50,referral,Canada,22,5,1,,99,0
U0801,2023-02-01,pro,Education,11-50,referral,Canada,21,8,1,,99,0
U0801,2023-03-01,pro,Education,11-50,referral,Canada,16,3,0,,99,0
U0801,2023-04-01,pro,Education,11-50,referral,Canada,7,3,1,,99,0
U0801,2023-05-01,pro,Education,11-50,referral,Canada,24,5,0,,99,0
U0802,2023-01-01,free,Finance,1000+,organic,UK,2,1,1,,0,0
U0802,2023-02-01,free,Finance,1000+,organic,UK,2,1,0,7.0,0,0
U0802,2023-03-01,free,Finance,1000+,organic,UK,3,1,1,,0,0
U0802,2023-04-01,free,Finance,1000+,organic,UK,1,3,1,,0,0
U0802,2023-05-01,free,Finance,1000+,organic,UK,3,1,0,,0,0
U0802,2023-06-01,free,Finance,1000+,organic,UK,2,1,1,,0,0
U0802,2023-07-01,free,Finance,1000+,organic,UK,2,2,0,,0,0
U0802,2023-08-01,free,Finance,1000+,organic,UK,2,2,1,,0,0
U0803,2023-01-01,starter,Healthcare,201-1000,organic,UK,8,2,1,,29,0
U0803,2023-02-01,starter,Healthcare,201-1000,organic,UK,7,3,1,4.0,29,0
U0803,2023-03-01,starter,Healthcare,201-1000,organic,UK,5,6,0,,29,0
U0803,2023-04-01,starter,Healthcare,201-1000,organic,UK,7,1,1,,29,0
U0804,2023-01-01,starter,Ecommerce,51-200,referral,Other,7,5,3,,29,0
U0804,2023-02-01,starter,Ecommerce,51-200,referral,Other,10,4,2,,29,0
U0804,2023-03-01,starter,Ecommerce,51-200,referral,Other,8,2,2,,29,0
U0804,2023-04-01,starter,Ecommerce,51-200,referral,Other,7,1,0,,29,0
U0804,2023-05-01,starter,Ecommerce,51-200,referral,Other,8,2,1,,29,0
U0804,2023-06-01,starter,Ecommerce,51-200,referral,Other,8,2,1,,29,0
U0804,2023-07-01,starter,Ecommerce,51-200,referral,Other,7,1,1,,29,0
U0804,2023-08-01,starter,Ecommerce,51-200,referral,Other,1,2,0,,29,0
U0804,2023-09-01,starter,Ecommerce,51-200,referral,Other,10,2,2,,29,0
U0804,2023-10-01,starter,Ecommerce,51-200,referral,Other,6,5,1,,29,0
U0804,2023-11-01,starter,Ecommerce,51-200,referral,Other,6,1,0,4.0,29,0
U0805,2023-01-01,starter,Finance,11-50,paid_search,USA,11,2,3,,29,0
U0805,2023-02-01,starter,Finance,11-50,paid_search,USA,10,1,0,6.0,29,0
U0805,2023-03-01,starter,Finance,11-50,paid_search,USA,6,1,1,,29,0
U0805,2023-04-01,starter,Finance,11-50,paid_search,USA,5,1,0,,29,0
U0805,2023-05-01,starter,Finance,11-50,paid_search,USA,7,1,0,,29,0
U0805,2023-06-01,starter,Finance,11-50,paid_search,USA,8,1,1,,29,0
U0805,2023-07-01,starter,Finance,11-50,paid_search,USA,7,1,1,,29,0
U0805,2023-08-01,starter,Finance,11-50,paid_search,USA,8,4,1,,29,0
U0805,2023-09-01,starter,Finance,11-50,paid_search,USA,4,1,1,,29,0
U0805,2023-10-01,starter,Finance,11-50,paid_search,USA,12,1,1,,29,0
U0805,2023-11-01,starter,Finance,11-50,paid_search,USA,14,4,1,,29,0
U0805,2023-12-01,starter,Finance,11-50,paid_search,USA,9,1,0,,29,0
U0806,2023-01-01,pro,Retail,51-200,organic,Germany,17,4,2,,99,0
U0806,2023-02-01,pro,Retail,51-200,organic,Germany,18,7,1,6.0,99,0
U0806,2023-03-01,pro,Retail,51-200,organic,Germany,7,4,0,,99,0
U0806,2023-04-01,pro,Retail,51-200,organic,Germany,24,6,0,,99,0
U0806,2023-05-01,pro,Retail,51-200,organic,Germany,23,4,0,,99,0
U0806,2023-06-01,pro,Retail,51-200,organic,Germany,13,7,0,,99,0
U0806,2023-07-01,pro,Retail,51-200,organic,Germany,18,4,3,,99,0
U0806,2023-08-01,pro,Retail,51-200,organic,Germany,13,8,0,,99,0
U0806,2023-09-01,pro,Retail,51-200,organic,Germany,24,6,0,,99,0
U0806,2023-10-01,pro,Retail,51-200,organic,Germany,23,3,0,,99,0
U0806,2023-11-01,pro,Retail,51-200,organic,Germany,26,2,1,7.0,99,0
U0806,2023-12-01,pro,Retail,51-200,organic,Germany,23,5,1,,99,0
U0807,2023-01-01,enterprise,Ecommerce,1-10,referral,USA,25,10,1,,399,0
U0807,2023-02-01,enterprise,Ecommerce,1-10,referral,USA,35,10,0,10.0,399,0
U0807,2023-03-01,enterprise,Ecommerce,1-10,referral,USA,43,10,0,,399,0
U0807,2023-04-01,enterprise,Ecommerce,1-10,referral,USA,30,10,0,,399,0
U0807,2023-05-01,enterprise,Ecommerce,1-10,referral,USA,41,10,0,,399,0
U0807,2023-06-01,enterprise,Ecommerce,1-10,referral,USA,25,10,0,,399,0
U0807,2023-07-01,enterprise,Ecommerce,1-10,referral,USA,36,10,0,,399,0
U0807,2023-08-01,enterprise,Ecommerce,1-10,referral,USA,37,10,1,8.0,399,0
U0807,2023-09-01,enterprise,Ecommerce,1-10,referral,USA,39,10,0,,399,0
U0807,2023-10-01,enterprise,Ecommerce,1-10,referral,USA,29,10,0,,399,0
U0807,2023-11-01,enterprise,Ecommerce,1-10,referral,USA,33,10,0,6.0,399,0
U0807,2023-12-01,enterprise,Ecommerce,1-10,referral,USA,26,10,1,,399,0
U0808,2023-01-01,enterprise,Ecommerce,11-50,paid_search,USA,22,10,1,,399,0
U0808,2023-02-01,enterprise,Ecommerce,11-50,paid_search,USA,26,10,0,,399,0
U0808,2023-03-01,enterprise,Ecommerce,11-50,paid_search,USA,55,10,0,,399,0
U0808,2023-04-01,enterprise,Ecommerce,11-50,paid_search,USA,40,10,0,,399,0
U0809,2023-01-01,starter,SaaS,1-10,referral,USA,7,2,3,,29,0
U0809,2023-02-01,starter,SaaS,1-10,referral,USA,11,2,1,,29,0
U0809,2023-03-01,starter,SaaS,1-10,referral,USA,8,2,0,8.0,29,0
U0810,2023-01-01,free,Education,11-50,social,Other,3,1,1,,0,0
U0810,2023-02-01,free,Education,11-50,social,Other,4,1,1,5.0,0,0
U0810,2023-03-01,free,Education,11-50,social,Other,2,1,1,,0,0
U0810,2023-04-01,free,Education,11-50,social,Other,3,1,0,,0,0
U0810,2023-05-01,free,Education,11-50,social,Other,2,1,0,5.0,0,0
U0810,2023-06-01,free,Education,11-50,social,Other,3,1,0,6.0,0,0
U0810,2023-07-01,free,Education,11-50,social,Other,3,2,0,6.0,0,0
U0810,2023-08-01,free,Education,11-50,social,Other,2,1,2,5.0,0,0
U0810,2023-09-01,free,Education,11-50,social,Other,3,1,0,,0,0
U0810,2023-10-01,free,Education,11-50,social,Other,1,2,1,,0,0
U0810,2023-11-01,free,Education,11-50,social,Other,2,1,1,6.0,0,0
U0810,2023-12-01,free,Education,11-50,social,Other,1,2,1,,0,0
U0811,2023-01-01,enterprise,Finance,11-50,organic,France,26,10,0,,399,0
U0811,2023-02-01,enterprise,Finance,11-50,organic,France,39,10,0,,399,0
U0811,2023-03-01,enterprise,Finance,11-50,organic,France,45,9,1,,399,0
U0811,2023-04-01,enterprise,Finance,11-50,organic,France,30,10,0,,399,0
U0811,2023-05-01,enterprise,Finance,11-50,organic,France,40,10,1,,399,0
U0811,2023-06-01,enterprise,Finance,11-50,organic,France,40,10,0,,399,0
U0811,2023-07-01,enterprise,Finance,11-50,organic,France,35,9,1,7.0,399,0
U0811,2023-08-01,enterprise,Finance,11-50,organic,France,25,10,0,6.0,399,0
U0811,2023-09-01,enterprise,Finance,11-50,organic,France,42,10,0,,399,0
U0811,2023-10-01,enterprise,Finance,11-50,organic,France,21,10,0,,399,0
U0811,2023-11-01,enterprise,Finance,11-50,organic,France,11,10,0,,399,0
U0811,2023-12-01,enterprise,Finance,11-50,organic,France,48,10,0,,399,0
U0812,2023-01-01,pro,Ecommerce,1-10,organic,France,19,7,0,,99,0
U0812,2023-02-01,pro,Ecommerce,1-10,organic,France,9,5,1,,99,0
U0812,2023-03-01,pro,Ecommerce,1-10,organic,France,19,6,0,,99,0
U0812,2023-04-01,pro,Ecommerce,1-10,organic,France,26,8,0,,99,0
U0812,2023-05-01,pro,Ecommerce,1-10,organic,France,16,5,1,8.0,99,0
U0812,2023-06-01,pro,Ecommerce,1-10,organic,France,15,4,0,,99,0
U0812,2023-07-01,pro,Ecommerce,1-10,organic,France,18,8,0,,99,0
U0812,2023-08-01,pro,Ecommerce,1-10,organic,France,25,5,1,,99,0
U0812,2023-09-01,pro,Ecommerce,1-10,organic,France,16,6,0,,99,0
U0812,2023-10-01,pro,Ecommerce,1-10,organic,France,9,6,1,,99,0
U0812,2023-11-01,pro,Ecommerce,1-10,organic,France,11,7,0,,99,0
U0812,2023-12-01,pro,Ecommerce,1-10,organic,France,16,3,1,,99,0
U0813,2023-01-01,free,SaaS,1000+,referral,Other,2,1,0,,0,0
U0813,2023-02-01,free,SaaS,1000+,referral,Other,2,1,1,6.0,0,0
U0813,2023-03-01,free,SaaS,1000+,referral,Other,1,1,1,,0,0
U0814,2023-01-01,enterprise,Retail,201-1000,referral,USA,31,10,0,,399,0
U0814,2023-02-01,enterprise,Retail,201-1000,referral,USA,49,10,0,6.0,399,0
U0814,2023-03-01,enterprise,Retail,201-1000,referral,USA,33,10,1,,399,0
U0814,2023-04-01,enterprise,Retail,201-1000,referral,USA,45,10,0,,399,0
U0814,2023-05-01,enterprise,Retail,201-1000,referral,USA,30,10,1,,399,0
U0814,2023-06-01,enterprise,Retail,201-1000,referral,USA,33,10,0,,399,0
U0814,2023-07-01,enterprise,Retail,201-1000,referral,USA,21,8,1,5.0,399,0
U0814,2023-08-01,enterprise,Retail,201-1000,referral,USA,41,10,1,,399,0
U0814,2023-09-01,enterprise,Retail,201-1000,referral,USA,56,10,0,,399,0
U0814,2023-10-01,enterprise,Retail,201-1000,referral,USA,44,10,1,,399,0
U0814,2023-11-01,enterprise,Retail,201-1000,referral,USA,42,9,0,,399,0
U0814,2023-12-01,enterprise,Retail,201-1000,referral,USA,7,10,1,4.0,399,0
U0815,2023-01-01,pro,Healthcare,51-200,referral,USA,17,5,0,,99,0
U0815,2023-02-01,pro,Healthcare,51-200,referral,USA,22,7,2,,99,0
U0815,2023-03-01,pro,Healthcare,51-200,referral,USA,18,7,1,,99,0
U0815,2023-04-01,pro,Healthcare,51-200,referral,USA,9,6,1,8.0,99,0
U0815,2023-05-01,pro,Healthcare,51-200,referral,USA,11,5,0,,99,0
U0815,2023-06-01,pro,Healthcare,51-200,referral,USA,26,6,2,,99,0
U0815,2023-07-01,pro,Healthcare,51-200,referral,USA,9,4,0,,99,0
U0815,2023-08-01,pro,Healthcare,51-200,referral,USA,28,5,1,,99,0
U0815,2023-09-01,pro,Healthcare,51-200,referral,USA,17,5,1,,99,0
U0815,2023-10-01,pro,Healthcare,51-200,referral,USA,10,4,5,,99,0
U0815,2023-11-01,pro,Healthcare,51-200,referral,USA,24,7,3,,99,0
U0815,2023-12-01,pro,Healthcare,51-200,referral,USA,20,5,0,,99,0
U0816,2023-01-01,starter,Finance,11-50,social,Germany,10,3,0,,29,0
U0816,2023-02-01,starter,Finance,11-50,social,Germany,11,1,0,,29,0
U0816,2023-03-01,starter,Finance,11-50,social,Germany,3,2,1,,29,0
U0816,2023-04-01,starter,Finance,11-50,social,Germany,9,1,0,,29,0
U0816,2023-05-01,starter,Finance,11-50,social,Germany,8,3,0,,29,0
U0816,2023-06-01,starter,Finance,11-50,social,Germany,9,1,0,8.0,29,0
U0816,2023-07-01,starter,Finance,11-50,social,Germany,6,1,1,,29,0
U0817,2023-01-01,starter,Ecommerce,201-1000,social,UK,5,3,1,,29,0
U0817,2023-02-01,starter,Ecommerce,201-1000,social,UK,5,1,0,,29,0
U0817,2023-03-01,starter,Ecommerce,201-1000,social,UK,9,1,1,,29,0
U0817,2023-04-01,starter,Ecommerce,201-1000,social,UK,7,1,1,,29,0
U0817,2023-05-01,starter,Ecommerce,201-1000,social,UK,5,3,0,,29,0
U0817,2023-06-01,starter,Ecommerce,201-1000,social,UK,11,3,2,,29,0
U0818,2023-01-01,free,Education,1-10,direct,UK,4,1,3,,0,0
U0818,2023-02-01,free,Education,1-10,direct,UK,3,1,3,,0,0
U0818,2023-03-01,free,Education,1-10,direct,UK,3,4,0,5.0,0,0
U0818,2023-04-01,free,Education,1-10,direct,UK,3,1,0,,0,0
U0818,2023-05-01,free,Education,1-10,direct,UK,3,2,1,,0,0
U0819,2023-01-01,free,SaaS,51-200,paid_search,USA,5,1,0,4.0,0,0
U0819,2023-02-01,free,SaaS,51-200,paid_search,USA,2,1,0,,0,0
U0819,2023-03-01,free,SaaS,51-200,paid_search,USA,4,1,0,,0,0
U0819,2023-04-01,free,SaaS,51-200,paid_search,USA,3,1,0,,0,0
U0819,2023-05-01,free,SaaS,51-200,paid_search,USA,3,1,1,,0,0
U0819,2023-06-01,free,SaaS,51-200,paid_search,USA,4,1,0,,0,0
U0820,2023-01-01,free,Ecommerce,1-10,paid_search,Canada,1,1,1,,0,0
U0820,2023-02-01,free,Ecommerce,1-10,paid_search,Canada,3,1,1,,0,0
U0820,2023-03-01,free,Ecommerce,1-10,paid_search,Canada,2,1,0,,0,0
U0820,2023-04-01,free,Ecommerce,1-10,paid_search,Canada,3,1,1,,0,0
U0820,2023-05-01,free,Ecommerce,1-10,paid_search,Canada,2,1,0,,0,0
U0821,2023-01-01,pro,Education,51-200,paid_search,Canada,9,3,0,,99,0
U0821,2023-02-01,pro,Education,51-200,paid_search,Canada,11,7,0,,99,0
U0821,2023-03-01,pro,Education,51-200,paid_search,Canada,12,6,1,6.0,99,0
U0821,2023-04-01,pro,Education,51-200,paid_search,Canada,16,5,2,,99,0
U0821,2023-05-01,pro,Education,51-200,paid_search,Canada,19,5,1,,99,0
U0821,2023-06-01,pro,Education,51-200,paid_search,Canada,15,9,0,,99,0
U0821,2023-07-01,pro,Education,51-200,paid_search,Canada,7,6,1,,99,0
U0821,2023-08-01,pro,Education,51-200,paid_search,Canada,23,8,1,,99,0
U0821,2023-09-01,pro,Education,51-200,paid_search,Canada,12,4,2,6.0,99,0
U0821,2023-10-01,pro,Education,51-200,paid_search,Canada,15,5,0,,99,0
U0821,2023-11-01,pro,Education,51-200,paid_search,Canada,9,5,0,7.0,99,0
U0821,2023-12-01,pro,Education,51-200,paid_search,Canada,19,9,0,,99,0
U0822,2023-01-01,free,Ecommerce,1-10,organic,USA,3,1,0,,0,0
U0822,2023-02-01,free,Ecommerce,1-10,organic,USA,2,1,1,,0,0
U0822,2023-03-01,free,Ecommerce,1-10,organic,USA,2,1,0,,0,0
U0822,2023-04-01,free,Ecommerce,1-10,organic,USA,3,1,2,,0,0
U0822,2023-05-01,free,Ecommerce,1-10,organic,USA,2,1,2,,0,0
U0823,2023-01-01,free,Finance,201-1000,paid_search,UK,1,1,0,,0,0
U0823,2023-02-01,free,Finance,201-1000,paid_search,UK,2,1,1,4.0,0,0
U0823,2023-03-01,free,Finance,201-1000,paid_search,UK,3,1,0,,0,0
U0823,2023-04-01,free,Finance,201-1000,paid_search,UK,2,1,2,,0,0
U0823,2023-05-01,free,Finance,201-1000,paid_search,UK,4,1,2,,0,0
U0823,2023-06-01,free,Finance,201-1000,paid_search,UK,3,1,1,,0,0
U0823,2023-07-01,free,Finance,201-1000,paid_search,UK,3,1,1,,0,0
U0825,2023-01-01,starter,Finance,1-10,direct,Canada,7,3,0,6.0,29,0
U0825,2023-02-01,starter,Finance,1-10,direct,Canada,10,3,1,,29,0
U0825,2023-03-01,starter,Finance,1-10,direct,Canada,6,4,1,,29,0
U0827,2023-01-01,free,Retail,1000+,paid_search,India,4,1,0,,0,0
U0827,2023-02-01,free,Retail,1000+,paid_search,India,2,2,0,,0,0
U0827,2023-03-01,free,Retail,1000+,paid_search,India,2,1,0,,0,0
U0827,2023-04-01,free,Retail,1000+,paid_search,India,3,2,1,,0,0
U0827,2023-05-01,free,Retail,1000+,paid_search,India,2,1,0,,0,0
U0827,2023-06-01,free,Retail,1000+,paid_search,India,1,1,0,,0,0
U0827,2023-07-01,free,Retail,1000+,paid_search,India,3,1,2,,0,0
U0827,2023-08-01,free,Retail,1000+,paid_search,India,3,1,1,7.0,0,0
U0827,2023-09-01,free,Retail,1000+,paid_search,India,2,1,3,,0,0
U0827,2023-10-01,free,Retail,1000+,paid_search,India,2,4,0,,0,0
U0827,2023-11-01,free,Retail,1000+,paid_search,India,3,1,1,,0,0
U0827,2023-12-01,free,Retail,1000+,paid_search,India,2,2,1,,0,0
U0828,2023-01-01,free,SaaS,11-50,paid_search,USA,2,1,0,4.0,0,0
U0828,2023-02-01,free,SaaS,11-50,paid_search,USA,2,1,2,,0,0
U0828,2023-03-01,free,SaaS,11-50,paid_search,USA,1,3,1,,0,0
U0828,2023-04-01,free,SaaS,11-50,paid_search,USA,2,1,2,,0,0
U0828,2023-05-01,free,SaaS,11-50,paid_search,USA,2,1,1,,0,0
U0828,2023-06-01,free,SaaS,11-50,paid_search,USA,3,1,1,,0,0
U0828,2023-07-01,free,SaaS,11-50,paid_search,USA,2,3,0,,0,0
U0828,2023-08-01,free,SaaS,11-50,paid_search,USA,1,1,2,,0,0
U0828,2023-09-01,free,SaaS,11-50,paid_search,USA,3,1,0,,0,0
U0828,2023-10-01,free,SaaS,11-50,paid_search,USA,1,2,1,,0,0
U0828,2023-11-01,free,SaaS,11-50,paid_search,USA,2,1,2,,0,0
U0829,2023-01-01,pro,Finance,201-1000,organic,USA,20,4,0,,99,0
U0829,2023-02-01,pro,Finance,201-1000,organic,USA,9,4,0,,99,0
U0829,2023-03-01,pro,Finance,201-1000,organic,USA,9,5,2,,99,0
U0829,2023-04-01,pro,Finance,201-1000,organic,USA,13,9,0,7.0,99,0
U0829,2023-05-01,pro,Finance,201-1000,organic,USA,9,6,0,,99,0
U0829,2023-06-01,pro,Finance,201-1000,organic,USA,19,9,0,5.0,99,0
U0829,2023-07-01,pro,Finance,201-1000,organic,USA,18,4,0,,99,0
U0829,2023-08-01,pro,Finance,201-1000,organic,USA,18,6,1,,99,0
U0829,2023-09-01,pro,Finance,201-1000,organic,USA,10,6,1,,99,0
U0829,2023-10-01,pro,Finance,201-1000,organic,USA,13,7,1,,99,0
U0829,2023-11-01,pro,Finance,201-1000,organic,USA,16,7,0,,99,0
U0829,2023-12-01,pro,Finance,201-1000,organic,USA,17,7,0,,99,0
U0830,2023-01-01,starter,Education,11-50,organic,India,8,1,1,,29,0
U0830,2023-02-01,starter,Education,11-50,organic,India,10,3,1,,29,0
U0830,2023-03-01,starter,Education,11-50,organic,India,8,1,4,,29,0
U0830,2023-04-01,starter,Education,11-50,organic,India,6,2,1,,29,0
U0830,2023-05-01,starter,Education,11-50,organic,India,6,5,1,,29,0
U0830,2023-06-01,starter,Education,11-50,organic,India,8,3,1,7.0,29,0
U0830,2023-07-01,starter,Education,11-50,organic,India,4,3,1,4.0,29,0
U0830,2023-08-01,starter,Education,11-50,organic,India,4,3,1,,29,0
U0830,2023-09-01,starter,Education,11-50,organic,India,9,1,0,,29,0
U0830,2023-10-01,starter,Education,11-50,organic,India,5,6,1,,29,0
U0830,2023-11-01,starter,Education,11-50,organic,India,5,5,0,,29,0
U0830,2023-12-01,starter,Education,11-50,organic,India,7,1,0,,29,0
U0831,2023-01-01,free,Ecommerce,11-50,paid_search,Canada,1,2,0,,0,0
U0831,2023-02-01,free,Ecommerce,11-50,paid_search,Canada,3,1,0,,0,0
U0831,2023-03-01,free,Ecommerce,11-50,paid_search,Canada,1,1,1,,0,0
U0831,2023-04-01,free,Ecommerce,11-50,paid_search,Canada,3,1,0,,0,0
U0831,2023-05-01,free,Ecommerce,11-50,paid_search,Canada,2,1,1,5.0,0,0
U0831,2023-06-01,free,Ecommerce,11-50,paid_search,Canada,3,1,0,,0,0
U0831,2023-07-01,free,Ecommerce,11-50,paid_search,Canada,3,1,0,,0,0
U0832,2023-01-01,starter,Healthcare,1-10,organic,USA,1,1,0,,29,0
U0833,2023-01-01,free,Education,1-10,referral,Germany,3,1,0,,0,0
U0833,2023-02-01,free,Education,1-10,referral,Germany,1,1,2,,0,0
U0833,2023-03-01,free,Education,1-10,referral,Germany,2,2,0,,0,0
U0833,2023-04-01,free,Education,1-10,referral,Germany,2,1,0,7.0,0,0
U0834,2023-01-01,free,Retail,51-200,social,Canada,2,1,0,,0,0
U0834,2023-02-01,free,Retail,51-200,social,Canada,4,4,2,,0,0
U0835,2023-01-01,starter,Retail,11-50,social,India,8,1,1,,29,0
U0835,2023-02-01,starter,Retail,11-50,social,India,7,2,5,,29,0
U0835,2023-03-01,starter,Retail,11-50,social,India,8,3,2,,29,0
U0835,2023-04-01,starter,Retail,11-50,social,India,6,1,2,,29,0
U0835,2023-05-01,starter,Retail,11-50,social,India,9,1,1,7.0,29,0
U0835,2023-06-01,starter,Retail,11-50,social,India,9,2,0,,29,0
U0836,2023-01-01,starter,Education,11-50,referral,India,6,1,0,,29,0
U0837,2023-01-01,enterprise,Retail,11-50,organic,Canada,32,10,0,,399,0
U0837,2023-02-01,enterprise,Retail,11-50,organic,Canada,37,10,0,,399,0
U0837,2023-03-01,enterprise,Retail,11-50,organic,Canada,34,10,0,,399,0
U0837,2023-04-01,enterprise,Retail,11-50,organic,Canada,35,10,0,,399,0
U0837,2023-05-01,enterprise,Retail,11-50,organic,Canada,33,10,0,8.0,399,0
U0837,2023-06-01,enterprise,Retail,11-50,organic,Canada,57,10,0,,399,0
U0837,2023-07-01,enterprise,Retail,11-50,organic,Canada,27,10,1,,399,0
U0837,2023-08-01,enterprise,Retail,11-50,organic,Canada,36,10,1,,399,0
U0837,2023-09-01,enterprise,Retail,11-50,organic,Canada,43,10,0,8.0,399,0
U0837,2023-10-01,enterprise,Retail,11-50,organic,Canada,43,10,0,,399,0
U0837,2023-11-01,enterprise,Retail,11-50,organic,Canada,54,10,0,,399,0
U0837,2023-12-01,enterprise,Retail,11-50,organic,Canada,54,10,0,,399,0
U0839,2023-01-01,starter,SaaS,201-1000,social,USA,6,2,1,,29,0
U0839,2023-02-01,starter,SaaS,201-1000,social,USA,6,4,1,,29,0
U0839,2023-03-01,starter,SaaS,201-1000,social,USA,9,1,2,,29,0
U0839,2023-04-01,starter,SaaS,201-1000,social,USA,6,4,0,,29,0
U0839,2023-05-01,starter,SaaS,201-1000,social,USA,9,5,1,,29,0
U0839,2023-06-01,starter,SaaS,201-1000,social,USA,6,4,1,,29,0
U0839,2023-07-01,starter,SaaS,201-1000,social,USA,10,6,0,,29,0
U0839,2023-08-01,starter,SaaS,201-1000,social,USA,9,4,2,,29,0
U0839,2023-09-01,starter,SaaS,201-1000,social,USA,7,3,1,,29,0
U0839,2023-10-01,starter,SaaS,201-1000,social,USA,12,1,3,,29,0
U0839,2023-11-01,starter,SaaS,201-1000,social,USA,8,1,0,,29,0
U0839,2023-12-01,starter,SaaS,201-1000,social,USA,5,3,1,,29,0
U0840,2023-01-01,starter,Ecommerce,1000+,organic,USA,8,1,2,7.0,29,0
U0840,2023-02-01,starter,Ecommerce,1000+,organic,USA,9,1,1,,29,0
U0840,2023-03-01,starter,Ecommerce,1000+,organic,USA,9,2,0,6.0,29,0
U0841,2023-01-01,free,SaaS,11-50,referral,UK,1,4,0,,0,0
U0841,2023-02-01,free,SaaS,11-50,referral,UK,2,1,0,,0,0
U0842,2023-01-01,starter,Ecommerce,201-1000,organic,Canada,8,2,1,6.0,29,0
U0842,2023-02-01,starter,Ecommerce,201-1000,organic,Canada,2,2,1,,29,0
U0842,2023-03-01,starter,Ecommerce,201-1000,organic,Canada,13,2,0,6.0,29,0
U0842,2023-04-01,starter,Ecommerce,201-1000,organic,Canada,4,4,1,,29,0
U0842,2023-05-01,starter,Ecommerce,201-1000,organic,Canada,7,4,1,4.0,29,0
U0843,2023-01-01,free,Ecommerce,51-200,social,UK,4,1,0,,0,0
U0843,2023-02-01,free,Ecommerce,51-200,social,UK,2,2,0,,0,0
U0843,2023-03-01,free,Ecommerce,51-200,social,UK,3,1,2,,0,0
U0843,2023-04-01,free,Ecommerce,51-200,social,UK,3,1,1,,0,0
U0843,2023-05-01,free,Ecommerce,51-200,social,UK,1,1,1,,0,0
U0844,2023-01-01,enterprise,SaaS,11-50,direct,USA,29,9,0,,399,0
U0844,2023-02-01,enterprise,SaaS,11-50,direct,USA,32,10,0,,399,0
U0844,2023-03-01,enterprise,SaaS,11-50,direct,USA,48,10,1,,399,0
U0844,2023-04-01,enterprise,SaaS,11-50,direct,USA,34,10,1,,399,0
U0844,2023-05-01,enterprise,SaaS,11-50,direct,USA,11,10,1,,399,0
U0844,2023-06-01,enterprise,SaaS,11-50,direct,USA,40,10,1,,399,0
U0844,2023-07-01,enterprise,SaaS,11-50,direct,USA,29,10,0,,399,0
U0844,2023-08-01,enterprise,SaaS,11-50,direct,USA,30,10,0,,399,0
U0844,2023-09-01,enterprise,SaaS,11-50,direct,USA,36,10,0,,399,0
U0845,2023-01-01,free,Education,1000+,organic,USA,3,2,0,,0,0
U0845,2023-02-01,free,Education,1000+,organic,USA,2,1,0,7.0,0,0
U0845,2023-03-01,free,Education,1000+,organic,USA,3,3,2,,0,0
U0845,2023-04-01,free,Education,1000+,organic,USA,1,1,0,,0,0
U0845,2023-05-01,free,Education,1000+,organic,USA,4,1,0,5.0,0,0
U0845,2023-06-01,free,Education,1000+,organic,USA,3,1,1,,0,0
U0845,2023-07-01,free,Education,1000+,organic,USA,5,1,0,,0,0
U0848,2023-01-01,enterprise,Ecommerce,201-1000,direct,India,33,10,0,,399,0
U0848,2023-02-01,enterprise,Ecommerce,201-1000,direct,India,38,10,0,,399,0
U0848,2023-03-01,enterprise,Ecommerce,201-1000,direct,India,39,10,0,8.0,399,0
U0848,2023-04-01,enterprise,Ecommerce,201-1000,direct,India,32,10,0,,399,0
U0848,2023-05-01,enterprise,Ecommerce,201-1000,direct,India,20,10,0,,399,0
U0848,2023-06-01,enterprise,Ecommerce,201-1000,direct,India,43,10,1,7.0,399,0
U0848,2023-07-01,enterprise,Ecommerce,201-1000,direct,India,47,10,0,9.0,399,0
U0848,2023-08-01,enterprise,Ecommerce,201-1000,direct,India,46,10,0,7.0,399,0
U0849,2023-01-01,starter,Healthcare,11-50,paid_search,USA,9,1,1,4.0,29,0
U0849,2023-02-01,starter,Healthcare,11-50,paid_search,USA,6,2,0,8.0,29,0
U0849,2023-03-01,starter,Healthcare,11-50,paid_search,USA,7,3,0,5.0,29,0
U0849,2023-04-01,starter,Healthcare,11-50,paid_search,USA,11,3,0,4.0,29,0
U0849,2023-05-01,starter,Healthcare,11-50,paid_search,USA,9,4,0,,29,0
U0849,2023-06-01,starter,Healthcare,11-50,paid_search,USA,9,2,2,,29,0
U0849,2023-07-01,starter,Healthcare,11-50,paid_search,USA,5,2,2,,29,0
U0849,2023-08-01,starter,Healthcare,11-50,paid_search,USA,6,4,1,,29,0
U0849,2023-09-01,starter,Healthcare,11-50,paid_search,USA,8,1,2,,29,0
U0849,2023-10-01,starter,Healthcare,11-50,paid_search,USA,8,4,2,,29,0
U0849,2023-11-01,starter,Healthcare,11-50,paid_search,USA,5,4,0,,29,0
U0849,2023-12-01,starter,Healthcare,11-50,paid_search,USA,4,1,0,4.0,29,0
U0850,2023-01-01,starter,Education,201-1000,social,Canada,7,3,0,,29,0
U0850,2023-02-01,starter,Education,201-1000,social,Canada,6,2,1,5.0,29,0
U0850,2023-03-01,starter,Education,201-1000,social,Canada,13,3,0,,29,0
U0850,2023-04-01,starter,Education,201-1000,social,Canada,6,1,0,,29,0
U0850,2023-05-01,starter,Education,201-1000,social,Canada,6,1,1,,29,0
U0850,2023-06-01,starter,Education,201-1000,social,Canada,4,4,0,,29,0
U0850,2023-07-01,starter,Education,201-1000,social,Canada,8,1,3,,29,0
U0850,2023-08-01,starter,Education,201-1000,social,Canada,4,3,1,,29,0
U0850,2023-09-01,starter,Education,201-1000,social,Canada,10,1,0,5.0,29,0
U0850,2023-10-01,starter,Education,201-1000,social,Canada,7,2,1,,29,0
U0851,2023-01-01,free,Finance,201-1000,organic,Other,4,1,2,,0,0
U0851,2023-02-01,free,Finance,201-1000,organic,Other,2,2,1,,0,0
U0851,2023-03-01,free,Finance,201-1000,organic,Other,2,1,0,,0,0
U0851,2023-04-01,free,Finance,201-1000,organic,Other,3,1,0,,0,0
U0851,2023-05-01,free,Finance,201-1000,organic,Other,2,1,0,,0,0
U0851,2023-06-01,free,Finance,201-1000,organic,Other,2,1,0,,0,0
U0852,2023-01-01,pro,Ecommerce,1-10,organic,USA,23,6,0,9.0,99,0
U0852,2023-02-01,pro,Ecommerce,1-10,organic,USA,14,7,0,,99,0
U0852,2023-03-01,pro,Ecommerce,1-10,organic,USA,15,6,0,7.0,99,0
U0852,2023-04-01,pro,Ecommerce,1-10,organic,USA,21,7,0,,99,0
U0852,2023-05-01,pro,Ecommerce,1-10,organic,USA,20,6,0,,99,0
U0852,2023-06-01,pro,Ecommerce,1-10,organic,USA,24,6,1,,99,0
U0852,2023-07-01,pro,Ecommerce,1-10,organic,USA,23,3,0,,99,0
U0852,2023-08-01,pro,Ecommerce,1-10,organic,USA,10,4,1,,99,0
U0852,2023-09-01,pro,Ecommerce,1-10,organic,USA,16,2,3,,99,0
U0852,2023-10-01,pro,Ecommerce,1-10,organic,USA,17,5,0,,99,0
U0852,2023-11-01,pro,Ecommerce,1-10,organic,USA,4,6,1,,99,0
U0852,2023-12-01,pro,Ecommerce,1-10,organic,USA,20,6,2,8.0,99,0
U0853,2023-01-01,free,Healthcare,201-1000,organic,UK,2,2,0,,0,0
U0853,2023-02-01,free,Healthcare,201-1000,organic,UK,3,1,0,,0,0
U0853,2023-03-01,free,Healthcare,201-1000,organic,UK,3,1,1,,0,0
U0854,2023-01-01,pro,Finance,11-50,direct,USA,14,6,1,,99,0
U0854,2023-02-01,pro,Finance,11-50,direct,USA,19,7,2,,99,0
U0854,2023-03-01,pro,Finance,11-50,direct,USA,9,6,0,7.0,99,0
U0854,2023-04-01,pro,Finance,11-50,direct,USA,6,7,1,,99,0
U0854,2023-05-01,pro,Finance,11-50,direct,USA,14,7,0,,99,0
U0854,2023-06-01,pro,Finance,11-50,direct,USA,19,5,2,,99,0
U0855,2023-01-01,free,Finance,11-50,social,Germany,1,3,1,,0,0
U0855,2023-02-01,free,Finance,11-50,social,Germany,4,1,0,,0,0
U0855,2023-03-01,free,Finance,11-50,social,Germany,3,1,1,,0,0
U0855,2023-04-01,free,Finance,11-50,social,Germany,3,1,1,,0,0
U0857,2023-01-01,free,SaaS,201-1000,direct,UK,2,4,1,,0,0
U0857,2023-02-01,free,SaaS,201-1000,direct,UK,4,1,0,,0,0
U0858,2023-01-01,starter,Ecommerce,1-10,organic,Canada,8,3,0,,29,0
U0859,2023-01-01,starter,Healthcare,11-50,paid_search,France,4,2,0,,29,0
U0859,2023-02-01,starter,Healthcare,11-50,paid_search,France,8,3,0,5.0,29,0
U0859,2023-03-01,starter,Healthcare,11-50,paid_search,France,8,1,0,,29,0
U0859,2023-04-01,starter,Healthcare,11-50,paid_search,France,4,3,0,,29,0
U0859,2023-05-01,starter,Healthcare,11-50,paid_search,France,6,1,0,,29,0
U0859,2023-06-01,starter,Healthcare,11-50,paid_search,France,9,2,1,,29,0
U0859,2023-07-01,starter,Healthcare,11-50,paid_search,France,2,3,0,,29,0
U0859,2023-08-01,starter,Healthcare,11-50,paid_search,France,8,1,2,6.0,29,0
U0859,2023-09-01,starter,Healthcare,11-50,paid_search,France,7,1,3,,29,0
U0859,2023-10-01,starter,Healthcare,11-50,paid_search,France,8,2,0,,29,0
U0859,2023-11-01,starter,Healthcare,11-50,paid_search,France,9,2,2,,29,0
U0859,2023-12-01,starter,Healthcare,11-50,paid_search,France,14,3,0,,29,0
U0861,2023-01-01,pro,Ecommerce,51-200,organic,USA,17,2,1,,99,0
U0861,2023-02-01,pro,Ecommerce,51-200,organic,USA,20,4,2,,99,0
U0861,2023-03-01,pro,Ecommerce,51-200,organic,USA,21,5,0,,99,0
U0861,2023-04-01,pro,Ecommerce,51-200,organic,USA,10,4,0,,99,0
U0861,2023-05-01,pro,Ecommerce,51-200,organic,USA,18,5,2,,99,0
U0861,2023-06-01,pro,Ecommerce,51-200,organic,USA,19,6,1,,99,0
U0861,2023-07-01,pro,Ecommerce,51-200,organic,USA,28,5,0,,99,0
U0861,2023-08-01,pro,Ecommerce,51-200,organic,USA,15,5,0,,99,0
U0861,2023-09-01,pro,Ecommerce,51-200,organic,USA,21,3,1,8.0,99,0
U0861,2023-10-01,pro,Ecommerce,51-200,organic,USA,9,6,2,,99,0
U0862,2023-01-01,starter,SaaS,51-200,organic,Australia,7,3,0,,29,0
U0863,2023-01-01,starter,Ecommerce,1-10,paid_search,Canada,8,1,0,,29,0
U0863,2023-02-01,starter,Ecommerce,1-10,paid_search,Canada,11,4,1,,29,0
U0863,2023-03-01,starter,Ecommerce,1-10,paid_search,Canada,8,4,0,,29,0
U0863,2023-04-01,starter,Ecommerce,1-10,paid_search,Canada,6,2,3,,29,0
U0863,2023-05-01,starter,Ecommerce,1-10,paid_search,Canada,5,2,1,,29,0
U0863,2023-06-01,starter,Ecommerce,1-10,paid_search,Canada,8,1,2,,29,0
U0863,2023-07-01,starter,Ecommerce,1-10,paid_search,Canada,10,4,0,,29,0
U0863,2023-08-01,starter,Ecommerce,1-10,paid_search,Canada,4,1,0,,29,0
U0864,2023-01-01,starter,Education,1-10,organic,France,7,2,1,9.0,29,0
U0864,2023-02-01,starter,Education,1-10,organic,France,4,3,1,,29,0
U0864,2023-03-01,starter,Education,1-10,organic,France,6,3,0,,29,0
U0866,2023-01-01,starter,Healthcare,201-1000,organic,Australia,8,2,0,,29,0
U0866,2023-02-01,starter,Healthcare,201-1000,organic,Australia,10,2,3,,29,0
U0866,2023-03-01,starter,Healthcare,201-1000,organic,Australia,6,3,1,,29,0
U0866,2023-04-01,starter,Healthcare,201-1000,organic,Australia,5,2,0,,29,0
U0866,2023-05-01,starter,Healthcare,201-1000,organic,Australia,7,1,0,6.0,29,0
U0866,2023-06-01,starter,Healthcare,201-1000,organic,Australia,6,1,0,,29,0
U0866,2023-07-01,starter,Healthcare,201-1000,organic,Australia,7,3,0,,29,0
U0866,2023-08-01,starter,Healthcare,201-1000,organic,Australia,7,4,0,,29,0
U0866,2023-09-01,starter,Healthcare,201-1000,organic,Australia,6,6,1,,29,0
U0866,2023-10-01,starter,Healthcare,201-1000,organic,Australia,8,1,1,,29,0
U0866,2023-11-01,starter,Healthcare,201-1000,organic,Australia,6,4,2,,29,0
U0866,2023-12-01,starter,Healthcare,201-1000,organic,Australia,9,4,1,,29,0
U0867,2023-01-01,free,Finance,1-10,organic,UK,1,1,0,6.0,0,0
U0867,2023-02-01,free,Finance,1-10,organic,UK,3,2,1,,0,0
U0868,2023-01-01,free,Ecommerce,1-10,direct,India,2,2,1,,0,0
U0868,2023-02-01,free,Ecommerce,1-10,direct,India,2,2,0,,0,0
U0869,2023-01-01,pro,SaaS,1000+,referral,France,9,7,1,5.0,99,0
U0869,2023-02-01,pro,SaaS,1000+,referral,France,22,6,2,,99,0
U0869,2023-03-01,pro,SaaS,1000+,referral,France,16,4,1,,99,0
U0869,2023-04-01,pro,SaaS,1000+,referral,France,15,5,0,,99,0
U0869,2023-05-01,pro,SaaS,1000+,referral,France,21,5,1,,99,0
U0869,2023-06-01,pro,SaaS,1000+,referral,France,20,5,0,,99,0
U0869,2023-07-01,pro,SaaS,1000+,referral,France,18,6,0,,99,0
U0869,2023-08-01,pro,SaaS,1000+,referral,France,19,6,1,,99,0
U0869,2023-09-01,pro,SaaS,1000+,referral,France,15,6,0,6.0,99,0
U0870,2023-01-01,enterprise,Education,1-10,direct,Canada,22,10,0,8.0,399,0
U0870,2023-02-01,enterprise,Education,1-10,direct,Canada,34,10,3,,399,0
U0870,2023-03-01,enterprise,Education,1-10,direct,Canada,37,9,0,,399,0
U0870,2023-04-01,enterprise,Education,1-10,direct,Canada,50,10,0,,399,0
U0870,2023-05-01,enterprise,Education,1-10,direct,Canada,34,10,0,6.0,399,0
U0870,2023-06-01,enterprise,Education,1-10,direct,Canada,22,10,0,7.0,399,0
U0870,2023-07-01,enterprise,Education,1-10,direct,Canada,47,9,1,,399,0
U0870,2023-08-01,enterprise,Education,1-10,direct,Canada,33,10,1,,399,0
U0870,2023-09-01,enterprise,Education,1-10,direct,Canada,42,10,1,,399,0
U0870,2023-10-01,enterprise,Education,1-10,direct,Canada,31,10,0,,399,0
U0870,2023-11-01,enterprise,Education,1-10,direct,Canada,31,10,0,,399,0
U0870,2023-12-01,enterprise,Education,1-10,direct,Canada,27,10,0,,399,0
U0871,2023-01-01,free,SaaS,1000+,paid_search,USA,2,3,1,,0,0
U0871,2023-02-01,free,SaaS,1000+,paid_search,USA,3,1,1,7.0,0,0
U0872,2023-01-01,free,Retail,51-200,organic,USA,2,2,0,,0,0
U0872,2023-02-01,free,Retail,51-200,organic,USA,3,1,0,,0,0
U0872,2023-03-01,free,Retail,51-200,organic,USA,2,1,1,6.0,0,0
U0872,2023-04-01,free,Retail,51-200,organic,USA,1,1,1,,0,0
U0872,2023-05-01,free,Retail,51-200,organic,USA,2,1,1,,0,0
U0872,2023-06-01,free,Retail,51-200,organic,USA,3,1,0,,0,0
U0873,2023-01-01,starter,Education,201-1000,referral,USA,7,4,0,,29,0
U0873,2023-02-01,starter,Education,201-1000,referral,USA,5,1,1,,29,0
U0873,2023-03-01,starter,Education,201-1000,referral,USA,10,4,2,,29,0
U0873,2023-04-01,starter,Education,201-1000,referral,USA,9,6,0,4.0,29,0
U0873,2023-05-01,starter,Education,201-1000,referral,USA,5,2,0,,29,0
U0873,2023-06-01,starter,Education,201-1000,referral,USA,8,3,0,,29,0
U0873,2023-07-01,starter,Education,201-1000,referral,USA,9,4,1,,29,0
U0873,2023-08-01,starter,Education,201-1000,referral,USA,6,3,0,,29,0
U0873,2023-09-01,starter,Education,201-1000,referral,USA,7,4,1,,29,0
U0873,2023-10-01,starter,Education,201-1000,referral,USA,11,2,0,5.0,29,0
U0873,2023-11-01,starter,Education,201-1000,referral,USA,9,3,2,,29,0
U0873,2023-12-01,starter,Education,201-1000,referral,USA,7,3,1,,29,0
U0874,2023-01-01,starter,Healthcare,1-10,organic,USA,5,3,0,,29,0
U0874,2023-02-01,starter,Healthcare,1-10,organic,USA,9,2,1,,29,0
U0874,2023-03-01,starter,Healthcare,1-10,organic,USA,6,1,2,,29,0
U0874,2023-04-01,starter,Healthcare,1-10,organic,USA,9,3,0,,29,0
U0874,2023-05-01,starter,Healthcare,1-10,organic,USA,10,1,0,,29,0
U0874,2023-06-01,starter,Healthcare,1-10,organic,USA,5,1,0,,29,0
U0874,2023-07-01,starter,Healthcare,1-10,organic,USA,11,1,1,,29,0
U0874,2023-08-01,starter,Healthcare,1-10,organic,USA,10,1,0,4.0,29,0
U0874,2023-09-01,starter,Healthcare,1-10,organic,USA,4,1,1,,29,0
U0874,2023-10-01,starter,Healthcare,1-10,organic,USA,7,1,2,,29,0
U0874,2023-11-01,starter,Healthcare,1-10,organic,USA,3,5,1,,29,0
U0875,2023-01-01,free,Finance,1-10,organic,USA,3,4,1,,0,0
U0875,2023-02-01,free,Finance,1-10,organic,USA,2,2,0,,0,0
U0875,2023-03-01,free,Finance,1-10,organic,USA,4,2,0,,0,0
U0875,2023-04-01,free,Finance,1-10,organic,USA,2,1,1,,0,0
U0875,2023-05-01,free,Finance,1-10,organic,USA,3,2,1,,0,0
U0875,2023-06-01,free,Finance,1-10,organic,USA,3,3,0,,0,0
U0877,2023-01-01,pro,Ecommerce,201-1000,organic,Canada,16,5,1,,99,0
U0877,2023-02-01,pro,Ecommerce,201-1000,organic,Canada,12,5,1,,99,0
U0877,2023-03-01,pro,Ecommerce,201-1000,organic,Canada,5,4,1,,99,0
U0877,2023-04-01,pro,Ecommerce,201-1000,organic,Canada,16,4,0,,99,0
U0877,2023-05-01,pro,Ecommerce,201-1000,organic,Canada,22,7,0,,99,0
U0877,2023-06-01,pro,Ecommerce,201-1000,organic,Canada,22,4,1,,99,0
U0877,2023-07-01,pro,Ecommerce,201-1000,organic,Canada,11,3,2,,99,0
U0877,2023-08-01,pro,Ecommerce,201-1000,organic,Canada,15,5,0,,99,0
U0877,2023-09-01,pro,Ecommerce,201-1000,organic,Canada,14,6,1,,99,0
U0877,2023-10-01,pro,Ecommerce,201-1000,organic,Canada,12,6,0,,99,0
U0877,2023-11-01,pro,Ecommerce,201-1000,organic,Canada,20,4,0,,99,0
U0877,2023-12-01,pro,Ecommerce,201-1000,organic,Canada,16,6,1,,99,0
U0878,2023-01-01,starter,SaaS,51-200,organic,UK,6,2,2,,29,0
U0878,2023-02-01,starter,SaaS,51-200,organic,UK,5,3,0,4.0,29,0
U0878,2023-03-01,starter,SaaS,51-200,organic,UK,3,2,2,,29,0
U0878,2023-04-01,starter,SaaS,51-200,organic,UK,7,2,0,,29,0
U0878,2023-05-01,starter,SaaS,51-200,organic,UK,6,3,1,,29,0
U0878,2023-06-01,starter,SaaS,51-200,organic,UK,7,3,2,,29,0
U0878,2023-07-01,starter,SaaS,51-200,organic,UK,11,1,0,,29,0
U0878,2023-08-01,starter,SaaS,51-200,organic,UK,5,4,1,,29,0
U0878,2023-09-01,starter,SaaS,51-200,organic,UK,11,1,0,,29,0
U0878,2023-10-01,starter,SaaS,51-200,organic,UK,5,2,1,,29,0
U0878,2023-11-01,starter,SaaS,51-200,organic,UK,9,1,2,,29,0
U0878,2023-12-01,starter,SaaS,51-200,organic,UK,6,2,2,,29,0
U0879,2023-01-01,free,Retail,1-10,paid_search,Canada,3,2,3,5.0,0,0
U0879,2023-02-01,free,Retail,1-10,paid_search,Canada,3,1,0,,0,0
U0879,2023-03-01,free,Retail,1-10,paid_search,Canada,3,1,2,,0,0
U0879,2023-04-01,free,Retail,1-10,paid_search,Canada,3,1,0,,0,0
U0880,2023-01-01,free,Education,51-200,referral,USA,2,1,2,,0,0
U0880,2023-02-01,free,Education,51-200,referral,USA,2,1,1,,0,0
U0880,2023-03-01,free,Education,51-200,referral,USA,3,4,1,,0,0
U0880,2023-04-01,free,Education,51-200,referral,USA,3,1,0,,0,0
U0880,2023-05-01,free,Education,51-200,referral,USA,2,1,1,,0,0
U0881,2023-01-01,free,Education,51-200,organic,USA,2,1,1,,0,0
U0881,2023-02-01,free,Education,51-200,organic,USA,2,1,2,7.0,0,0
U0881,2023-03-01,free,Education,51-200,organic,USA,2,1,2,,0,0
U0881,2023-04-01,free,Education,51-200,organic,USA,2,2,0,8.0,0,0
U0881,2023-05-01,free,Education,51-200,organic,USA,2,2,2,,0,0
U0881,2023-06-01,free,Education,51-200,organic,USA,4,2,2,,0,0
U0881,2023-07-01,free,Education,51-200,organic,USA,4,1,1,,0,0
U0881,2023-08-01,free,Education,51-200,organic,USA,1,1,0,,0,0
U0882,2023-01-01,starter,SaaS,51-200,organic,USA,7,2,2,7.0,29,0
U0882,2023-02-01,starter,SaaS,51-200,organic,USA,8,2,1,,29,0
U0882,2023-03-01,starter,SaaS,51-200,organic,USA,7,2,0,,29,0
U0882,2023-04-01,starter,SaaS,51-200,organic,USA,11,4,0,,29,0
U0882,2023-05-01,starter,SaaS,51-200,organic,USA,9,3,3,,29,0
U0882,2023-06-01,starter,SaaS,51-200,organic,USA,7,3,1,5.0,29,0
U0882,2023-07-01,starter,SaaS,51-200,organic,USA,8,1,0,,29,0
U0882,2023-08-01,starter,SaaS,51-200,organic,USA,7,1,2,,29,0
U0882,2023-09-01,starter,SaaS,51-200,organic,USA,7,2,0,,29,0
U0882,2023-10-01,starter,SaaS,51-200,organic,USA,7,3,1,,29,0
U0882,2023-11-01,starter,SaaS,51-200,organic,USA,10,1,0,,29,0
U0882,2023-12-01,starter,SaaS,51-200,organic,USA,8,1,0,3.0,29,0
U0883,2023-01-01,free,Retail,51-200,social,UK,1,1,1,6.0,0,0
U0883,2023-02-01,free,Retail,51-200,social,UK,3,1,2,,0,0
U0883,2023-03-01,free,Retail,51-200,social,UK,3,2,1,,0,0
U0883,2023-04-01,free,Retail,51-200,social,UK,1,1,3,,0,0
U0883,2023-05-01,free,Retail,51-200,social,UK,3,1,0,,0,0
U0883,2023-06-01,free,Retail,51-200,social,UK,4,1,1,,0,0
U0883,2023-07-01,free,Retail,51-200,social,UK,1,1,0,,0,0
U0883,2023-08-01,free,Retail,51-200,social,UK,3,1,2,6.0,0,0
U0883,2023-09-01,free,Retail,51-200,social,UK,3,1,2,,0,0
U0883,2023-10-01,free,Retail,51-200,social,UK,2,1,1,,0,0
U0883,2023-11-01,free,Retail,51-200,social,UK,3,1,0,,0,0
U0883,2023-12-01,free,Retail,51-200,social,UK,2,1,0,,0,0
U0884,2023-01-01,free,SaaS,201-1000,organic,USA,2,2,0,5.0,0,0
U0884,2023-02-01,free,SaaS,201-1000,organic,USA,3,1,0,,0,0
U0884,2023-03-01,free,SaaS,201-1000,organic,USA,2,2,1,3.0,0,0
U0884,2023-04-01,free,SaaS,201-1000,organic,USA,3,1,0,,0,0
U0885,2023-01-01,pro,Ecommerce,51-200,organic,USA,10,7,1,,99,0
U0885,2023-02-01,pro,Ecommerce,51-200,organic,USA,16,5,0,,99,0
U0885,2023-03-01,pro,Ecommerce,51-200,organic,USA,19,6,0,7.0,99,0
U0885,2023-04-01,pro,Ecommerce,51-200,organic,USA,14,7,0,,99,0
U0885,2023-05-01,pro,Ecommerce,51-200,organic,USA,29,5,0,,99,0
U0885,2023-06-01,pro,Ecommerce,51-200,organic,USA,18,5,2,,99,0
U0885,2023-07-01,pro,Ecommerce,51-200,organic,USA,26,6,1,,99,0
U0885,2023-08-01,pro,Ecommerce,51-200,organic,USA,20,5,1,,99,0
U0885,2023-09-01,pro,Ecommerce,51-200,organic,USA,5,5,0,,99,0
U0885,2023-10-01,pro,Ecommerce,51-200,organic,USA,19,6,1,,99,0
U0885,2023-11-01,pro,Ecommerce,51-200,organic,USA,13,5,1,,99,0
U0885,2023-12-01,pro,Ecommerce,51-200,organic,USA,15,2,2,,99,0
U0886,2023-01-01,free,Healthcare,1-10,social,UK,2,1,1,,0,0
U0886,2023-02-01,free,Healthcare,1-10,social,UK,3,1,2,,0,0
U0886,2023-03-01,free,Healthcare,1-10,social,UK,2,1,0,,0,0
U0887,2023-01-01,starter,Education,11-50,organic,Australia,6,5,1,,29,0
U0887,2023-02-01,starter,Education,11-50,organic,Australia,6,1,0,7.0,29,0
U0887,2023-03-01,starter,Education,11-50,organic,Australia,9,4,3,,29,0
U0887,2023-04-01,starter,Education,11-50,organic,Australia,6,3,1,,29,0
U0887,2023-05-01,starter,Education,11-50,organic,Australia,11,6,0,,29,0
U0887,2023-06-01,starter,Education,11-50,organic,Australia,8,4,2,,29,0
U0887,2023-07-01,starter,Education,11-50,organic,Australia,9,1,0,,29,0
U0888,2023-01-01,free,Ecommerce,1-10,organic,USA,3,2,0,,0,0
U0888,2023-02-01,free,Ecommerce,1-10,organic,USA,3,1,0,,0,0
U0888,2023-03-01,free,Ecommerce,1-10,organic,USA,2,1,0,8.0,0,0
U0888,2023-04-01,free,Ecommerce,1-10,organic,USA,4,1,0,,0,0
U0888,2023-05-01,free,Ecommerce,1-10,organic,USA,3,1,0,,0,0
U0888,2023-06-01,free,Ecommerce,1-10,organic,USA,3,2,0,7.0,0,0
U0889,2023-01-01,free,Healthcare,11-50,paid_search,Germany,2,1,0,,0,0
U0889,2023-02-01,free,Healthcare,11-50,paid_search,Germany,3,1,1,,0,0
U0889,2023-03-01,free,Healthcare,11-50,paid_search,Germany,3,1,0,,0,0
U0889,2023-04-01,free,Healthcare,11-50,paid_search,Germany,2,1,0,,0,0
U0889,2023-05-01,free,Healthcare,11-50,paid_search,Germany,2,1,1,,0,0
U0889,2023-06-01,free,Healthcare,11-50,paid_search,Germany,3,1,1,,0,0
U0889,2023-07-01,free,Healthcare,11-50,paid_search,Germany,2,1,3,,0,0
U0890,2023-01-01,free,Ecommerce,11-50,organic,Germany,1,2,4,,0,0
U0890,2023-02-01,free,Ecommerce,11-50,organic,Germany,4,1,1,,0,0
U0890,2023-03-01,free,Ecommerce,11-50,organic,Germany,3,2,2,,0,0
U0890,2023-04-01,free,Ecommerce,11-50,organic,Germany,4,4,0,,0,0
U0890,2023-05-01,free,Ecommerce,11-50,organic,Germany,3,3,2,,0,0
U0890,2023-06-01,free,Ecommerce,11-50,organic,Germany,1,1,1,6.0,0,0
U0890,2023-07-01,free,Ecommerce,11-50,organic,Germany,4,2,2,,0,0
U0890,2023-08-01,free,Ecommerce,11-50,organic,Germany,1,1,0,,0,0
U0890,2023-09-01,free,Ecommerce,11-50,organic,Germany,3,1,1,,0,0
U0890,2023-10-01,free,Ecommerce,11-50,organic,Germany,4,1,1,,0,0
U0890,2023-11-01,free,Ecommerce,11-50,organic,Germany,2,1,1,,0,0
U0890,2023-12-01,free,Ecommerce,11-50,organic,Germany,2,1,2,,0,0
U0891,2023-01-01,pro,Retail,1-10,paid_search,India,19,5,0,,99,0
U0891,2023-02-01,pro,Retail,1-10,paid_search,India,20,5,0,9.0,99,0
U0891,2023-03-01,pro,Retail,1-10,paid_search,India,12,3,0,,99,0
U0891,2023-04-01,pro,Retail,1-10,paid_search,India,22,7,2,,99,0
U0891,2023-05-01,pro,Retail,1-10,paid_search,India,18,6,0,,99,0
U0891,2023-06-01,pro,Retail,1-10,paid_search,India,23,6,0,8.0,99,0
U0891,2023-07-01,pro,Retail,1-10,paid_search,India,24,5,1,,99,0
U0891,2023-08-01,pro,Retail,1-10,paid_search,India,12,3,2,,99,0
U0891,2023-09-01,pro,Retail,1-10,paid_search,India,13,7,1,8.0,99,0
U0891,2023-10-01,pro,Retail,1-10,paid_search,India,20,3,0,,99,0
U0891,2023-11-01,pro,Retail,1-10,paid_search,India,22,7,0,,99,0
U0891,2023-12-01,pro,Retail,1-10,paid_search,India,19,7,1,,99,0
U0892,2023-01-01,pro,Education,11-50,social,Other,15,7,1,,99,0
U0892,2023-02-01,pro,Education,11-50,social,Other,24,4,1,,99,0
U0892,2023-03-01,pro,Education,11-50,social,Other,12,8,0,,99,0
U0892,2023-04-01,pro,Education,11-50,social,Other,18,4,0,,99,0
U0892,2023-05-01,pro,Education,11-50,social,Other,12,7,0,,99,0
U0892,2023-06-01,pro,Education,11-50,social,Other,18,6,1,,99,0
U0892,2023-07-01,pro,Education,11-50,social,Other,14,4,0,,99,0
U0892,2023-08-01,pro,Education,11-50,social,Other,14,6,1,6.0,99,0
U0892,2023-09-01,pro,Education,11-50,social,Other,8,5,0,,99,0
U0893,2023-01-01,pro,SaaS,1-10,organic,USA,23,6,2,,99,0
U0893,2023-02-01,pro,SaaS,1-10,organic,USA,10,6,0,,99,0
U0893,2023-03-01,pro,SaaS,1-10,organic,USA,21,8,1,,99,0
U0893,2023-04-01,pro,SaaS,1-10,organic,USA,22,3,0,8.0,99,0
U0893,2023-05-01,pro,SaaS,1-10,organic,USA,11,5,0,,99,0
U0893,2023-06-01,pro,SaaS,1-10,organic,USA,17,3,2,,99,0
U0893,2023-07-01,pro,SaaS,1-10,organic,USA,17,4,0,,99,0
U0893,2023-08-01,pro,SaaS,1-10,organic,USA,13,7,1,,99,0
U0893,2023-09-01,pro,SaaS,1-10,organic,USA,12,4,1,,99,0
U0893,2023-10-01,pro,SaaS,1-10,organic,USA,24,4,0,,99,0
U0893,2023-11-01,pro,SaaS,1-10,organic,USA,13,7,0,,99,0
U0893,2023-12-01,pro,SaaS,1-10,organic,USA,21,4,1,,99,0
U0894,2023-01-01,free,SaaS,201-1000,paid_search,USA,2,1,0,,0,0
U0894,2023-02-01,free,SaaS,201-1000,paid_search,USA,2,1,1,,0,0
U0894,2023-03-01,free,SaaS,201-1000,paid_search,USA,2,1,2,,0,0
U0894,2023-04-01,free,SaaS,201-1000,paid_search,USA,2,3,1,6.0,0,0
U0894,2023-05-01,free,SaaS,201-1000,paid_search,USA,3,2,1,,0,0
U0894,2023-06-01,free,SaaS,201-1000,paid_search,USA,4,3,0,,0,0
U0894,2023-07-01,free,SaaS,201-1000,paid_search,USA,3,1,1,,0,0
U0894,2023-08-01,free,SaaS,201-1000,paid_search,USA,2,1,2,,0,0
U0894,2023-09-01,free,SaaS,201-1000,paid_search,USA,2,2,2,,0,0
U0895,2023-01-01,starter,Healthcare,201-1000,paid_search,France,5,1,1,5.0,29,0
U0895,2023-02-01,starter,Healthcare,201-1000,paid_search,France,10,1,1,,29,0
U0895,2023-03-01,starter,Healthcare,201-1000,paid_search,France,6,1,2,,29,0
U0895,2023-04-01,starter,Healthcare,201-1000,paid_search,France,9,3,0,,29,0
U0895,2023-05-01,starter,Healthcare,201-1000,paid_search,France,10,1,0,,29,0
U0895,2023-06-01,starter,Healthcare,201-1000,paid_search,France,8,2,1,,29,0
U0895,2023-07-01,starter,Healthcare,201-1000,paid_search,France,7,3,0,4.0,29,0
U0895,2023-08-01,starter,Healthcare,201-1000,paid_search,France,3,2,0,,29,0
U0895,2023-09-01,starter,Healthcare,201-1000,paid_search,France,5,2,0,,29,0
U0895,2023-10-01,starter,Healthcare,201-1000,paid_search,France,7,5,0,5.0,29,0
U0895,2023-11-01,starter,Healthcare,201-1000,paid_search,France,4,1,1,,29,0
U0895,2023-12-01,starter,Healthcare,201-1000,paid_search,France,8,2,0,,29,0
U0897,2023-01-01,free,Retail,1000+,referral,Canada,2,1,1,5.0,0,0
U0897,2023-02-01,free,Retail,1000+,referral,Canada,3,2,2,6.0,0,0
U0897,2023-03-01,free,Retail,1000+,referral,Canada,3,1,2,,0,0
U0897,2023-04-01,free,Retail,1000+,referral,Canada,2,1,1,,0,0
U0897,2023-05-01,free,Retail,1000+,referral,Canada,2,1,1,,0,0
U0897,2023-06-01,free,Retail,1000+,referral,Canada,2,2,1,,0,0
U0897,2023-07-01,free,Retail,1000+,referral,Canada,2,1,1,,0,0
U0897,2023-08-01,free,Retail,1000+,referral,Canada,3,2,1,,0,0
U0897,2023-09-01,free,Retail,1000+,referral,Canada,2,1,1,,0,0
U0897,2023-10-01,free,Retail,1000+,referral,Canada,2,1,0,,0,0
U0897,2023-11-01,free,Retail,1000+,referral,Canada,3,2,0,,0,0
U0897,2023-12-01,free,Retail,1000+,referral,Canada,2,1,0,,0,0
U0898,2023-01-01,pro,Healthcare,11-50,organic,Germany,26,4,1,6.0,99,0
U0898,2023-02-01,pro,Healthcare,11-50,organic,Germany,19,8,0,,99,0
U0898,2023-03-01,pro,Healthcare,11-50,organic,Germany,14,7,1,,99,0
U0898,2023-04-01,pro,Healthcare,11-50,organic,Germany,12,3,2,,99,0
U0898,2023-05-01,pro,Healthcare,11-50,organic,Germany,21,5,0,8.0,99,0
U0898,2023-06-01,pro,Healthcare,11-50,organic,Germany,11,5,1,,99,0
U0898,2023-07-01,pro,Healthcare,11-50,organic,Germany,18,4,0,,99,0
U0898,2023-08-01,pro,Healthcare,11-50,organic,Germany,13,6,0,,99,0
U0898,2023-09-01,pro,Healthcare,11-50,organic,Germany,26,4,1,,99,0
U0898,2023-10-01,pro,Healthcare,11-50,organic,Germany,17,5,0,,99,0
U0898,2023-11-01,pro,Healthcare,11-50,organic,Germany,9,5,1,7.0,99,0
U0898,2023-12-01,pro,Healthcare,11-50,organic,Germany,17,7,1,,99,0
U0899,2023-01-01,free,Finance,1-10,paid_search,Germany,2,2,0,5.0,0,0
U0899,2023-02-01,free,Finance,1-10,paid_search,Germany,2,1,1,,0,0
U0899,2023-03-01,free,Finance,1-10,paid_search,Germany,3,2,0,,0,0
U0899,2023-04-01,free,Finance,1-10,paid_search,Germany,1,1,0,,0,0
U0899,2023-05-01,free,Finance,1-10,paid_search,Germany,2,3,1,,0,0
U0901,2023-01-01,free,Retail,11-50,paid_search,Other,1,1,1,,0,0
U0901,2023-02-01,free,Retail,11-50,paid_search,Other,3,1,0,5.0,0,0
U0901,2023-03-01,free,Retail,11-50,paid_search,Other,2,1,0,,0,0
U0901,2023-04-01,free,Retail,11-50,paid_search,Other,4,1,0,6.0,0,0
U0901,2023-05-01,free,Retail,11-50,paid_search,Other,2,1,1,,0,0
U0902,2023-01-01,free,Ecommerce,51-200,organic,India,1,4,3,,0,0
U0903,2023-01-01,free,Education,51-200,social,USA,3,1,0,,0,0
U0903,2023-02-01,free,Education,51-200,social,USA,2,2,3,,0,0
U0903,2023-03-01,free,Education,51-200,social,USA,1,1,0,,0,0
U0903,2023-04-01,free,Education,51-200,social,USA,1,1,0,5.0,0,0
U0903,2023-05-01,free,Education,51-200,social,USA,2,1,2,,0,0
U0903,2023-06-01,free,Education,51-200,social,USA,2,1,2,,0,0
U0903,2023-07-01,free,Education,51-200,social,USA,3,1,1,,0,0
U0903,2023-08-01,free,Education,51-200,social,USA,1,1,0,,0,0
U0903,2023-09-01,free,Education,51-200,social,USA,3,1,1,7.0,0,0
U0903,2023-10-01,free,Education,51-200,social,USA,2,1,0,,0,0
U0903,2023-11-01,free,Education,51-200,social,USA,3,1,0,,0,0
U0903,2023-12-01,free,Education,51-200,social,USA,3,1,0,,0,0
U0904,2023-01-01,starter,Retail,1-10,organic,France,6,3,0,,29,0
U0904,2023-02-01,starter,Retail,1-10,organic,France,10,1,0,,29,0
U0904,2023-03-01,starter,Retail,1-10,organic,France,7,1,2,,29,0
U0904,2023-04-01,starter,Retail,1-10,organic,France,6,1,2,,29,0
U0904,2023-05-01,starter,Retail,1-10,organic,France,9,2,0,,29,0
U0904,2023-06-01,starter,Retail,1-10,organic,France,14,3,0,,29,0
U0904,2023-07-01,starter,Retail,1-10,organic,France,10,3,1,,29,0
U0904,2023-08-01,starter,Retail,1-10,organic,France,8,2,0,,29,0
U0904,2023-09-01,starter,Retail,1-10,organic,France,6,3,0,5.0,29,0
U0904,2023-10-01,starter,Retail,1-10,organic,France,5,3,3,,29,0
U0904,2023-11-01,starter,Retail,1-10,organic,France,5,1,0,,29,0
U0905,2023-01-01,starter,Finance,1-10,paid_search,USA,4,1,2,4.0,29,0
U0905,2023-02-01,starter,Finance,1-10,paid_search,USA,8,1,1,,29,0
U0905,2023-03-01,starter,Finance,1-10,paid_search,USA,8,1,1,,29,0
U0905,2023-04-01,starter,Finance,1-10,paid_search,USA,7,3,0,5.0,29,0
U0905,2023-05-01,starter,Finance,1-10,paid_search,USA,7,4,1,,29,0
U0905,2023-06-01,starter,Finance,1-10,paid_search,USA,6,1,0,,29,0
U0905,2023-07-01,starter,Finance,1-10,paid_search,USA,9,1,0,,29,0
U0905,2023-08-01,starter,Finance,1-10,paid_search,USA,9,1,1,,29,0
U0905,2023-09-01,starter,Finance,1-10,paid_search,USA,7,3,0,,29,0
U0905,2023-10-01,starter,Finance,1-10,paid_search,USA,7,2,2,,29,0
U0905,2023-11-01,starter,Finance,1-10,paid_search,USA,8,2,2,3.0,29,0
U0905,2023-12-01,starter,Finance,1-10,paid_search,USA,10,3,0,7.0,29,0
U0906,2023-01-01,pro,Education,11-50,paid_search,USA,19,5,4,,99,0
U0906,2023-02-01,pro,Education,11-50,paid_search,USA,21,7,1,6.0,99,0
U0906,2023-03-01,pro,Education,11-50,paid_search,USA,17,4,2,,99,0
U0906,2023-04-01,pro,Education,11-50,paid_search,USA,19,1,1,,99,0
U0906,2023-05-01,pro,Education,11-50,paid_search,USA,11,5,4,,99,0
U0906,2023-06-01,pro,Education,11-50,paid_search,USA,16,5,1,,99,0
U0906,2023-07-01,pro,Education,11-50,paid_search,USA,18,5,3,6.0,99,0
U0906,2023-08-01,pro,Education,11-50,paid_search,USA,22,6,2,7.0,99,0
U0906,2023-09-01,pro,Education,11-50,paid_search,USA,18,7,1,,99,0
U0906,2023-10-01,pro,Education,11-50,paid_search,USA,14,4,0,,99,0
U0906,2023-11-01,pro,Education,11-50,paid_search,USA,19,4,0,,99,0
U0906,2023-12-01,pro,Education,11-50,paid_search,USA,20,5,1,,99,0
U0909,2023-01-01,free,Healthcare,1-10,referral,USA,2,2,3,,0,0
U0909,2023-02-01,free,Healthcare,1-10,referral,USA,2,4,0,,0,0
U0909,2023-03-01,free,Healthcare,1-10,referral,USA,3,1,1,,0,0
U0909,2023-04-01,free,Healthcare,1-10,referral,USA,2,1,0,6.0,0,0
U0910,2023-01-01,free,SaaS,201-1000,referral,USA,2,1,1,,0,0
U0910,2023-02-01,free,SaaS,201-1000,referral,USA,3,1,0,,0,0
U0910,2023-03-01,free,SaaS,201-1000,referral,USA,3,1,1,,0,0
U0910,2023-04-01,free,SaaS,201-1000,referral,USA,3,1,0,,0,0
U0910,2023-05-01,free,SaaS,201-1000,referral,USA,2,1,0,6.0,0,0
U0910,2023-06-01,free,SaaS,201-1000,referral,USA,3,1,0,6.0,0,0
U0911,2023-01-01,starter,SaaS,201-1000,social,Australia,4,2,1,,29,0
U0911,2023-02-01,starter,SaaS,201-1000,social,Australia,10,4,0,,29,0
U0911,2023-03-01,starter,SaaS,201-1000,social,Australia,5,2,0,,29,0
U0912,2023-01-01,free,Healthcare,11-50,organic,UK,3,1,2,7.0,0,0
U0912,2023-02-01,free,Healthcare,11-50,organic,UK,2,1,1,,0,0
U0912,2023-03-01,free,Healthcare,11-50,organic,UK,2,2,0,,0,0
U0912,2023-04-01,free,Healthcare,11-50,organic,UK,1,1,2,,0,0
U0912,2023-05-01,free,Healthcare,11-50,organic,UK,4,2,0,,0,0
U0912,2023-06-01,free,Healthcare,11-50,organic,UK,2,2,1,,0,0
U0912,2023-07-01,free,Healthcare,11-50,organic,UK,3,1,1,,0,0
U0912,2023-08-01,free,Healthcare,11-50,organic,UK,2,1,0,,0,0
U0912,2023-09-01,free,Healthcare,11-50,organic,UK,3,3,0,,0,0
U0913,2023-01-01,starter,Retail,201-1000,paid_search,Germany,4,2,1,,29,0
U0913,2023-02-01,starter,Retail,201-1000,paid_search,Germany,9,2,0,4.0,29,0
U0913,2023-03-01,starter,Retail,201-1000,paid_search,Germany,11,1,1,,29,0
U0913,2023-04-01,starter,Retail,201-1000,paid_search,Germany,6,2,0,,29,0
U0913,2023-05-01,starter,Retail,201-1000,paid_search,Germany,6,2,1,,29,0
U0913,2023-06-01,starter,Retail,201-1000,paid_search,Germany,7,3,0,,29,0
U0913,2023-07-01,starter,Retail,201-1000,paid_search,Germany,6,1,0,,29,0
U0913,2023-08-01,starter,Retail,201-1000,paid_search,Germany,11,4,0,,29,0
U0913,2023-09-01,starter,Retail,201-1000,paid_search,Germany,9,4,1,4.0,29,0
U0913,2023-10-01,starter,Retail,201-1000,paid_search,Germany,8,1,0,,29,0
U0913,2023-11-01,starter,Retail,201-1000,paid_search,Germany,11,3,0,,29,0
U0913,2023-12-01,starter,Retail,201-1000,paid_search,Germany,10,1,1,,29,0
U0914,2023-01-01,starter,SaaS,11-50,social,USA,8,3,1,,29,0
U0914,2023-02-01,starter,SaaS,11-50,social,USA,5,1,0,5.0,29,0
U0914,2023-03-01,starter,SaaS,11-50,social,USA,3,1,1,,29,0
U0914,2023-04-01,starter,SaaS,11-50,social,USA,10,2,0,,29,0
U0914,2023-05-01,starter,SaaS,11-50,social,USA,11,3,1,,29,0
U0914,2023-06-01,starter,SaaS,11-50,social,USA,8,1,0,,29,0
U0914,2023-07-01,starter,SaaS,11-50,social,USA,6,2,3,,29,0
U0915,2023-01-01,starter,Finance,11-50,direct,India,5,3,2,7.0,29,0
U0915,2023-02-01,starter,Finance,11-50,direct,India,10,1,1,,29,0
U0915,2023-03-01,starter,Finance,11-50,direct,India,10,2,2,,29,0
U0915,2023-04-01,starter,Finance,11-50,direct,India,9,1,3,,29,0
U0915,2023-05-01,starter,Finance,11-50,direct,India,6,1,2,,29,0
U0915,2023-06-01,starter,Finance,11-50,direct,India,11,2,1,6.0,29,0
U0915,2023-07-01,starter,Finance,11-50,direct,India,7,5,1,,29,0
U0915,2023-08-01,starter,Finance,11-50,direct,India,7,6,0,,29,0
U0915,2023-09-01,starter,Finance,11-50,direct,India,10,5,1,,29,0
U0915,2023-10-01,starter,Finance,11-50,direct,India,6,4,1,6.0,29,0
U0915,2023-11-01,starter,Finance,11-50,direct,India,11,1,0,4.0,29,0
U0915,2023-12-01,starter,Finance,11-50,direct,India,7,1,0,,29,0
U0916,2023-01-01,starter,Education,1-10,social,India,6,2,1,,29,0
U0916,2023-02-01,starter,Education,1-10,social,India,3,5,1,,29,0
U0916,2023-03-01,starter,Education,1-10,social,India,6,3,1,,29,0
U0918,2023-01-01,enterprise,Finance,1000+,organic,UK,54,10,0,,399,0
U0918,2023-02-01,enterprise,Finance,1000+,organic,UK,40,10,2,,399,0
U0918,2023-03-01,enterprise,Finance,1000+,organic,UK,25,10,0,,399,0
U0918,2023-04-01,enterprise,Finance,1000+,organic,UK,39,10,1,7.0,399,0
U0918,2023-05-01,enterprise,Finance,1000+,organic,UK,34,9,0,8.0,399,0
U0918,2023-06-01,enterprise,Finance,1000+,organic,UK,19,10,0,,399,0
U0918,2023-07-01,enterprise,Finance,1000+,organic,UK,45,10,2,,399,0
U0918,2023-08-01,enterprise,Finance,1000+,organic,UK,33,10,0,,399,0
U0918,2023-09-01,enterprise,Finance,1000+,organic,UK,41,10,0,,399,0
U0918,2023-10-01,enterprise,Finance,1000+,organic,UK,37,10,0,,399,0
U0918,2023-11-01,enterprise,Finance,1000+,organic,UK,31,10,0,,399,0
U0918,2023-12-01,enterprise,Finance,1000+,organic,UK,40,10,0,,399,0
U0919,2023-01-01,pro,Ecommerce,51-200,paid_search,USA,14,3,1,,99,0
U0919,2023-02-01,pro,Ecommerce,51-200,paid_search,USA,21,6,1,,99,0
U0919,2023-03-01,pro,Ecommerce,51-200,paid_search,USA,11,4,0,,99,0
U0919,2023-04-01,pro,Ecommerce,51-200,paid_search,USA,14,6,0,,99,0
U0919,2023-05-01,pro,Ecommerce,51-200,paid_search,USA,17,5,1,,99,0
U0919,2023-06-01,pro,Ecommerce,51-200,paid_search,USA,28,4,0,8.0,99,0
U0919,2023-07-01,pro,Ecommerce,51-200,paid_search,USA,15,4,1,,99,0
U0919,2023-08-01,pro,Ecommerce,51-200,paid_search,USA,17,9,2,,99,0
U0919,2023-09-01,pro,Ecommerce,51-200,paid_search,USA,13,6,2,,99,0
U0919,2023-10-01,pro,Ecommerce,51-200,paid_search,USA,22,5,0,,99,0
U0919,2023-11-01,pro,Ecommerce,51-200,paid_search,USA,21,5,0,,99,0
U0919,2023-12-01,pro,Ecommerce,51-200,paid_search,USA,17,3,0,,99,0
U0920,2023-01-01,free,Finance,11-50,referral,Other,3,2,0,,0,0
U0921,2023-01-01,pro,Education,51-200,paid_search,Germany,19,3,0,,99,0
U0921,2023-02-01,pro,Education,51-200,paid_search,Germany,12,8,2,7.0,99,0
U0921,2023-03-01,pro,Education,51-200,paid_search,Germany,12,5,2,,99,0
U0921,2023-04-01,pro,Education,51-200,paid_search,Germany,28,7,1,6.0,99,0
U0921,2023-05-01,pro,Education,51-200,paid_search,Germany,10,5,0,4.0,99,0
U0921,2023-06-01,pro,Education,51-200,paid_search,Germany,13,4,1,,99,0
U0921,2023-07-01,pro,Education,51-200,paid_search,Germany,11,7,0,8.0,99,0
U0921,2023-08-01,pro,Education,51-200,paid_search,Germany,15,4,1,,99,0
U0921,2023-09-01,pro,Education,51-200,paid_search,Germany,18,3,1,10.0,99,0
U0921,2023-10-01,pro,Education,51-200,paid_search,Germany,19,7,1,,99,0
U0921,2023-11-01,pro,Education,51-200,paid_search,Germany,26,5,2,,99,0
U0921,2023-12-01,pro,Education,51-200,paid_search,Germany,26,6,0,7.0,99,0
U0922,2023-01-01,starter,Finance,1-10,paid_search,Other,8,1,0,,29,0
U0922,2023-02-01,starter,Finance,1-10,paid_search,Other,6,2,1,,29,0
U0922,2023-03-01,starter,Finance,1-10,paid_search,Other,8,3,0,,29,0
U0922,2023-04-01,starter,Finance,1-10,paid_search,Other,7,2,0,,29,0
U0923,2023-01-01,pro,Healthcare,201-1000,social,USA,21,3,0,,99,0
U0923,2023-02-01,pro,Healthcare,201-1000,social,USA,14,5,1,,99,0
U0923,2023-03-01,pro,Healthcare,201-1000,social,USA,21,4,0,,99,0
U0923,2023-04-01,pro,Healthcare,201-1000,social,USA,18,7,3,,99,0
U0923,2023-05-01,pro,Healthcare,201-1000,social,USA,7,6,0,,99,0
U0923,2023-06-01,pro,Healthcare,201-1000,social,USA,7,6,1,,99,0
U0923,2023-07-01,pro,Healthcare,201-1000,social,USA,28,6,1,,99,0
U0923,2023-08-01,pro,Healthcare,201-1000,social,USA,9,6,1,,99,0
U0924,2023-01-01,pro,Education,11-50,paid_search,India,15,4,0,9.0,99,0
U0924,2023-02-01,pro,Education,11-50,paid_search,India,3,7,0,,99,0
U0924,2023-03-01,pro,Education,11-50,paid_search,India,17,5,1,,99,0
U0924,2023-04-01,pro,Education,11-50,paid_search,India,14,3,2,,99,0
U0924,2023-05-01,pro,Education,11-50,paid_search,India,21,7,0,,99,0
U0924,2023-06-01,pro,Education,11-50,paid_search,India,10,8,0,,99,0
U0924,2023-07-01,pro,Education,11-50,paid_search,India,28,7,0,,99,0
U0924,2023-08-01,pro,Education,11-50,paid_search,India,19,6,1,5.0,99,0
U0924,2023-09-01,pro,Education,11-50,paid_search,India,11,7,0,,99,0
U0924,2023-10-01,pro,Education,11-50,paid_search,India,15,4,1,,99,0
U0924,2023-11-01,pro,Education,11-50,paid_search,India,18,5,1,,99,0
U0924,2023-12-01,pro,Education,11-50,paid_search,India,17,9,1,,99,0
U0925,2023-01-01,starter,Retail,11-50,social,India,10,1,1,,29,0
U0925,2023-02-01,starter,Retail,11-50,social,India,9,1,3,,29,0
U0925,2023-03-01,starter,Retail,11-50,social,India,9,5,0,,29,0
U0925,2023-04-01,starter,Retail,11-50,social,India,5,5,1,,29,0
U0925,2023-05-01,starter,Retail,11-50,social,India,7,5,1,6.0,29,0
U0925,2023-06-01,starter,Retail,11-50,social,India,7,3,1,,29,0
U0925,2023-07-01,starter,Retail,11-50,social,India,7,2,2,,29,0
U0925,2023-08-01,starter,Retail,11-50,social,India,4,3,0,,29,0
U0925,2023-09-01,starter,Retail,11-50,social,India,6,1,0,4.0,29,0
U0925,2023-10-01,starter,Retail,11-50,social,India,12,2,1,,29,0
U0925,2023-11-01,starter,Retail,11-50,social,India,4,2,0,,29,0
U0926,2023-01-01,free,Ecommerce,11-50,paid_search,Germany,3,1,2,,0,0
U0926,2023-02-01,free,Ecommerce,11-50,paid_search,Germany,3,1,0,,0,0
U0926,2023-03-01,free,Ecommerce,11-50,paid_search,Germany,3,3,2,5.0,0,0
U0926,2023-04-01,free,Ecommerce,11-50,paid_search,Germany,1,1,1,,0,0
U0926,2023-05-01,free,Ecommerce,11-50,paid_search,Germany,4,1,0,,0,0
U0926,2023-06-01,free,Ecommerce,11-50,paid_search,Germany,4,1,0,,0,0
U0926,2023-07-01,free,Ecommerce,11-50,paid_search,Germany,2,1,0,,0,0
U0926,2023-08-01,free,Ecommerce,11-50,paid_search,Germany,1,1,1,,0,0
U0926,2023-09-01,free,Ecommerce,11-50,paid_search,Germany,2,1,0,9.0,0,0
U0926,2023-10-01,free,Ecommerce,11-50,paid_search,Germany,3,2,0,,0,0
U0926,2023-11-01,free,Ecommerce,11-50,paid_search,Germany,2,1,2,,0,0
U0926,2023-12-01,free,Ecommerce,11-50,paid_search,Germany,2,1,1,,0,0
U0928,2023-01-01,starter,Retail,1-10,paid_search,USA,5,3,0,,29,0
U0928,2023-02-01,starter,Retail,1-10,paid_search,USA,12,2,0,,29,0
U0928,2023-03-01,starter,Retail,1-10,paid_search,USA,6,3,1,,29,0
U0928,2023-04-01,starter,Retail,1-10,paid_search,USA,7,3,1,,29,0
U0928,2023-05-01,starter,Retail,1-10,paid_search,USA,7,1,2,,29,0
U0928,2023-06-01,starter,Retail,1-10,paid_search,USA,7,1,0,,29,0
U0928,2023-07-01,starter,Retail,1-10,paid_search,USA,6,1,0,,29,0
U0928,2023-08-01,starter,Retail,1-10,paid_search,USA,9,3,0,6.0,29,0
U0930,2023-01-01,free,Education,1-10,organic,Germany,3,1,1,,0,0
U0930,2023-02-01,free,Education,1-10,organic,Germany,4,1,2,4.0,0,0
U0931,2023-01-01,free,Ecommerce,51-200,organic,India,2,1,0,,0,0
U0931,2023-02-01,free,Ecommerce,51-200,organic,India,3,1,0,,0,0
U0931,2023-03-01,free,Ecommerce,51-200,organic,India,2,1,2,,0,0
U0931,2023-04-01,free,Ecommerce,51-200,organic,India,4,2,1,,0,0
U0931,2023-05-01,free,Ecommerce,51-200,organic,India,3,1,0,7.0,0,0
U0932,2023-01-01,pro,Healthcare,201-1000,direct,Canada,14,5,1,,99,0
U0932,2023-02-01,pro,Healthcare,201-1000,direct,Canada,15,4,1,,99,0
U0932,2023-03-01,pro,Healthcare,201-1000,direct,Canada,19,8,2,,99,0
U0932,2023-04-01,pro,Healthcare,201-1000,direct,Canada,23,10,1,,99,0
U0932,2023-05-01,pro,Healthcare,201-1000,direct,Canada,20,5,1,,99,0
U0932,2023-06-01,pro,Healthcare,201-1000,direct,Canada,24,6,0,,99,0
U0932,2023-07-01,pro,Healthcare,201-1000,direct,Canada,22,5,3,,99,0
U0932,2023-08-01,pro,Healthcare,201-1000,direct,Canada,14,6,0,,99,0
U0932,2023-09-01,pro,Healthcare,201-1000,direct,Canada,24,8,1,,99,0
U0932,2023-10-01,pro,Healthcare,201-1000,direct,Canada,19,7,2,,99,0
U0932,2023-11-01,pro,Healthcare,201-1000,direct,Canada,20,5,1,,99,0
U0932,2023-12-01,pro,Healthcare,201-1000,direct,Canada,18,3,0,,99,0
U0933,2023-01-01,enterprise,Retail,201-1000,organic,USA,34,10,0,,399,0
U0933,2023-02-01,enterprise,Retail,201-1000,organic,USA,46,10,1,,399,0
U0933,2023-03-01,enterprise,Retail,201-1000,organic,USA,16,9,1,,399,0
U0933,2023-04-01,enterprise,Retail,201-1000,organic,USA,34,10,0,,399,0
U0933,2023-05-01,enterprise,Retail,201-1000,organic,USA,44,10,1,,399,0
U0933,2023-06-01,enterprise,Retail,201-1000,organic,USA,27,10,0,,399,0
U0933,2023-07-01,enterprise,Retail,201-1000,organic,USA,32,10,0,,399,0
U0933,2023-08-01,enterprise,Retail,201-1000,organic,USA,14,10,0,,399,0
U0933,2023-09-01,enterprise,Retail,201-1000,organic,USA,31,10,0,,399,0
U0933,2023-10-01,enterprise,Retail,201-1000,organic,USA,41,10,0,5.0,399,0
U0933,2023-11-01,enterprise,Retail,201-1000,organic,USA,39,10,0,,399,0
U0933,2023-12-01,enterprise,Retail,201-1000,organic,USA,25,9,0,,399,0
U0934,2023-01-01,starter,Retail,11-50,paid_search,UK,5,3,2,2.0,29,0
U0934,2023-02-01,starter,Retail,11-50,paid_search,UK,10,3,2,,29,0
U0934,2023-03-01,starter,Retail,11-50,paid_search,UK,10,2,0,,29,0
U0934,2023-04-01,starter,Retail,11-50,paid_search,UK,3,2,2,,29,0
U0934,2023-05-01,starter,Retail,11-50,paid_search,UK,8,1,0,,29,0
U0934,2023-06-01,starter,Retail,11-50,paid_search,UK,9,1,0,,29,0
U0934,2023-07-01,starter,Retail,11-50,paid_search,UK,8,3,1,,29,0
U0934,2023-08-01,starter,Retail,11-50,paid_search,UK,10,1,1,5.0,29,0
U0934,2023-09-01,starter,Retail,11-50,paid_search,UK,6,1,1,,29,0
U0934,2023-10-01,starter,Retail,11-50,paid_search,UK,5,1,1,,29,0
U0934,2023-11-01,starter,Retail,11-50,paid_search,UK,7,2,0,,29,0
U0934,2023-12-01,starter,Retail,11-50,paid_search,UK,4,5,1,,29,0
U0935,2023-01-01,free,Ecommerce,11-50,paid_search,USA,2,1,0,,0,0
U0935,2023-02-01,free,Ecommerce,11-50,paid_search,USA,3,1,1,7.0,0,0
U0935,2023-03-01,free,Ecommerce,11-50,paid_search,USA,3,4,1,,0,0
U0935,2023-04-01,free,Ecommerce,11-50,paid_search,USA,1,2,0,,0,0
U0935,2023-05-01,free,Ecommerce,11-50,paid_search,USA,1,2,1,,0,0
U0935,2023-06-01,free,Ecommerce,11-50,paid_search,USA,2,1,0,,0,0
U0936,2023-01-01,free,Finance,1-10,paid_search,UK,2,1,1,,0,0
U0936,2023-02-01,free,Finance,1-10,paid_search,UK,1,1,0,,0,0
U0936,2023-03-01,free,Finance,1-10,paid_search,UK,2,1,1,,0,0
U0936,2023-04-01,free,Finance,1-10,paid_search,UK,1,1,1,,0,0
U0936,2023-05-01,free,Finance,1-10,paid_search,UK,3,1,2,5.0,0,0
U0936,2023-06-01,free,Finance,1-10,paid_search,UK,2,1,2,,0,0
U0936,2023-07-01,free,Finance,1-10,paid_search,UK,1,1,0,,0,0
U0936,2023-08-01,free,Finance,1-10,paid_search,UK,4,1,0,,0,0
U0936,2023-09-01,free,Finance,1-10,paid_search,UK,2,3,0,,0,0
U0936,2023-10-01,free,Finance,1-10,paid_search,UK,2,1,1,,0,0
U0936,2023-11-01,free,Finance,1-10,paid_search,UK,3,1,1,,0,0
U0937,2023-01-01,free,Ecommerce,51-200,referral,Germany,2,1,0,,0,0
U0937,2023-02-01,free,Ecommerce,51-200,referral,Germany,3,3,1,,0,0
U0937,2023-03-01,free,Ecommerce,51-200,referral,Germany,3,2,4,,0,0
U0937,2023-04-01,free,Ecommerce,51-200,referral,Germany,2,1,1,,0,0
U0937,2023-05-01,free,Ecommerce,51-200,referral,Germany,2,1,1,,0,0
U0937,2023-06-01,free,Ecommerce,51-200,referral,Germany,3,1,0,,0,0
U0937,2023-07-01,free,Ecommerce,51-200,referral,Germany,3,1,0,,0,0
U0937,2023-08-01,free,Ecommerce,51-200,referral,Germany,3,1,0,,0,0
U0937,2023-09-01,free,Ecommerce,51-200,referral,Germany,3,1,2,6.0,0,0
U0938,2023-01-01,enterprise,Retail,1-10,organic,India,52,10,0,,399,0
U0938,2023-02-01,enterprise,Retail,1-10,organic,India,30,7,0,,399,0
U0938,2023-03-01,enterprise,Retail,1-10,organic,India,28,10,0,5.0,399,0
U0938,2023-04-01,enterprise,Retail,1-10,organic,India,36,8,0,7.0,399,0
U0938,2023-05-01,enterprise,Retail,1-10,organic,India,33,9,0,,399,0
U0938,2023-06-01,enterprise,Retail,1-10,organic,India,42,10,0,,399,0
U0938,2023-07-01,enterprise,Retail,1-10,organic,India,36,9,0,,399,0
U0938,2023-08-01,enterprise,Retail,1-10,organic,India,30,10,0,,399,0
U0938,2023-09-01,enterprise,Retail,1-10,organic,India,22,10,1,10.0,399,0
U0938,2023-10-01,enterprise,Retail,1-10,organic,India,31,10,0,,399,0
U0938,2023-11-01,enterprise,Retail,1-10,organic,India,32,10,0,,399,0
U0938,2023-12-01,enterprise,Retail,1-10,organic,India,34,10,0,,399,0
U0940,2023-01-01,starter,Healthcare,1-10,paid_search,UK,7,2,0,4.0,29,0
U0940,2023-02-01,starter,Healthcare,1-10,paid_search,UK,10,3,0,,29,0
U0940,2023-03-01,starter,Healthcare,1-10,paid_search,UK,8,1,0,,29,0
U0940,2023-04-01,starter,Healthcare,1-10,paid_search,UK,9,3,0,,29,0
U0940,2023-05-01,starter,Healthcare,1-10,paid_search,UK,6,2,0,,29,0
U0940,2023-06-01,starter,Healthcare,1-10,paid_search,UK,7,2,1,,29,0
U0940,2023-07-01,starter,Healthcare,1-10,paid_search,UK,7,4,0,,29,0
U0940,2023-08-01,starter,Healthcare,1-10,paid_search,UK,7,5,1,,29,0
U0940,2023-09-01,starter,Healthcare,1-10,paid_search,UK,9,1,2,,29,0
U0940,2023-10-01,starter,Healthcare,1-10,paid_search,UK,9,2,1,,29,0
U0940,2023-11-01,starter,Healthcare,1-10,paid_search,UK,6,2,3,,29,0
U0940,2023-12-01,starter,Healthcare,1-10,paid_search,UK,7,3,1,,29,0
U0941,2023-01-01,free,Ecommerce,1-10,referral,USA,2,1,3,,0,0
U0941,2023-02-01,free,Ecommerce,1-10,referral,USA,2,1,2,,0,0
U0941,2023-03-01,free,Ecommerce,1-10,referral,USA,3,1,0,,0,0
U0941,2023-04-01,free,Ecommerce,1-10,referral,USA,1,1,1,,0,0
U0941,2023-05-01,free,Ecommerce,1-10,referral,USA,2,1,0,,0,0
U0941,2023-06-01,free,Ecommerce,1-10,referral,USA,3,1,0,5.0,0,0
U0941,2023-07-01,free,Ecommerce,1-10,referral,USA,2,1,0,,0,0
U0941,2023-08-01,free,Ecommerce,1-10,referral,USA,3,1,0,,0,0
U0941,2023-09-01,free,Ecommerce,1-10,referral,USA,2,1,1,,0,0
U0941,2023-10-01,free,Ecommerce,1-10,referral,USA,1,1,3,,0,0
U0941,2023-11-01,free,Ecommerce,1-10,referral,USA,2,1,0,,0,0
U0942,2023-01-01,starter,Retail,51-200,organic,USA,7,2,2,,29,0
U0942,2023-02-01,starter,Retail,51-200,organic,USA,9,6,0,,29,0
U0942,2023-03-01,starter,Retail,51-200,organic,USA,5,3,1,,29,0
U0942,2023-04-01,starter,Retail,51-200,organic,USA,9,1,0,5.0,29,0
U0942,2023-05-01,starter,Retail,51-200,organic,USA,8,4,0,6.0,29,0
U0942,2023-06-01,starter,Retail,51-200,organic,USA,9,2,1,,29,0
U0942,2023-07-01,starter,Retail,51-200,organic,USA,5,1,0,,29,0
U0942,2023-08-01,starter,Retail,51-200,organic,USA,10,4,0,,29,0
U0942,2023-09-01,starter,Retail,51-200,organic,USA,9,4,1,,29,0
U0942,2023-10-01,starter,Retail,51-200,organic,USA,3,2,0,,29,0
U0942,2023-11-01,starter,Retail,51-200,organic,USA,12,1,0,,29,0
U0942,2023-12-01,starter,Retail,51-200,organic,USA,11,5,2,,29,0
U0943,2023-01-01,starter,Finance,1-10,paid_search,India,8,2,1,,29,0
U0943,2023-02-01,starter,Finance,1-10,paid_search,India,7,2,0,7.0,29,0
U0943,2023-03-01,starter,Finance,1-10,paid_search,India,9,1,0,,29,0
U0943,2023-04-01,starter,Finance,1-10,paid_search,India,8,5,0,7.0,29,0
U0943,2023-05-01,starter,Finance,1-10,paid_search,India,8,2,0,,29,0
U0943,2023-06-01,starter,Finance,1-10,paid_search,India,6,4,0,,29,0
U0943,2023-07-01,starter,Finance,1-10,paid_search,India,9,3,2,,29,0
U0943,2023-08-01,starter,Finance,1-10,paid_search,India,14,3,2,,29,0
U0944,2023-01-01,pro,Retail,51-200,organic,France,16,4,3,,99,0
U0944,2023-02-01,pro,Retail,51-200,organic,France,15,5,0,,99,0
U0944,2023-03-01,pro,Retail,51-200,organic,France,13,5,0,7.0,99,0
U0944,2023-04-01,pro,Retail,51-200,organic,France,18,5,0,,99,0
U0944,2023-05-01,pro,Retail,51-200,organic,France,24,8,1,,99,0
U0944,2023-06-01,pro,Retail,51-200,organic,France,21,3,1,,99,0
U0944,2023-07-01,pro,Retail,51-200,organic,France,22,6,1,,99,0
U0944,2023-08-01,pro,Retail,51-200,organic,France,21,6,1,,99,0
U0944,2023-09-01,pro,Retail,51-200,organic,France,21,5,0,,99,0
U0944,2023-10-01,pro,Retail,51-200,organic,France,19,7,4,,99,0
U0944,2023-11-01,pro,Retail,51-200,organic,France,15,7,1,,99,0
U0944,2023-12-01,pro,Retail,51-200,organic,France,20,6,2,6.0,99,0
U0945,2023-01-01,free,Finance,11-50,organic,USA,3,1,3,7.0,0,0
U0945,2023-02-01,free,Finance,11-50,organic,USA,2,1,0,,0,0
U0945,2023-03-01,free,Finance,11-50,organic,USA,2,1,0,,0,0
U0945,2023-04-01,free,Finance,11-50,organic,USA,3,2,1,,0,0
U0945,2023-05-01,free,Finance,11-50,organic,USA,3,1,1,,0,0
U0945,2023-06-01,free,Finance,11-50,organic,USA,3,1,3,,0,0
U0946,2023-01-01,free,Ecommerce,1-10,organic,India,3,2,1,,0,0
U0946,2023-02-01,free,Ecommerce,1-10,organic,India,2,1,1,,0,0
U0947,2023-01-01,free,Finance,11-50,organic,France,3,1,1,,0,0
U0948,2023-01-01,enterprise,Education,1-10,social,Australia,36,10,1,,399,0
U0948,2023-02-01,enterprise,Education,1-10,social,Australia,43,10,0,,399,0
U0948,2023-03-01,enterprise,Education,1-10,social,Australia,33,10,0,,399,0
U0948,2023-04-01,enterprise,Education,1-10,social,Australia,20,10,0,,399,0
U0948,2023-05-01,enterprise,Education,1-10,social,Australia,56,9,1,,399,0
U0948,2023-06-01,enterprise,Education,1-10,social,Australia,35,10,1,,399,0
U0948,2023-07-01,enterprise,Education,1-10,social,Australia,42,10,1,,399,0
U0948,2023-08-01,enterprise,Education,1-10,social,Australia,36,10,0,,399,0
U0948,2023-09-01,enterprise,Education,1-10,social,Australia,36,10,0,,399,0
U0948,2023-10-01,enterprise,Education,1-10,social,Australia,50,9,0,6.0,399,0
U0948,2023-11-01,enterprise,Education,1-10,social,Australia,55,10,1,8.0,399,0
U0948,2023-12-01,enterprise,Education,1-10,social,Australia,32,10,0,7.0,399,0
U0949,2023-01-01,pro,Education,1-10,organic,USA,25,8,1,,99,0
U0949,2023-02-01,pro,Education,1-10,organic,USA,26,6,2,,99,0
U0950,2023-01-01,starter,Education,51-200,direct,Other,11,3,1,,29,0
U0950,2023-02-01,starter,Education,51-200,direct,Other,9,3,2,,29,0
U0950,2023-03-01,starter,Education,51-200,direct,Other,7,4,5,,29,0
U0950,2023-04-01,starter,Education,51-200,direct,Other,8,5,2,,29,0
U0950,2023-05-01,starter,Education,51-200,direct,Other,10,2,0,,29,0
U0950,2023-06-01,starter,Education,51-200,direct,Other,6,3,0,,29,0
U0950,2023-07-01,starter,Education,51-200,direct,Other,10,1,0,,29,0
U0950,2023-08-01,starter,Education,51-200,direct,Other,8,5,1,,29,0
U0950,2023-09-01,starter,Education,51-200,direct,Other,10,3,0,,29,0
U0950,2023-10-01,starter,Education,51-200,direct,Other,8,1,1,,29,0
U0950,2023-11-01,starter,Education,51-200,direct,Other,8,4,0,,29,0
U0950,2023-12-01,starter,Education,51-200,direct,Other,6,2,0,6.0,29,0
U0952,2023-01-01,starter,Ecommerce,201-1000,paid_search,USA,2,1,0,,29,0
U0952,2023-02-01,starter,Ecommerce,201-1000,paid_search,USA,6,4,2,,29,0
U0952,2023-03-01,starter,Ecommerce,201-1000,paid_search,USA,9,1,1,,29,0
U0952,2023-04-01,starter,Ecommerce,201-1000,paid_search,USA,7,1,2,,29,0
U0952,2023-05-01,starter,Ecommerce,201-1000,paid_search,USA,3,5,2,9.0,29,0
U0952,2023-06-01,starter,Ecommerce,201-1000,paid_search,USA,7,2,0,,29,0
U0952,2023-07-01,starter,Ecommerce,201-1000,paid_search,USA,9,2,1,,29,0
U0953,2023-01-01,free,Retail,1-10,organic,USA,3,3,0,,0,0
U0953,2023-02-01,free,Retail,1-10,organic,USA,3,2,2,,0,0
U0953,2023-03-01,free,Retail,1-10,organic,USA,2,1,2,,0,0
U0954,2023-01-01,enterprise,Retail,1-10,paid_search,UK,17,10,0,,399,0
U0954,2023-02-01,enterprise,Retail,1-10,paid_search,UK,30,10,0,,399,0
U0954,2023-03-01,enterprise,Retail,1-10,paid_search,UK,19,10,0,,399,0
U0956,2023-01-01,free,Finance,11-50,paid_search,USA,4,1,1,,0,0
U0956,2023-02-01,free,Finance,11-50,paid_search,USA,3,1,1,,0,0
U0956,2023-03-01,free,Finance,11-50,paid_search,USA,3,1,3,,0,0
U0957,2023-01-01,starter,SaaS,1-10,organic,USA,7,2,0,,29,0
U0957,2023-02-01,starter,SaaS,1-10,organic,USA,11,1,1,,29,0
U0957,2023-03-01,starter,SaaS,1-10,organic,USA,6,1,1,,29,0
U0957,2023-04-01,starter,SaaS,1-10,organic,USA,12,1,2,,29,0
U0957,2023-05-01,starter,SaaS,1-10,organic,USA,7,1,1,,29,0
U0957,2023-06-01,starter,SaaS,1-10,organic,USA,4,3,1,,29,0
U0957,2023-07-01,starter,SaaS,1-10,organic,USA,5,2,0,,29,0
U0957,2023-08-01,starter,SaaS,1-10,organic,USA,4,1,1,,29,0
U0957,2023-09-01,starter,SaaS,1-10,organic,USA,8,2,1,,29,0
U0958,2023-01-01,free,Finance,11-50,paid_search,Australia,2,1,1,,0,0
U0959,2023-01-01,free,Finance,1-10,social,France,3,1,1,,0,0
U0959,2023-02-01,free,Finance,1-10,social,France,2,1,0,,0,0
U0960,2023-01-01,pro,Healthcare,201-1000,referral,USA,20,6,1,,99,0
U0960,2023-02-01,pro,Healthcare,201-1000,referral,USA,17,3,1,,99,0
U0960,2023-03-01,pro,Healthcare,201-1000,referral,USA,7,5,0,,99,0
U0960,2023-04-01,pro,Healthcare,201-1000,referral,USA,33,7,1,,99,0
U0960,2023-05-01,pro,Healthcare,201-1000,referral,USA,16,8,1,,99,0
U0960,2023-06-01,pro,Healthcare,201-1000,referral,USA,22,5,2,,99,0
U0960,2023-07-01,pro,Healthcare,201-1000,referral,USA,18,5,0,,99,0
U0960,2023-08-01,pro,Healthcare,201-1000,referral,USA,20,6,1,5.0,99,0
U0960,2023-09-01,pro,Healthcare,201-1000,referral,USA,22,4,1,,99,0
U0960,2023-10-01,pro,Healthcare,201-1000,referral,USA,24,6,1,,99,0
U0960,2023-11-01,pro,Healthcare,201-1000,referral,USA,18,5,1,,99,0
U0960,2023-12-01,pro,Healthcare,201-1000,referral,USA,9,5,0,,99,0
U0961,2023-01-01,free,Retail,11-50,organic,Australia,1,2,2,,0,0
U0961,2023-02-01,free,Retail,11-50,organic,Australia,2,1,3,,0,0
U0961,2023-03-01,free,Retail,11-50,organic,Australia,5,1,0,9.0,0,0
U0961,2023-04-01,free,Retail,11-50,organic,Australia,2,2,1,,0,0
U0961,2023-05-01,free,Retail,11-50,organic,Australia,2,4,1,5.0,0,0
U0961,2023-06-01,free,Retail,11-50,organic,Australia,1,1,0,9.0,0,0
U0961,2023-07-01,free,Retail,11-50,organic,Australia,4,1,0,,0,0
U0961,2023-08-01,free,Retail,11-50,organic,Australia,3,1,2,,0,0
U0961,2023-09-01,free,Retail,11-50,organic,Australia,2,1,0,,0,0
U0961,2023-10-01,free,Retail,11-50,organic,Australia,1,1,0,,0,0
U0961,2023-11-01,free,Retail,11-50,organic,Australia,3,1,0,,0,0
U0961,2023-12-01,free,Retail,11-50,organic,Australia,3,1,1,7.0,0,0
U0962,2023-01-01,starter,Education,51-200,referral,Australia,10,5,1,,29,0
U0962,2023-02-01,starter,Education,51-200,referral,Australia,9,1,2,,29,0
U0962,2023-03-01,starter,Education,51-200,referral,Australia,11,1,2,,29,0
U0962,2023-04-01,starter,Education,51-200,referral,Australia,9,3,0,,29,0
U0962,2023-05-01,starter,Education,51-200,referral,Australia,8,2,1,,29,0
U0962,2023-06-01,starter,Education,51-200,referral,Australia,10,2,1,,29,0
U0962,2023-07-01,starter,Education,51-200,referral,Australia,7,3,0,,29,0
U0962,2023-08-01,starter,Education,51-200,referral,Australia,8,2,0,,29,0
U0962,2023-09-01,starter,Education,51-200,referral,Australia,6,2,1,,29,0
U0962,2023-10-01,starter,Education,51-200,referral,Australia,4,1,1,,29,0
U0962,2023-11-01,starter,Education,51-200,referral,Australia,5,1,1,,29,0
U0962,2023-12-01,starter,Education,51-200,referral,Australia,10,1,2,5.0,29,0
U0964,2023-01-01,free,Healthcare,11-50,organic,USA,2,1,0,,0,0
U0964,2023-02-01,free,Healthcare,11-50,organic,USA,3,1,0,,0,0
U0964,2023-03-01,free,Healthcare,11-50,organic,USA,2,1,0,,0,0
U0965,2023-01-01,free,Retail,201-1000,social,Germany,4,1,0,,0,0
U0965,2023-02-01,free,Retail,201-1000,social,Germany,3,1,2,,0,0
U0965,2023-03-01,free,Retail,201-1000,social,Germany,4,1,0,,0,0
U0965,2023-04-01,free,Retail,201-1000,social,Germany,2,4,0,,0,0
U0965,2023-05-01,free,Retail,201-1000,social,Germany,2,1,4,,0,0
U0965,2023-06-01,free,Retail,201-1000,social,Germany,4,1,2,,0,0
U0965,2023-07-01,free,Retail,201-1000,social,Germany,2,2,1,4.0,0,0
U0965,2023-08-01,free,Retail,201-1000,social,Germany,2,1,1,3.0,0,0
U0965,2023-09-01,free,Retail,201-1000,social,Germany,2,1,3,,0,0
U0965,2023-10-01,free,Retail,201-1000,social,Germany,2,1,0,,0,0
U0965,2023-11-01,free,Retail,201-1000,social,Germany,1,1,1,,0,0
U0967,2023-01-01,pro,Finance,1000+,organic,Germany,12,6,0,6.0,99,0
U0967,2023-02-01,pro,Finance,1000+,organic,Germany,21,4,0,8.0,99,0
U0967,2023-03-01,pro,Finance,1000+,organic,Germany,18,7,0,,99,0
U0967,2023-04-01,pro,Finance,1000+,organic,Germany,25,8,0,,99,0
U0967,2023-05-01,pro,Finance,1000+,organic,Germany,14,4,1,,99,0
U0967,2023-06-01,pro,Finance,1000+,organic,Germany,25,7,0,,99,0
U0967,2023-07-01,pro,Finance,1000+,organic,Germany,16,5,0,6.0,99,0
U0967,2023-08-01,pro,Finance,1000+,organic,Germany,19,2,1,8.0,99,0
U0967,2023-09-01,pro,Finance,1000+,organic,Germany,24,4,0,,99,0
U0967,2023-10-01,pro,Finance,1000+,organic,Germany,24,6,3,6.0,99,0
U0967,2023-11-01,pro,Finance,1000+,organic,Germany,20,7,0,,99,0
U0967,2023-12-01,pro,Finance,1000+,organic,Germany,24,8,0,,99,0
U0968,2023-01-01,free,Finance,1-10,organic,USA,3,2,1,,0,0
U0968,2023-02-01,free,Finance,1-10,organic,USA,3,1,3,,0,0
U0968,2023-03-01,free,Finance,1-10,organic,USA,2,1,1,,0,0
U0968,2023-04-01,free,Finance,1-10,organic,USA,4,1,1,,0,0
U0968,2023-05-01,free,Finance,1-10,organic,USA,3,2,0,,0,0
U0970,2023-01-01,starter,SaaS,11-50,referral,Germany,8,1,2,,29,0
U0970,2023-02-01,starter,SaaS,11-50,referral,Germany,8,3,2,,29,0
U0970,2023-03-01,starter,SaaS,11-50,referral,Germany,6,2,0,,29,0
U0970,2023-04-01,starter,SaaS,11-50,referral,Germany,10,4,1,,29,0
U0970,2023-05-01,starter,SaaS,11-50,referral,Germany,4,3,0,,29,0
U0970,2023-06-01,starter,SaaS,11-50,referral,Germany,11,3,0,,29,0
U0970,2023-07-01,starter,SaaS,11-50,referral,Germany,10,4,1,,29,0
U0970,2023-08-01,starter,SaaS,11-50,referral,Germany,10,2,1,,29,0
U0970,2023-09-01,starter,SaaS,11-50,referral,Germany,8,1,0,7.0,29,0
U0970,2023-10-01,starter,SaaS,11-50,referral,Germany,12,1,1,,29,0
U0970,2023-11-01,starter,SaaS,11-50,referral,Germany,9,2,1,,29,0
U0970,2023-12-01,starter,SaaS,11-50,referral,Germany,7,1,3,,29,0
U0971,2023-01-01,starter,Retail,11-50,referral,UK,8,1,2,,29,0
U0971,2023-02-01,starter,Retail,11-50,referral,UK,10,4,0,6.0,29,0
U0971,2023-03-01,starter,Retail,11-50,referral,UK,8,3,0,,29,0
U0972,2023-01-01,enterprise,Education,51-200,referral,USA,35,8,0,,399,0
U0973,2023-01-01,pro,Finance,51-200,organic,USA,25,3,1,,99,0
U0973,2023-02-01,pro,Finance,51-200,organic,USA,19,6,2,,99,0
U0973,2023-03-01,pro,Finance,51-200,organic,USA,23,7,2,,99,0
U0973,2023-04-01,pro,Finance,51-200,organic,USA,15,7,0,5.0,99,0
U0973,2023-05-01,pro,Finance,51-200,organic,USA,24,5,1,,99,0
U0973,2023-06-01,pro,Finance,51-200,organic,USA,13,6,2,,99,0
U0973,2023-07-01,pro,Finance,51-200,organic,USA,10,6,2,5.0,99,0
U0973,2023-08-01,pro,Finance,51-200,organic,USA,23,7,0,,99,0
U0973,2023-09-01,pro,Finance,51-200,organic,USA,13,6,1,,99,0
U0973,2023-10-01,pro,Finance,51-200,organic,USA,14,4,0,,99,0
U0973,2023-11-01,pro,Finance,51-200,organic,USA,25,4,2,,99,0
U0973,2023-12-01,pro,Finance,51-200,organic,USA,17,4,1,,99,0
U0974,2023-01-01,free,Retail,1-10,paid_search,Australia,4,1,2,5.0,0,0
U0974,2023-02-01,free,Retail,1-10,paid_search,Australia,2,2,2,,0,0
U0974,2023-03-01,free,Retail,1-10,paid_search,Australia,3,1,0,,0,0
U0974,2023-04-01,free,Retail,1-10,paid_search,Australia,3,2,0,,0,0
U0974,2023-05-01,free,Retail,1-10,paid_search,Australia,2,1,0,5.0,0,0
U0974,2023-06-01,free,Retail,1-10,paid_search,Australia,2,1,1,,0,0
U0974,2023-07-01,free,Retail,1-10,paid_search,Australia,3,1,3,,0,0
U0974,2023-08-01,free,Retail,1-10,paid_search,Australia,2,1,0,,0,0
U0974,2023-09-01,free,Retail,1-10,paid_search,Australia,2,1,2,,0,0
U0974,2023-10-01,free,Retail,1-10,paid_search,Australia,3,2,2,5.0,0,0
U0974,2023-11-01,free,Retail,1-10,paid_search,Australia,4,1,2,,0,0
U0974,2023-12-01,free,Retail,1-10,paid_search,Australia,4,1,0,,0,0
U0975,2023-01-01,free,Retail,1-10,paid_search,Australia,2,1,1,,0,0
U0975,2023-02-01,free,Retail,1-10,paid_search,Australia,4,1,0,9.0,0,0
U0975,2023-03-01,free,Retail,1-10,paid_search,Australia,3,1,0,4.0,0,0
U0975,2023-04-01,free,Retail,1-10,paid_search,Australia,1,1,0,4.0,0,0
U0975,2023-05-01,free,Retail,1-10,paid_search,Australia,3,1,1,,0,0
U0975,2023-06-01,free,Retail,1-10,paid_search,Australia,3,2,2,,0,0
U0975,2023-07-01,free,Retail,1-10,paid_search,Australia,2,1,2,,0,0
U0975,2023-08-01,free,Retail,1-10,paid_search,Australia,4,1,1,,0,0
U0975,2023-09-01,free,Retail,1-10,paid_search,Australia,3,1,3,5.0,0,0
U0975,2023-10-01,free,Retail,1-10,paid_search,Australia,3,1,1,,0,0
U0975,2023-11-01,free,Retail,1-10,paid_search,Australia,2,1,0,,0,0
U0975,2023-12-01,free,Retail,1-10,paid_search,Australia,3,3,0,7.0,0,0
U0977,2023-01-01,starter,SaaS,51-200,paid_search,Other,6,3,2,3.0,29,0
U0977,2023-02-01,starter,SaaS,51-200,paid_search,Other,10,1,1,,29,0
U0977,2023-03-01,starter,SaaS,51-200,paid_search,Other,7,3,0,3.0,29,0
U0977,2023-04-01,starter,SaaS,51-200,paid_search,Other,3,3,1,,29,0
U0977,2023-05-01,starter,SaaS,51-200,paid_search,Other,4,3,1,,29,0
U0977,2023-06-01,starter,SaaS,51-200,paid_search,Other,8,1,2,,29,0
U0977,2023-07-01,starter,SaaS,51-200,paid_search,Other,5,3,1,,29,0
U0977,2023-08-01,starter,SaaS,51-200,paid_search,Other,11,3,0,,29,0
U0977,2023-09-01,starter,SaaS,51-200,paid_search,Other,6,2,0,,29,0
U0977,2023-10-01,starter,SaaS,51-200,paid_search,Other,7,2,1,,29,0
U0977,2023-11-01,starter,SaaS,51-200,paid_search,Other,7,2,0,,29,0
U0977,2023-12-01,starter,SaaS,51-200,paid_search,Other,11,2,2,5.0,29,0
U0978,2023-01-01,free,Education,1000+,direct,USA,1,1,1,,0,0
U0978,2023-02-01,free,Education,1000+,direct,USA,2,3,1,,0,0
U0978,2023-03-01,free,Education,1000+,direct,USA,3,1,0,,0,0
U0978,2023-04-01,free,Education,1000+,direct,USA,2,1,0,,0,0
U0978,2023-05-01,free,Education,1000+,direct,USA,1,1,2,,0,0
U0978,2023-06-01,free,Education,1000+,direct,USA,2,2,0,,0,0
U0978,2023-07-01,free,Education,1000+,direct,USA,3,1,2,,0,0
U0978,2023-08-01,free,Education,1000+,direct,USA,2,2,1,,0,0
U0978,2023-09-01,free,Education,1000+,direct,USA,2,1,1,,0,0
U0978,2023-10-01,free,Education,1000+,direct,USA,3,2,1,,0,0
U0978,2023-11-01,free,Education,1000+,direct,USA,3,1,2,,0,0
U0978,2023-12-01,free,Education,1000+,direct,USA,1,3,3,5.0,0,0
U0979,2023-01-01,starter,Finance,51-200,organic,Germany,7,5,0,,29,0
U0979,2023-02-01,starter,Finance,51-200,organic,Germany,9,4,0,,29,0
U0979,2023-03-01,starter,Finance,51-200,organic,Germany,4,3,0,,29,0
U0979,2023-04-01,starter,Finance,51-200,organic,Germany,5,5,0,6.0,29,0
U0980,2023-01-01,starter,Retail,1000+,organic,India,10,1,2,,29,0
U0980,2023-02-01,starter,Retail,1000+,organic,India,4,1,2,5.0,29,0
U0980,2023-03-01,starter,Retail,1000+,organic,India,8,2,0,,29,0
U0980,2023-04-01,starter,Retail,1000+,organic,India,11,2,1,3.0,29,0
U0980,2023-05-01,starter,Retail,1000+,organic,India,7,2,0,,29,0
U0980,2023-06-01,starter,Retail,1000+,organic,India,11,1,0,,29,0
U0980,2023-07-01,starter,Retail,1000+,organic,India,9,2,1,,29,0
U0980,2023-08-01,starter,Retail,1000+,organic,India,8,3,1,5.0,29,0
U0980,2023-09-01,starter,Retail,1000+,organic,India,6,2,2,,29,0
U0980,2023-10-01,starter,Retail,1000+,organic,India,12,1,0,,29,0
U0980,2023-11-01,starter,Retail,1000+,organic,India,5,1,3,,29,0
U0980,2023-12-01,starter,Retail,1000+,organic,India,11,4,1,,29,0
U0981,2023-01-01,free,Finance,51-200,organic,Australia,3,1,0,,0,0
U0981,2023-02-01,free,Finance,51-200,organic,Australia,1,1,3,,0,0
U0981,2023-03-01,free,Finance,51-200,organic,Australia,3,2,2,,0,0
U0981,2023-04-01,free,Finance,51-200,organic,Australia,4,1,0,,0,0
U0982,2023-01-01,pro,Ecommerce,1-10,organic,Other,23,7,1,,99,0
U0982,2023-02-01,pro,Ecommerce,1-10,organic,Other,15,4,1,,99,0
U0982,2023-03-01,pro,Ecommerce,1-10,organic,Other,19,2,1,,99,0
U0982,2023-04-01,pro,Ecommerce,1-10,organic,Other,18,6,1,,99,0
U0982,2023-05-01,pro,Ecommerce,1-10,organic,Other,14,6,2,7.0,99,0
U0982,2023-06-01,pro,Ecommerce,1-10,organic,Other,18,4,1,,99,0
U0982,2023-07-01,pro,Ecommerce,1-10,organic,Other,21,6,0,,99,0
U0982,2023-08-01,pro,Ecommerce,1-10,organic,Other,18,4,0,,99,0
U0982,2023-09-01,pro,Ecommerce,1-10,organic,Other,21,5,1,4.0,99,0
U0982,2023-10-01,pro,Ecommerce,1-10,organic,Other,16,7,0,,99,0
U0982,2023-11-01,pro,Ecommerce,1-10,organic,Other,19,4,1,,99,0
U0982,2023-12-01,pro,Ecommerce,1-10,organic,Other,14,2,0,,99,0
U0983,2023-01-01,free,Education,1-10,social,USA,2,2,0,,0,0
U0983,2023-02-01,free,Education,1-10,social,USA,1,1,1,5.0,0,0
U0983,2023-03-01,free,Education,1-10,social,USA,2,1,0,,0,0
U0983,2023-04-01,free,Education,1-10,social,USA,2,3,2,,0,0
U0983,2023-05-01,free,Education,1-10,social,USA,3,1,3,3.0,0,0
U0983,2023-06-01,free,Education,1-10,social,USA,3,1,0,,0,0
U0983,2023-07-01,free,Education,1-10,social,USA,2,1,0,,0,0
U0983,2023-08-01,free,Education,1-10,social,USA,2,1,1,,0,0
U0983,2023-09-01,free,Education,1-10,social,USA,4,2,1,,0,0
U0983,2023-10-01,free,Education,1-10,social,USA,3,1,0,,0,0
U0983,2023-11-01,free,Education,1-10,social,USA,1,1,0,8.0,0,0
U0983,2023-12-01,free,Education,1-10,social,USA,4,1,0,,0,0
U0984,2023-01-01,free,Retail,51-200,paid_search,Australia,3,1,1,8.0,0,0
U0984,2023-02-01,free,Retail,51-200,paid_search,Australia,3,1,0,,0,0
U0984,2023-03-01,free,Retail,51-200,paid_search,Australia,4,4,1,,0,0
U0984,2023-04-01,free,Retail,51-200,paid_search,Australia,1,2,2,,0,0
U0984,2023-05-01,free,Retail,51-200,paid_search,Australia,3,5,3,,0,0
U0984,2023-06-01,free,Retail,51-200,paid_search,Australia,4,1,1,,0,0
U0984,2023-07-01,free,Retail,51-200,paid_search,Australia,3,1,0,,0,0
U0984,2023-08-01,free,Retail,51-200,paid_search,Australia,2,1,0,6.0,0,0
U0984,2023-09-01,free,Retail,51-200,paid_search,Australia,2,1,3,5.0,0,0
U0984,2023-10-01,free,Retail,51-200,paid_search,Australia,3,1,0,,0,0
U0984,2023-11-01,free,Retail,51-200,paid_search,Australia,1,1,1,,0,0
U0984,2023-12-01,free,Retail,51-200,paid_search,Australia,3,2,3,,0,0
U0985,2023-01-01,pro,Finance,51-200,paid_search,USA,15,6,2,,99,0
U0985,2023-02-01,pro,Finance,51-200,paid_search,USA,15,5,3,,99,0
U0985,2023-03-01,pro,Finance,51-200,paid_search,USA,12,7,0,,99,0
U0985,2023-04-01,pro,Finance,51-200,paid_search,USA,15,7,0,,99,0
U0985,2023-05-01,pro,Finance,51-200,paid_search,USA,12,5,2,,99,0
U0985,2023-06-01,pro,Finance,51-200,paid_search,USA,10,5,0,,99,0
U0985,2023-07-01,pro,Finance,51-200,paid_search,USA,20,6,3,,99,0
U0985,2023-08-01,pro,Finance,51-200,paid_search,USA,17,5,1,,99,0
U0985,2023-09-01,pro,Finance,51-200,paid_search,USA,18,7,2,,99,0
U0985,2023-10-01,pro,Finance,51-200,paid_search,USA,18,6,0,,99,0
U0985,2023-11-01,pro,Finance,51-200,paid_search,USA,12,6,3,,99,0
U0985,2023-12-01,pro,Finance,51-200,paid_search,USA,16,7,2,,99,0
U0986,2023-01-01,starter,SaaS,1-10,referral,India,4,3,0,,29,0
U0986,2023-02-01,starter,SaaS,1-10,referral,India,6,4,0,,29,0
U0987,2023-01-01,starter,Ecommerce,11-50,organic,India,5,1,1,,29,0
U0987,2023-02-01,starter,Ecommerce,11-50,organic,India,8,2,2,,29,0
U0987,2023-03-01,starter,Ecommerce,11-50,organic,India,7,2,1,,29,0
U0987,2023-04-01,starter,Ecommerce,11-50,organic,India,5,1,0,,29,0
U0987,2023-05-01,starter,Ecommerce,11-50,organic,India,5,1,1,,29,0
U0987,2023-06-01,starter,Ecommerce,11-50,organic,India,9,2,0,,29,0
U0987,2023-07-01,starter,Ecommerce,11-50,organic,India,10,3,0,,29,0
U0987,2023-08-01,starter,Ecommerce,11-50,organic,India,10,2,0,,29,0
U0987,2023-09-01,starter,Ecommerce,11-50,organic,India,6,5,3,8.0,29,0
U0987,2023-10-01,starter,Ecommerce,11-50,organic,India,4,2,0,,29,0
U0987,2023-11-01,starter,Ecommerce,11-50,organic,India,11,3,1,,29,0
U0987,2023-12-01,starter,Ecommerce,11-50,organic,India,8,1,0,8.0,29,0
U0988,2023-01-01,starter,Education,1000+,paid_search,Germany,5,2,0,,29,0
U0988,2023-02-01,starter,Education,1000+,paid_search,Germany,6,1,2,,29,0
U0988,2023-03-01,starter,Education,1000+,paid_search,Germany,4,2,0,,29,0
U0988,2023-04-01,starter,Education,1000+,paid_search,Germany,9,1,0,,29,0
U0988,2023-05-01,starter,Education,1000+,paid_search,Germany,14,3,2,8.0,29,0
U0988,2023-06-01,starter,Education,1000+,paid_search,Germany,9,2,1,9.0,29,0
U0988,2023-07-01,starter,Education,1000+,paid_search,Germany,7,4,0,,29,0
U0991,2023-01-01,pro,Education,11-50,direct,USA,20,5,1,,99,0
U0991,2023-02-01,pro,Education,11-50,direct,USA,17,4,1,,99,0
U0991,2023-03-01,pro,Education,11-50,direct,USA,10,6,0,7.0,99,0
U0991,2023-04-01,pro,Education,11-50,direct,USA,16,4,0,,99,0
U0991,2023-05-01,pro,Education,11-50,direct,USA,18,7,2,,99,0
U0991,2023-06-01,pro,Education,11-50,direct,USA,20,5,3,,99,0
U0991,2023-07-01,pro,Education,11-50,direct,USA,14,6,0,,99,0
U0991,2023-08-01,pro,Education,11-50,direct,USA,12,6,0,,99,0
U0991,2023-09-01,pro,Education,11-50,direct,USA,21,5,0,,99,0
U0991,2023-10-01,pro,Education,11-50,direct,USA,14,8,0,,99,0
U0991,2023-11-01,pro,Education,11-50,direct,USA,27,6,0,,99,0
U0991,2023-12-01,pro,Education,11-50,direct,USA,18,5,3,,99,0
U0993,2023-01-01,free,Healthcare,11-50,paid_search,India,2,1,0,,0,0
U0995,2023-01-01,free,SaaS,1-10,organic,Australia,4,1,0,,0,0
U0996,2023-01-01,free,SaaS,51-200,organic,USA,1,1,1,3.0,0,0
U0996,2023-02-01,free,SaaS,51-200,organic,USA,3,1,1,,0,0
U0996,2023-03-01,free,SaaS,51-200,organic,USA,1,2,2,,0,0
U0996,2023-04-01,free,SaaS,51-200,organic,USA,2,3,1,,0,0
U0996,2023-05-01,free,SaaS,51-200,organic,USA,3,1,0,,0,0
U0996,2023-06-01,free,SaaS,51-200,organic,USA,3,1,0,,0,0
U0996,2023-07-01,free,SaaS,51-200,organic,USA,1,2,1,,0,0
U0996,2023-08-01,free,SaaS,51-200,organic,USA,2,1,2,,0,0
U0996,2023-09-01,free,SaaS,51-200,organic,USA,1,1,0,5.0,0,0
U0996,2023-10-01,free,SaaS,51-200,organic,USA,2,1,1,,0,0
U0996,2023-11-01,free,SaaS,51-200,organic,USA,1,1,1,,0,0
U0996,2023-12-01,free,SaaS,51-200,organic,USA,2,2,1,,0,0
U0997,2023-01-01,enterprise,Healthcare,11-50,organic,USA,26,10,0,9.0,399,0
U0997,2023-02-01,enterprise,Healthcare,11-50,organic,USA,43,10,0,,399,0
U0997,2023-03-01,enterprise,Healthcare,11-50,organic,USA,25,10,0,8.0,399,0
U0997,2023-04-01,enterprise,Healthcare,11-50,organic,USA,50,10,0,,399,0
U0997,2023-05-01,enterprise,Healthcare,11-50,organic,USA,48,8,0,,399,0
U0997,2023-06-01,enterprise,Healthcare,11-50,organic,USA,30,10,0,,399,0
U0997,2023-07-01,enterprise,Healthcare,11-50,organic,USA,27,10,1,,399,0
U0997,2023-08-01,enterprise,Healthcare,11-50,organic,USA,12,10,0,,399,0
U0997,2023-09-01,enterprise,Healthcare,11-50,organic,USA,29,10,0,,399,0
U0997,2023-10-01,enterprise,Healthcare,11-50,organic,USA,41,10,0,,399,0
U0997,2023-11-01,enterprise,Healthcare,11-50,organic,USA,27,10,0,,399,0
U0997,2023-12-01,enterprise,Healthcare,11-50,organic,USA,33,10,0,,399,0
U0998,2023-01-01,free,Healthcare,201-1000,organic,Australia,3,1,1,,0,0
U0998,2023-02-01,free,Healthcare,201-1000,organic,Australia,3,2,1,,0,0
U0998,2023-03-01,free,Healthcare,201-1000,organic,Australia,4,3,0,,0,0
U0998,2023-04-01,free,Healthcare,201-1000,organic,Australia,2,1,0,,0,0
U0998,2023-05-01,free,Healthcare,201-1000,organic,Australia,1,1,1,,0,0
U0998,2023-06-01,free,Healthcare,201-1000,organic,Australia,1,1,1,,0,0
U0998,2023-07-01,free,Healthcare,201-1000,organic,Australia,1,1,1,,0,0
U0998,2023-08-01,free,Healthcare,201-1000,organic,Australia,2,1,1,,0,0
U0998,2023-09-01,free,Healthcare,201-1000,organic,Australia,3,3,0,9.0,0,0
U0998,2023-10-01,free,Healthcare,201-1000,organic,Australia,3,4,2,5.0,0,0
U0998,2023-11-01,free,Healthcare,201-1000,organic,Australia,2,1,1,,0,0
U0998,2023-12-01,free,Healthcare,201-1000,organic,Australia,2,1,0,,0,0
U0999,2023-01-01,enterprise,Finance,201-1000,paid_search,Canada,31,10,0,,399,0
U0999,2023-02-01,enterprise,Finance,201-1000,paid_search,Canada,12,10,0,,399,0
U0999,2023-03-01,enterprise,Finance,201-1000,paid_search,Canada,48,10,2,,399,0
U0999,2023-04-01,enterprise,Finance,201-1000,paid_search,Canada,35,10,1,,399,0
U0999,2023-05-01,enterprise,Finance,201-1000,paid_search,Canada,34,10,0,8.0,399,0
U0999,2023-06-01,enterprise,Finance,201-1000,paid_search,Canada,25,10,1,,399,0
U1000,2023-01-01,starter,Retail,1-10,referral,USA,7,2,1,,29,0
U1000,2023-02-01,starter,Retail,1-10,referral,USA,4,5,1,,29,0
U1000,2023-03-01,starter,Retail,1-10,referral,USA,3,1,1,6.0,29,0
U1000,2023-04-01,starter,Retail,1-10,referral,USA,7,1,2,4.0,29,0
